/*
Navicat MySQL Data Transfer

Source Server         : localhost_3306
Source Server Version : 50617
Source Host           : localhost:3306
Source Database       : japeneselearning

Target Server Type    : MYSQL
Target Server Version : 50617
File Encoding         : 65001

Date: 2016-02-27 21:38:05
*/

SET FOREIGN_KEY_CHECKS=0;

-- ----------------------------
-- Table structure for jl_class
-- ----------------------------
DROP TABLE IF EXISTS `jl_class`;
CREATE TABLE `jl_class` (
  `jl_class_id` char(32) COLLATE utf8_unicode_ci NOT NULL COMMENT '课时id',
  `jl_class_name` varchar(255) COLLATE utf8_unicode_ci NOT NULL COMMENT '课时名称',
  `jl_class_level_id` char(32) COLLATE utf8_unicode_ci NOT NULL COMMENT '课程绑定的等级id',
  `jl_class_level_name` varchar(255) COLLATE utf8_unicode_ci NOT NULL COMMENT '课程绑定的等级name',
  `jl_index` int(16) NOT NULL COMMENT '排序',
  PRIMARY KEY (`jl_class_id`,`jl_class_level_id`)
) ENGINE=InnoDB DEFAULT CHARSET=utf8 COLLATE=utf8_unicode_ci;

-- ----------------------------
-- Records of jl_class
-- ----------------------------
INSERT INTO `jl_class` VALUES ('01FDFF2EE6CDEAF8', '第三十课', '2186DC5F869F0503', '标准日本语初级', '29');
INSERT INTO `jl_class` VALUES ('021ED0779AD66FFF', '第三十课', '338AB58F6AE26C42', '标准日本语中级', '77');
INSERT INTO `jl_class` VALUES ('03CFB4FCDCEC7629', '第二十三课', 'C9FEF61C9EF58CE8', '标准日本语高级', '102');
INSERT INTO `jl_class` VALUES ('045F13F9FBE66994', '第二十一课', '338AB58F6AE26C42', '标准日本语中级', '68');
INSERT INTO `jl_class` VALUES ('057AADDE0F6CE751', '第四课', 'C9FEF61C9EF58CE8', '标准日本语高级', '83');
INSERT INTO `jl_class` VALUES ('05F18CE9A5085EE0', '第十九课', '338AB58F6AE26C42', '标准日本语中级', '66');
INSERT INTO `jl_class` VALUES ('07FF15161F8834D0', '第四十八课', '2186DC5F869F0503', '标准日本语初级', '47');
INSERT INTO `jl_class` VALUES ('0C1BB8EF80985A87', '第三十三课', '2186DC5F869F0503', '标准日本语初级', '32');
INSERT INTO `jl_class` VALUES ('117F3F00E08406AC', '第四课', '2186DC5F869F0503', '标准日本语初级', '3');
INSERT INTO `jl_class` VALUES ('15D73C404D384B32', '第三十六课', '2186DC5F869F0503', '标准日本语初级', '35');
INSERT INTO `jl_class` VALUES ('15EB12CCAA402861', '第十三课', 'C9FEF61C9EF58CE8', '标准日本语高级', '92');
INSERT INTO `jl_class` VALUES ('16B30FDBE23DBEC3', '第十七课', '2186DC5F869F0503', '标准日本语初级', '16');
INSERT INTO `jl_class` VALUES ('16D3FC5C4F4C50FF', '第三十二课', '338AB58F6AE26C42', '标准日本语中级', '79');
INSERT INTO `jl_class` VALUES ('1734EBB0C38EAB9C', '第九课', 'C9FEF61C9EF58CE8', '标准日本语高级', '88');
INSERT INTO `jl_class` VALUES ('189BFFD6A80BE4F8', '第十五课', '338AB58F6AE26C42', '标准日本语中级', '62');
INSERT INTO `jl_class` VALUES ('1D586D9D1E519F51', '第七课', '338AB58F6AE26C42', '标准日本语中级', '54');
INSERT INTO `jl_class` VALUES ('1E33AFE1BE7BF8B0', '第十二课', 'C9FEF61C9EF58CE8', '标准日本语高级', '91');
INSERT INTO `jl_class` VALUES ('1FF07A380F0E4C23', '第二十课', '338AB58F6AE26C42', '标准日本语中级', '67');
INSERT INTO `jl_class` VALUES ('23C3632DB78FC68D', '第六课', 'C9FEF61C9EF58CE8', '标准日本语高级', '85');
INSERT INTO `jl_class` VALUES ('26EBFD4F2855CC56', '第十一课', '2186DC5F869F0503', '标准日本语初级', '10');
INSERT INTO `jl_class` VALUES ('3008AC7055B1F420', '第二十九课', '338AB58F6AE26C42', '标准日本语中级', '76');
INSERT INTO `jl_class` VALUES ('30F01CB5EF64C793', '第七课', '2186DC5F869F0503', '标准日本语初级', '6');
INSERT INTO `jl_class` VALUES ('329685CEC5BACC1E', '第二十四课', '338AB58F6AE26C42', '标准日本语中级', '71');
INSERT INTO `jl_class` VALUES ('32F0252F6526B44D', '第四十三课', '2186DC5F869F0503', '标准日本语初级', '42');
INSERT INTO `jl_class` VALUES ('3809055A61E5137B', '第九课', '2186DC5F869F0503', '标准日本语初级', '8');
INSERT INTO `jl_class` VALUES ('39A948AC1B316420', '第五课', '2186DC5F869F0503', '标准日本语初级', '4');
INSERT INTO `jl_class` VALUES ('3AB71705160CE282', '第七课', 'C9FEF61C9EF58CE8', '标准日本语高级', '86');
INSERT INTO `jl_class` VALUES ('3D1CD54A1EF98BF5', '第四十一课', '2186DC5F869F0503', '标准日本语初级', '40');
INSERT INTO `jl_class` VALUES ('455F0E61D143585E', '第十一课', 'C9FEF61C9EF58CE8', '标准日本语高级', '90');
INSERT INTO `jl_class` VALUES ('4A0095AE1A34869A', '第二十五课', '2186DC5F869F0503', '标准日本语初级', '24');
INSERT INTO `jl_class` VALUES ('4A0DAFF88D198F32', '第四课', '338AB58F6AE26C42', '标准日本语中级', '51');
INSERT INTO `jl_class` VALUES ('4C3B7B4C3953368C', '第十六课', '338AB58F6AE26C42', '标准日本语中级', '63');
INSERT INTO `jl_class` VALUES ('4E8011325C560697', '第一课', '2186DC5F869F0503', '标准日本语初级', '0');
INSERT INTO `jl_class` VALUES ('4EA5515B4B6DC3FC', '第十三课', '338AB58F6AE26C42', '标准日本语中级', '60');
INSERT INTO `jl_class` VALUES ('4F6E7BE0063BF862', '第八课', '338AB58F6AE26C42', '标准日本语中级', '55');
INSERT INTO `jl_class` VALUES ('53D9A724DD6F152C', '第四十四课', '2186DC5F869F0503', '标准日本语初级', '43');
INSERT INTO `jl_class` VALUES ('5491BB05E6440231', '第二十八课', '2186DC5F869F0503', '标准日本语初级', '27');
INSERT INTO `jl_class` VALUES ('555BA4813C2BE35E', '第三十二课', '2186DC5F869F0503', '标准日本语初级', '31');
INSERT INTO `jl_class` VALUES ('58572FF88F4E9D3F', '第二十七课', '338AB58F6AE26C42', '标准日本语中级', '74');
INSERT INTO `jl_class` VALUES ('58BAEA21C587AB7D', '第二十四课', 'C9FEF61C9EF58CE8', '标准日本语高级', '103');
INSERT INTO `jl_class` VALUES ('58D08E4B784D012F', '第二十七课', '2186DC5F869F0503', '标准日本语初级', '26');
INSERT INTO `jl_class` VALUES ('5BDA8C13851F8D27', '第五课', 'C9FEF61C9EF58CE8', '标准日本语高级', '84');
INSERT INTO `jl_class` VALUES ('5C0F074931E212CC', '第二十一课', '2186DC5F869F0503', '标准日本语初级', '20');
INSERT INTO `jl_class` VALUES ('5C45F54F3F532AB0', '第二十六课', '338AB58F6AE26C42', '标准日本语中级', '73');
INSERT INTO `jl_class` VALUES ('5F8595DC86B89AFB', '第三十一课', '2186DC5F869F0503', '标准日本语初级', '30');
INSERT INTO `jl_class` VALUES ('602B85A27A89F6F4', '第十八课', 'C9FEF61C9EF58CE8', '标准日本语高级', '97');
INSERT INTO `jl_class` VALUES ('6092F629D9151082', '第二十课', '2186DC5F869F0503', '标准日本语初级', '19');
INSERT INTO `jl_class` VALUES ('61C1C8D9B043320B', '第二十二课', 'C9FEF61C9EF58CE8', '标准日本语高级', '101');
INSERT INTO `jl_class` VALUES ('623D73458E846EE7', '第三十九课', '2186DC5F869F0503', '标准日本语初级', '38');
INSERT INTO `jl_class` VALUES ('638B1CD13AE4AB06', '第十七课', '338AB58F6AE26C42', '标准日本语中级', '64');
INSERT INTO `jl_class` VALUES ('670557250FD3D1A3', '第三十八课', '2186DC5F869F0503', '标准日本语初级', '37');
INSERT INTO `jl_class` VALUES ('69D7BDD8AB305DA1', '第五课', '338AB58F6AE26C42', '标准日本语中级', '52');
INSERT INTO `jl_class` VALUES ('6DA21B8991604E64', '第四十六课', '2186DC5F869F0503', '标准日本语初级', '45');
INSERT INTO `jl_class` VALUES ('6F88B7984B6E72AA', '第二十四课', '2186DC5F869F0503', '标准日本语初级', '23');
INSERT INTO `jl_class` VALUES ('6FC489150655EA99', '第三课', '338AB58F6AE26C42', '标准日本语中级', '50');
INSERT INTO `jl_class` VALUES ('73C535D3CCF1B639', '第二十五课', '338AB58F6AE26C42', '标准日本语中级', '72');
INSERT INTO `jl_class` VALUES ('75B3769B81DC332F', '第十四课', '338AB58F6AE26C42', '标准日本语中级', '61');
INSERT INTO `jl_class` VALUES ('76BA20FE199B0157', '第六课', '338AB58F6AE26C42', '标准日本语中级', '53');
INSERT INTO `jl_class` VALUES ('76DF925529EB153E', '第三十一课', '338AB58F6AE26C42', '标准日本语中级', '78');
INSERT INTO `jl_class` VALUES ('785A27B8EF8FDE03', '第二十九课', '2186DC5F869F0503', '标准日本语初级', '28');
INSERT INTO `jl_class` VALUES ('78AFF46B36DCBBC1', '第三十四课', '2186DC5F869F0503', '标准日本语初级', '33');
INSERT INTO `jl_class` VALUES ('7D78B3CD7A1777FC', '第十九课', '2186DC5F869F0503', '标准日本语初级', '18');
INSERT INTO `jl_class` VALUES ('81FE17AC5DBAE8EB', '第十课', '2186DC5F869F0503', '标准日本语初级', '9');
INSERT INTO `jl_class` VALUES ('8377D9FF6994BEB2', '第二课', '2186DC5F869F0503', '标准日本语初级', '1');
INSERT INTO `jl_class` VALUES ('83F54A28D2A512CD', '第十三课', '2186DC5F869F0503', '标准日本语初级', '12');
INSERT INTO `jl_class` VALUES ('89C37579C153161E', '第十二课', '338AB58F6AE26C42', '标准日本语中级', '59');
INSERT INTO `jl_class` VALUES ('8A6C251024771D43', '第九课', '338AB58F6AE26C42', '标准日本语中级', '56');
INSERT INTO `jl_class` VALUES ('960EA683383B3BA6', '第十一课', '338AB58F6AE26C42', '标准日本语中级', '58');
INSERT INTO `jl_class` VALUES ('9B6B04E15B67DB0F', '第十九课', 'C9FEF61C9EF58CE8', '标准日本语高级', '98');
INSERT INTO `jl_class` VALUES ('A32305E40A4CB807', '第十五课', 'C9FEF61C9EF58CE8', '标准日本语高级', '94');
INSERT INTO `jl_class` VALUES ('A65B80B2369DA693', '第四十五课', '2186DC5F869F0503', '标准日本语初级', '44');
INSERT INTO `jl_class` VALUES ('A709A010A089416D', '第三十五课', '2186DC5F869F0503', '标准日本语初级', '34');
INSERT INTO `jl_class` VALUES ('AA201FD964F99EE4', '第十课', '338AB58F6AE26C42', '标准日本语中级', '57');
INSERT INTO `jl_class` VALUES ('ABC6FA7438A04541', '第十八课', '338AB58F6AE26C42', '标准日本语中级', '65');
INSERT INTO `jl_class` VALUES ('AEA5C5F658F23202', '第三十七课', '2186DC5F869F0503', '标准日本语初级', '36');
INSERT INTO `jl_class` VALUES ('AEEAE34F1DB019D5', '第十八课', '2186DC5F869F0503', '标准日本语初级', '17');
INSERT INTO `jl_class` VALUES ('AF2518D6F15596F5', '第二十二课', '2186DC5F869F0503', '标准日本语初级', '21');
INSERT INTO `jl_class` VALUES ('B3FF2B9DDC740413', '第四十课', '2186DC5F869F0503', '标准日本语初级', '39');
INSERT INTO `jl_class` VALUES ('B58DC69F480EBBB0', '第二十三课', '338AB58F6AE26C42', '标准日本语中级', '70');
INSERT INTO `jl_class` VALUES ('BE4E9B361FCEDE05', '第二课', '338AB58F6AE26C42', '标准日本语中级', '49');
INSERT INTO `jl_class` VALUES ('C2824ED5B5E81097', '第十二课', '2186DC5F869F0503', '标准日本语初级', '11');
INSERT INTO `jl_class` VALUES ('C832E4B02E7050D3', '第六课', '2186DC5F869F0503', '标准日本语初级', '5');
INSERT INTO `jl_class` VALUES ('C8F844267ECA4F3A', '第三课', '2186DC5F869F0503', '标准日本语初级', '2');
INSERT INTO `jl_class` VALUES ('C9CCCC54B256FC63', '第十四课', '2186DC5F869F0503', '标准日本语初级', '13');
INSERT INTO `jl_class` VALUES ('CA57CC069865439B', '第二课', 'C9FEF61C9EF58CE8', '标准日本语高级', '81');
INSERT INTO `jl_class` VALUES ('CB4E4711F5E35515', '第二十八课', '338AB58F6AE26C42', '标准日本语中级', '75');
INSERT INTO `jl_class` VALUES ('CF0CFB34DF6D7F2F', '第十课', 'C9FEF61C9EF58CE8', '标准日本语高级', '89');
INSERT INTO `jl_class` VALUES ('D05AE3B0E48948FA', '第十六课', 'C9FEF61C9EF58CE8', '标准日本语高级', '95');
INSERT INTO `jl_class` VALUES ('D2BB8409FFC9C5E4', '第一课', 'C9FEF61C9EF58CE8', '标准日本语高级', '80');
INSERT INTO `jl_class` VALUES ('D88FAAD389E11571', '第二十二课', '338AB58F6AE26C42', '标准日本语中级', '69');
INSERT INTO `jl_class` VALUES ('DDC1F89951E9D2BE', '第四十二课', '2186DC5F869F0503', '标准日本语初级', '41');
INSERT INTO `jl_class` VALUES ('DED8B09D145EECA5', '第八课', 'C9FEF61C9EF58CE8', '标准日本语高级', '87');
INSERT INTO `jl_class` VALUES ('E1550D35E9A6DAE3', '第四十七课', '2186DC5F869F0503', '标准日本语初级', '46');
INSERT INTO `jl_class` VALUES ('E1FB3F6BAD791828', '第二十三课', '2186DC5F869F0503', '标准日本语初级', '22');
INSERT INTO `jl_class` VALUES ('E3046E0A69D0574A', '第八课', '2186DC5F869F0503', '标准日本语初级', '7');
INSERT INTO `jl_class` VALUES ('E5C334A356B3044C', '第十七课', 'C9FEF61C9EF58CE8', '标准日本语高级', '96');
INSERT INTO `jl_class` VALUES ('E85C84498A29908F', '第二十六课', '2186DC5F869F0503', '标准日本语初级', '25');
INSERT INTO `jl_class` VALUES ('EE7AA3A171E80EEF', '第三课', 'C9FEF61C9EF58CE8', '标准日本语高级', '82');
INSERT INTO `jl_class` VALUES ('F08ADF7D5AF801B4', '第十四课', 'C9FEF61C9EF58CE8', '标准日本语高级', '93');
INSERT INTO `jl_class` VALUES ('F21910853BB99DD0', '第二十一课', 'C9FEF61C9EF58CE8', '标准日本语高级', '100');
INSERT INTO `jl_class` VALUES ('F3C87745CEF614B3', '第十五课', '2186DC5F869F0503', '标准日本语初级', '14');
INSERT INTO `jl_class` VALUES ('F5957C00A8B967C9', '第十六课', '2186DC5F869F0503', '标准日本语初级', '15');
INSERT INTO `jl_class` VALUES ('FB672945F910447F', '第一课', '338AB58F6AE26C42', '标准日本语中级', '48');
INSERT INTO `jl_class` VALUES ('FC820E6BCF4716ED', '第二十课', 'C9FEF61C9EF58CE8', '标准日本语高级', '99');

-- ----------------------------
-- Table structure for jl_cms_user
-- ----------------------------
DROP TABLE IF EXISTS `jl_cms_user`;
CREATE TABLE `jl_cms_user` (
  `jl_user_id` char(32) COLLATE utf8_unicode_ci NOT NULL COMMENT '用户id',
  `jl_user_name` varchar(100) COLLATE utf8_unicode_ci NOT NULL COMMENT '用户名',
  `jl_password` varchar(30) COLLATE utf8_unicode_ci NOT NULL COMMENT '用户密码',
  PRIMARY KEY (`jl_user_id`)
) ENGINE=InnoDB DEFAULT CHARSET=utf8 COLLATE=utf8_unicode_ci;

-- ----------------------------
-- Records of jl_cms_user
-- ----------------------------
INSERT INTO `jl_cms_user` VALUES ('44CD71F21BC4919E', 'admin', '123456');
INSERT INTO `jl_cms_user` VALUES ('F49F1D651D4432A0', 'akira', 'guoluxiao');

-- ----------------------------
-- Table structure for jl_grammar
-- ----------------------------
DROP TABLE IF EXISTS `jl_grammar`;
CREATE TABLE `jl_grammar` (
  `jl_grammar_id` char(32) COLLATE utf8_unicode_ci NOT NULL COMMENT '语法id',
  `jl_grammar_class_id` char(32) COLLATE utf8_unicode_ci NOT NULL COMMENT '语法的课时绑定id',
  `jl_grammar_pattern` varchar(255) COLLATE utf8_unicode_ci NOT NULL COMMENT '语法句式',
  `jl_grammar_explain` longtext COLLATE utf8_unicode_ci NOT NULL COMMENT '语法解释',
  `jl_grammar_example` longtext COLLATE utf8_unicode_ci NOT NULL COMMENT '语法例句',
  `jl_grammar_index` int(32) NOT NULL,
  PRIMARY KEY (`jl_grammar_id`)
) ENGINE=InnoDB DEFAULT CHARSET=utf8 COLLATE=utf8_unicode_ci;

-- ----------------------------
-- Records of jl_grammar
-- ----------------------------
INSERT INTO `jl_grammar` VALUES ('006ABA7A28961697', '01FDFF2EE6CDEAF8', '【表达及词语讲解】行楽地', '众人去游览的名胜古迹，设有旅游设施以及娱乐设施的场所，在日语中统称为“行楽地（景点）”，在日本，当春季樱花盛开、秋季红叶烂漫，或者黄金周和盂兰盆会前后的连休时，“行楽地”到处都是人山人海，去“行楽地”的汽车往往把附近的公路堵得水泄不通。\n', '', '187');
INSERT INTO `jl_grammar` VALUES ('007324DC3BB8F716', '785A27B8EF8FDE03', '动词て形／ないで', '“动词て形”“动词ない形+で”是日常生活中经常使用的表示祈使的说法，\n\n不论男性、女性都经常使用，但一般用于关系亲密的人之间。\n\n“命令形”“～なさい”“～な”和“～て／～ないで”相比，使用的范围很有限。\n\n前三者一般限于上下、尊卑关系非常明确的非正式场合，不过， 在紧急情况下，对上级或尊长也可以说“逃げろ（快逃）”。\n\n另外，虽然是在紧急情况下，但要求对方求助、帮助自己时也不能用命令形而用“动词て形”，比如“助けて（救命）”。\n\n', '●もうちょっと　急いで。（再稍微快一点！）\n\n●ちゃんと話を聞いて。（好好地听我说话！）\n\n●遠慮しないで。（别客气！）\n', '173');
INSERT INTO `jl_grammar` VALUES ('00B2C2C724089054', '0C1BB8EF80985A87', '动词／形容词そうです', '用于描述说话人对某种事物样态的观感或根据某种情形推测事态的发展。\n\n接续方式为：\n动词--＞去掉ます+そうです\n形容词1类--＞去掉い+そうです\n形容词2类--＞+そうです\n\n◆このケーキはおいしそうです。（蛋糕看上去很好吃）\n◆李さんは仕事が大変そうですね。（小李的工作好像很不容易。）\n\n表示否定时，前接形容词时用“～そうではありません”的形式，而前接动词时用“～そうにありません”的形式。\n◆雨はやみそうにありません。（雨看上去不像要停的样子）\n\n另外，前接“ない”和“いい”这两个双音节词时，情况特殊\nない--＞なさそうです\nいい--＞よさそうです\n◆今日は会議がなさそうです。（今天好像没有。）\n◆この本はとてもよさそうです。（这本书好像很不错。）\n\n“～そうです”不仅用于句尾，还用于名词、动词的前面。用于名词前面时用“～そうな”的形式，用于动词前面时用“～そうに”的形式。\n◆おいしそうなケーキですね。（这蛋糕看上去真好吃啊。）\n◆子供たちは楽しそうに遊んでいます。（孩子们在快乐地玩儿着。）\n', '◆このケーキはおいしそうです。（蛋糕看上去很好吃）\n◆李さんは仕事が大変そうですね。（小李的工作好像很不容易。）\n\n◆雨はやみそうにありません。（雨看上去不像要停的样子）\n\n◆今日は会議がなさそうです。（今天好像没有。）\n◆この本はとてもよさそうです。（这本书好像很不错。）\n\n◆おいしそうなケーキですね。（这蛋糕看上去真好吃啊。）\n◆子供たちは楽しそうに遊んでいます。（孩子们在快乐地玩儿着。）\n', '206');
INSERT INTO `jl_grammar` VALUES ('0198D649AB297AAC', 'C832E4B02E7050D3', '名【人】　と　动', '共同做某事的对象用助词“と”表示。\n', '（１）小野さんは　友達と　帰りました。（小野女士和朋友一块儿回去了。）\n（２）李さんは　だれと　日本へ　来ましたか。（小李和谁一块儿来日本的？）', '29');
INSERT INTO `jl_grammar` VALUES ('025006C53A96453A', '5F8595DC86B89AFB', '小句（简体形） でしょう', '疑问句的另一种说法，比一般的疑问句的礼貌程度要高。\n', '李さんは来るでしょうか＝李さんは来ますか。（小李来吗？）\n罵さんはもう帰ったでしょうか＝罵さんはもう帰りましたか。（小马已经回家了吗？）\n三月の東京は寒いでしょうか。 （3月的东京冷吗？）\nこれは中国のお菓子でしょうか。（这是中国式的点心吗？）\n', '192');
INSERT INTO `jl_grammar` VALUES ('02931C7E2AAA3541', '555BA4813C2BE35E', '【表达及词语讲解】～てほしい（表示对他人愿望）', '第17课学习了表示愿望的“～たい”。“～たい”表示说话人自己想做某事的愿望，而表示希望别人去做某事时，则用“～てほしい”。但是，这种表达方式礼貌程度较低，因而不能对长辈或上级直接使用。\n', '☆ （介绍者是说话人自己）先生にわたしの友達を紹介したいです。（我想把我的朋友介绍给老师。）\n☆ （介绍者是田中）田中さんに日本人の友達を紹介してほしいです。（想请田中先生给我介绍日本朋友。）\n☆ すみません、ちょっと手伝ってほしいんですが…。（对不起，请帮我一下忙好吗。）\n', '201');
INSERT INTO `jl_grammar` VALUES ('037A953C8FCB83D5', 'DDC1F89951E9D2BE', '【表达及词语讲解】 おととい送ったんですものね', '句尾形式“～ですもの”表示原因、理由。一般用于关系密切的人之间。与“～ですから”相比，“～ですもの”语气较弱。主要用于表示与说话人本身相关的理由。因此常常具有一种申明自己的行为是正当的语感。使用者多为女性。\n\n应用课文中，小李认为自己一方确实已经寄出了文件，对方不可能没有收到，因此使用了“おととい送ったんですものね（前天寄出去的嘛）”。\n◆ 〔田中（甲）跟女同事（乙）说话〕\n　甲：今月から給料が上がったそうですね。（听说从这个月开始涨工资了呀。）\n　乙：こんなにたくさん仕事しているんですもの。当然でしょう。（工作量这么大，当然（应该涨）啦！）\n\n小孩子和部分女性使用“～ですもの”的简体形式“～だもの”时，常发音为“～だもん”。与“～ですもの”“～だもの”相比，“～だもん”有一种撒娇的语感。\n◆ 〔母亲（甲）问孩子（乙）〕\n　甲：どうして宿題しないの？（为什么不做作业？）\n　乙：学校にノートを忘れちゃったんだもん。（把作业本忘在学校了嘛。）\n\n', '', '279');
INSERT INTO `jl_grammar` VALUES ('03D854D052AD448B', '01FDFF2EE6CDEAF8', '小句1ので，小句2', 'ので表示原因，理由，可以接在简体后，也可以接在敬体后，但接简体形较多。“小句1”为二类形容词小句和名词小句时，将其简体形的“だ”变为“な”再加“ので”，成“な+ので”的形式。\n\n注：“~ので”和“~から”相比，较为礼貌郑重，所以多用于正式场合。口语中往往发成“~んで”。\n“小句2”表示提议时，必须使用“~から”。\n\n', '①.荷物が重いので、宅配便で送ります。（行李很重，所以用送货上门的方式送达）\n\n②.香港からお客さんが来るので、空港へ迎えに行きます。（有客户从香港来，我要去机场迎接）\n\n③.電車が遅れたんで、遅刻しました。すみません。（电车晚点我迟到了，对不起）\n　電車が遅れたから、遅刻しました。すみません。（因为电车晚点，所以我迟到了，对不起；这句更强调理由）\n\n④.もう時間がないから、早く行こうよ。（已经没有时间了，快走吧）\n　もう時間がないので、早く行こうよ。这里是提议“快走吧”所以用~から。\n\n', '181');
INSERT INTO `jl_grammar` VALUES ('03EE704FC62DCA05', 'B3FF2B9DDC740413', '动 ところです', '表示动作处于某种阶段。\n', '（１）动（基本型） ところです（表示动作即将进行）\n◆ これから友達と食事に行くところです 。（我正要和朋友一起去吃饭。)\n\n（２）动+ ているところです （表示动作持续）\n◆ 本を読んでいるところです。（正在看书。)\n\n（３）动+ たところです　　（表示动作或事件刚刚结束)\n◆ さっき、家に帰ってきたところです。（刚刚回到家。)\n', '256');
INSERT INTO `jl_grammar` VALUES ('04644495B4538209', '5491BB05E6440231', '动てくれます', '句型：名１は名２に动てくれます\nごみを出してくれますか。／帮我倒一下垃圾好吗?\n（＝あなたは私にごみを出してくれますか。可以省略「あなた」「わたし」）\nいいですよ。好的。\n\n请求别人帮助时，用「～てくれませんか」比「～てくれますか」更加礼貌，客气。\n森君、この手紙をコピーしてくれませんか。森,能帮我把这封信复印一下吗?', '女の子が私の財布を拾ってくれました。／（一位妇女帮我捡起了钱包。)\n友達が面白い本を教えてくれました。／（朋友介绍我了一本有趣的书。)\n', '167');
INSERT INTO `jl_grammar` VALUES ('06C3DD51F4614C57', 'F5957C00A8B967C9', '二类型で二类型[并列]', '两个以上二类形容词并列使用时，使用二类形容词的“て形”。二类形容词的“て形”是“二类形容词＋で”的形式。一类形容词和二类形容词也可以连接使用。\n', '（１）このコンピュータの操作は簡単で便利です。（这台电脑用起来既简单又方便。）\n（２）森さんは親切で優しいです。（森先生为人热情而和蔼。）\n（３）この公園は静かで広いです。（这个公园安静而宽敞。）\n', '93');
INSERT INTO `jl_grammar` VALUES ('075EF6D9C8CAA402', 'A65B80B2369DA693', '动+ていきます／きました[持续][变化]', '在第39课学过“动词て形+いきます／きます”表示空间移动的用法，今天主要学习其表示从基准时间观察的动作（一直持续或性质，状态）的变化的用法。动作的持续或性质，状态的变化在基准时间以前时用“～てきました”，在基准时间以后时用“～ていきます”。\n', '◆少子化が進んで、日本の人口はだんだん減っていくでしょう。（孩子减少现象日益加剧，日本的人口将会越来越少吧。）\n◆最近、中国へ旅行に行く日本人が増えてきましたね。（最近，到中国旅行的日本人多起来了。）\n', '293');
INSERT INTO `jl_grammar` VALUES ('07A4D4321DEA7E43', '81FE17AC5DBAE8EB', 'どんな　名', '询问人或事物的性质时用“どんな+名词”。“どんな”相当于汉语的“怎么样的”。\n\n参考“何の”和“どんな”：\n\n“何の”有询问内容和材料两种用法。\n例１：何の　本ですか。\n自動車の　本です。\n（什么书？――关于汽车的书。）〈询问内容〉\n\n例２：何の　料理ですか。\n魚の料理です。\n（什么菜啊？――鱼）〈询问材料〉\n\n“どんな”只用于询问性质。\n例１：どんな　本ですか。\nおもしろい　本です。\n（什么样的书？――非常有趣的书。）\n例２：どんな　料理ですか。\nちょっと　からい　料理です。\n（什么样的菜？――有点儿辣的菜。）', '（１）横浜は　どんな　まちですか。（横滨是个什么样的城市？）\nとても　にぎやかな　町です。（是个非常热闹的城市。）\n（２）張さんは　どんな　ひとですか。（小张是什么样的人？）\n親切な　ひとです。（是个很热情的人。）\n\n', '55');
INSERT INTO `jl_grammar` VALUES ('08CBD2BEA13C86B3', '555BA4813C2BE35E', '【表达及词语讲解】～って「“～と”“~と言う人は”的缩略形式」', '重复对方谈话中自己有疑问的部分，并将其当作主题、话题请求解释或提问时使用。这种说法很随便。\n', '☆ 駅から遠いって、何分くらいですか。（你说离车站远，那大概需要多少分钟？）\n☆ 大きいって、どのくらいですか。（大、到底有多大？）\n\n表示引用的“と”的较为随便的说法。\n☆ 「１０時に来ます。」って言っていました。（他说：“10点来。”）\n☆ 「どうもすみません。」って、言われました。（他对我说了句：“どうもすみません”。）\n☆ 今日は風邪で休むって、お伝えてください。（请转告一下，就说我今天感冒请假了。）\n', '202');
INSERT INTO `jl_grammar` VALUES ('09B60B3FF9F4363E', 'E3046E0A69D0574A', '名[工具]　で　动', '第6课学习了表示交通工具的助词“で”。“で”还可以用来表示其他手段以及原材料。\n', '（１）李さんは　日本語で　手紙を　書きます。（小李用日语写信。）\n（２）手紙を　速達で　送りました。（用速递寄了信。）\n（３）新聞紙で　紙飛行機を　作りました。（用报纸折了纸飞机。）\n（４）何で　うどんを　作りますか。（用什么做面条？）\n', '38');
INSERT INTO `jl_grammar` VALUES ('0A48FFF8BB9A9BA2', '8377D9FF6994BEB2', 'この/その/あの　名は　名です', '修饰名词时，要用“この”“その”“あの”。其表示的位置关系与“これ”“それ”“あれ”相同。\n参考：\n如上所示，一般要把“このカメラは　スミスさんのカメラです”“その　自転車は　森さんの自転車です”中重复的名词删掉，成为“この　カメラは　スミスさんのです”“その　自転車は　森さんのです”。\n', '（１） この　カメラは　スミスさんのです。（这个照相机是史密斯先生的。）\n（２） その　自転車は　森さんのです。　　（那辆自行车是森先生的。）\n（３） あの　ノートは　誰のですか。　　　（那个笔记本是谁的？）', '8');
INSERT INTO `jl_grammar` VALUES ('0C0EBED9E3704002', '58D08E4B784D012F', '【词汇表达】「日記」与「日誌」', '二者都表示“日记”之意，「日記」主要用于记载个人的事，「日誌」是文章语，多用于记载一些具有公共性质的事物。如：\n航海日誌（航海日志） 学級日誌（班级日志）\n', '', '158');
INSERT INTO `jl_grammar` VALUES ('0C7F52B19CFE0FB3', '01FDFF2EE6CDEAF8', '动词意志形', '动词意志形是说话人当场表示自已决心，意志的表达形式。这种形式也可以用于表示提议的时候。\n构成方式：\n■一类动词：把基本形最后一个音变成相应的“お”段上的音的长音。\n■二类动词：把基本形的“る”变成“よう”。\n■三类动词：把“来る”变成“来よう”，把“する”变成“しよう”。\n', '①.もう11時だから寝よう。（已经11点了，睡觉吧）\n②.仕事が終わってから，飲みに行こうよ。（工作结束后去喝酒吧）\n③.手伝おうか。（我来帮着做吧）', '178');
INSERT INTO `jl_grammar` VALUES ('0F9617B73A13CAE9', 'B3FF2B9DDC740413', '动 始めます／出します', '表示动作或变化的开始。接续方式：动词ます型\n区别：～始めま：一般用于表示动作,变化开始。\n　　　～出します：偏重于表示突然出现了某种情况。\n', '◆この本は昨日読み始めたばかりです。（这本书我昨天刚开始看。)\n◆雨が降り始めました。（开始下雨了。)\n◆彼が急に怒り出してびっくりしました。（他突然发起火了，把人吓一跳。)\n', '258');
INSERT INTO `jl_grammar` VALUES ('1036CAD9425BFA52', '3809055A61E5137B', 'あまり　ー类形/动（否定）', '“あまり”与后面的否定形式呼应，表示程度不高。\n', '（１）この　スープは　あまり　あつく　ないです。（这个汤不太热。）\n（２）試験は　あまり　難しく　ありませんでした。（考试不太难。）\n', '49');
INSERT INTO `jl_grammar` VALUES ('10436341533F1CBF', 'A65B80B2369DA693', '【表达及词语讲解】～し、～し、', '*接续：简体型或敬体型均可。但要注意形容词词干和名次后要加“だ”，敬体时用“です”。\n*意义：表示几个相同事项的并列。\n', '①李さんは頑張っているし、能力もあるし、いい人ですね。（小李又努力又有能力，是个好人。）\n②牛丼は手軽だし、うまいし、よく食べます。（牛肉饭又便宜又好吃，我经常吃。）\n③この辺は交通の便もいいし、家賃も安いし、住みやすい。（这一带交通又方便，房租又便宜，很适合居住。）\n④仕事が大変ですし、給料も安いし、やめましょうか。（工作又累工资又低，辞了吧。）\n\n', '299');
INSERT INTO `jl_grammar` VALUES ('11CC19C82F6AB9BC', '81FE17AC5DBAE8EB', '名　は　二类形　では　ありませんでは　ありませんでした', '二类形容词做谓语时的否定形式是“二类形容词+では　ありません”。过去形式的否定形式是“では　ありませんでした”。在日语里“では”一般说成“じゃ”。\n', '（１）この　通りは　にぎやかではありません。（这条街不热闹。）\n（２）昨日は　暇じゃありませんでした。（昨天没空。）\n\n', '52');
INSERT INTO `jl_grammar` VALUES ('1386668CDF05D58C', '4E8011325C560697', '应答', '回答疑问句的时候，可以只用“はい”“いいえ\"也可以在“はい”之后加上“そうです”，在“いいえ”之后加上“ちがいます”，即成“はい、そうです”“いいえ、ちがいます”。不知道时用“わかりません（不知道）”。', '森さんは　学生ですか。（森先生是学生吗？）\nはい、そうです。（是，是学生。）\nいいえ、ちがいます。（不，不是。）', '3');
INSERT INTO `jl_grammar` VALUES ('13EFAD99E147CDB8', '3D1CD54A1EF98BF5', '【表达及词语讲解】外来词的造句方式及其使用效果', '日 语中的外来词一部分是把外语中的词汇变成日语词。如“インク　ink”“コンピュータ　computer”。对日本人来说，这样的外来词有一种轻松、含 蓄、新颖的语感，因此能把说话人的意图有效地传达给对方。另外，外来词由于用片假名书写，适当地夹杂在汉字和平假名书写的文章中，能给人一种耳目一新的新 的印象。\n\n', '\n\n', '273');
INSERT INTO `jl_grammar` VALUES ('15B69D08BF4828F1', '3809055A61E5137B', '“を”和“は”', '用“コーヒーを　飲みます（喝咖啡）”中的“を”前面的名词做话题，或者进行对比时，使用第5课、第6课学过的助词“は”，构成“コーヒーは　飲みます”“コーヒーは　飲みますか”“コーヒーは　飲みません”的形式（第5课“语法解释6”，第6课“语法解释6”）。这时候原来的“を”必须去掉，不能变成“×　を　は”的形式。\n', '（１）この　本は　李さんに　もらいました。（这本书从小李那儿得到的） [话题]\n（２）わたしは　コーヒーは　飲みません。（我不喝咖啡。） [对比]\n（３）×　わたしは　コーヒーを　は　飲みません。\n', '48');
INSERT INTO `jl_grammar` VALUES ('172E730D5255AD6F', 'A65B80B2369DA693', '小句１し、小句２し、小句３', '表示“并列的叙述几个事项”，し前面可以是简体型，也可以是敬体型。另外，“小句1，小句2”的主语が多用も代替。\n', '◆休みだし、天気もいいし、どこかに出かけませんか。（今天休息，天气也不错，去哪儿玩儿玩儿吧？）\n◆にぎやかだし、高いビルが多いし、なんか東京に似ていますね。（又繁华，高层建筑又多，总觉得有点儿像东京啊！）\n\n', '295');
INSERT INTO `jl_grammar` VALUES ('1ADF76094EF85F27', '3D1CD54A1EF98BF5', '名は名に名を动（ら）れます', '物主做被动句主语，一般表示该中物的拥有者受到了某种麻烦或损失。\n', '■ 森さんは馬さんのカメラを壊しました。（森先生把小马的照相机弄坏了\n■ 馬さんは森さんにカメラを壊されました。（小马让森先生把照相机给弄坏了)\n■ 李さんは昨日犬に手をかまれました。（小李昨天被狗咬了手)\n■ 森さんは田中さんに本を汚されました。（森先生让田中先生把书给弄脏了)\n', '265');
INSERT INTO `jl_grammar` VALUES ('1C28A2B8DE2F5304', '6F88B7984B6E72AA', '名[人]　は小句（简体形）　と　言いました', '向第三者转述他人所说的话时，在所说的话后加“～と　言いました”。\n\n如果想明确指出是向谁说的，则在句子中加入“名词　+　に”\n小野さんは　李さんに　ちょっと　休みたい　と　言いました。（小野女士跟小李说想休息一下。）\n\n参考：\n如果转述某人反复说起的事情时，用“と　言っています”表示。\n来週の　ハイキングに　張さんも　行きたい　と　言っています。（小张说他也想参加下星期的郊游。）\n\n注意：\n“～と　言いました”及“～と　思います”前面出现名词或二类形容词小句时必须加“だ”。\nあそこは　駅だと　思います。（我想那儿是车站。）\n×あそこ　駅　と　思います。\n', '（１）陳さんは　パーティーに　行く　と　言いました。（老陈说要去参加联欢会。）\n（２）森さんは　中国語の　試験は　難しかった　と　言いました。（林先生说汉语考试很难。）\n', '135');
INSERT INTO `jl_grammar` VALUES ('1DE2AF93D1C4BA45', '4A0095AE1A34869A', '【课文语法】短语做主语 　', '', '私は明日乗る飛行機は中国航空です。\n　\n操作が簡単なパソコンが欲しいです。\n　\nあの窓の所にいる人は誰ですか。\n　\nこの会社で歌が一番上手な人は誰ですか。', '145');
INSERT INTO `jl_grammar` VALUES ('1EC75F767151D6FC', '5491BB05E6440231', '动词てあげます', '～あげます：给他人物品。 ～てあげあます：为别人做某事。\n\n森さんはお年寄りの荷物を持ってあげました。／森先生帮老年人拿了行李。\n\nお爺さんが孫の本を読んであげました。／爷爷念书给孙子听。\n\n句型：名１は名２に动てあげます。\n', 'この本をあなたに貸してあげます。／我把这本书借给你(长辈对晚辈)。\n\n×このほんを私に貸してあげます。／(注意，这样说是错误的，あげます是给对方/别人，对象语不能是自己/已方。)', '166');
INSERT INTO `jl_grammar` VALUES ('21C58DFFC9EBCDD6', '670557250FD3D1A3', '小句（基本形／ない形） ようにします', '表示努力使某种行为，状况变成现实。\n接续：一般接意志性动词的基本形／ない形\n表示平时留心做某种已经成为习惯的行为时，常用“～ようにしています”。\n', '陳さんは毎日、英字新聞を読むようにしています。（小陈坚持每天看英语报纸。）\n毎朝、七時に起きるようにしています。（每天早上坚持7点钟起床。）\n', '247');
INSERT INTO `jl_grammar` VALUES ('22B6BDEC7EFE2EBC', '15D73C404D384B32', '名词 に', '表示用途时，名词用来说明具体的用途，に 后面一般接「使います」。\n', '◆－この写真は何に使いますか。　　－パスポートの申請に使います 。（这张照片做什么用 ?）（申请护照时用 ）--- に 表示用途\n\n表示基准时， に前面的名词是基准，后面一般是表示评价的形容词。\n◆スーパーが近いので、このマンションは買い物に便利です 。（离超市很近，这个公寓出去购物非常方便。）\n◆この本は、 大人に は易しいです。しかし、子供には難しいです。（这本书对大人来说很容易，可是对孩子来说太难了。）\n', '228');
INSERT INTO `jl_grammar` VALUES ('22E44F8F71FB4A84', 'A709A010A089416D', '【表达及词语讲解】あと～', '“あと”除可后续“少し”以外，还可以后续“１人”“１つ”“３日”等数量词，表示只要再有一个很少的量就可以完成某事或使某事态成立。\n', '▲すみません、あと少しだけ待ってください。（对不起，请稍等片刻。）\n▲出発まであと１０分です。（离出发还有10分钟。）\n', '220');
INSERT INTO `jl_grammar` VALUES ('230ED3FBCE09CCE8', '6F88B7984B6E72AA', '小句　小句　[铺垫]  ', '第16课我们学习了助词“が”表示转折的用法，“が”还可以用提示接下来要说的内容，我们把这种用法叫做“铺垫”。与第22课学过的表示铺垫的“けど”相经，“が”多用于书面语。\n', '（１）東京タワーへ　行きたいんですが、どうやって　行きますか。（我想去东京塔，怎么走好啊？）\n（２）李さんを　さがして　いるんですが、どこに　いますか。（我在找小李，她在哪儿？）\n（３）明日から　連休ですが、どうするか　決めましたか。（从明天开始就是长假了，你想好了怎么过吗？）\n（４）明日から　連休だけど、どうするか　決めた？（从明天开始就是长假了，你想好了怎么过吗？）\n', '137');
INSERT INTO `jl_grammar` VALUES ('2340DE8447CDA2D4', 'AEEAE34F1DB019D5', '一类型　します', '“一类形容词+します”用于因主语的意志性动作，作用而引起事物发生变化的场合。其构成方式是把一类形容词的词尾“い”变成“く”，再加“します”。\n', '（１）テレビの音を大きくします。（把电视机的声音开大一点儿。）\n（２）ジュースを冷たくします。（把果汁冰镇一下。）\n', '105');
INSERT INTO `jl_grammar` VALUES ('24185F3CAC81C953', '785A27B8EF8FDE03', '【表达及词语讲解】祈使,命令', '1.动词命令形.\n\n一类动词(五段动词):把原形的最后一个假名变成相应「え」段上的假名\n　　　　　　　　　　読むー＞読め；言うー＞言え\n二类动词(一段动词):把原形的「る」变成「ろ」\n　　　　　　　　　　答えるー＞答えろ；止めるー＞止めろ\n三类动词(カ变动词,サ变动词)\n　　　　　　　　　　来る「くる」－＞来い「こい」\n　　　　　　　　　　するー＞しろ\n\n2.动词连用形+なさい\n\n　読むー＞読めなさい；　答えるー＞答えなさい\n\n3.动词て形\n　もうちょっと急いで\n　ちゃんと話を聞いて\n\n动词命令形,一般用于上级对下属或长辈对晚辈\n　\n(上级对下属)書類を早く提出しろ\n(长辈对晚辈)早くお風呂に入りなさいーお母さん先に入ってよ', '', '176');
INSERT INTO `jl_grammar` VALUES ('2494487A02E292C0', 'AEA5C5F658F23202', '【表达及词语讲解】２時間ちょっとですね', '意思是“两小时多一点儿”。“～ちょっと”常用于口语，除了可以接在时间词后面之外，还可以接在各种数量词后面。\n', '▲ 給料は１か月２５万円ちょっとです。（工资是每月25万日元多一点儿。）\n▲ 塩は小さじ２杯ちょっと入れます。（盐要加两小匙多一点儿。）\n', '242');
INSERT INTO `jl_grammar` VALUES ('24F89EC75B177D44', '555BA4813C2BE35E', 'ボーナス', '除每月的基本工资以外，另外支付的奖金叫“ボーナス”。在日本，一般是在6月份和年底各支付一次。发奖金期间，各种商店往往举办促销活动。\n', '', '198');
INSERT INTO `jl_grammar` VALUES ('25CC4F4846C42752', '26EBFD4F2855CC56', '名1は　名2　わかります/できます', '“分かります”“できます”“上手です”“下手です”“苦手です”等有关能力的词语也可以以“[名词1]は　[名词2]　が　[动词]ます/ [一类形容词/二类形容词]　です”的句型使用。', '（１）スミスさんは　韓国語　が　分かります。（史密斯先生懂韩语。）\n（２）わたしは　コンピュータ　が　できません。（我不会用电脑。）\n（３）小野さんは　料理　が　上手です。（小野女士擅长做饭。）', '59');
INSERT INTO `jl_grammar` VALUES ('26EF0CF7F8358FC2', 'F3C87745CEF614B3', '名[目的地]に　动', '第6课我们学习了表示移动行为的目的地的助词“へ”（第6课语法解释1）。移动行为的目的地既可以用“へ”表示，也可以用“に”表示。\n\n参考：“に”和“へ”\n“に”的用法有：\n表示存在的场所，如“公園にベンチがあります。（公园里有长椅。）”（第4课语法解释1）\n表示时间，如“５時に帰ります。（5点回家。）”（第5课语法解释3）\n表示动作的对象，如“友達に会います。（和朋友见面。）”（第8课语法解释4）\n表示移动行为的目的，如“本を買いに行きます。（去买书。）”（第13课语法解释5）\n表示附着点，如“車に乗ります。”（本课语法解释4）。\n这些用法不能用“へ”来替换，只有表示“行きます”“来ます”“帰ります”等典型的移动动词的目的地时，“に”和“へ”才可以通用。\n\n', '（１）李さんは病院に行きます。（小李去医院。）\n（２）李さんは家に帰りました。（小李回家了。）\n', '91');
INSERT INTO `jl_grammar` VALUES ('2742E65E6327C951', 'C9CCCC54B256FC63', '「补充知识」もう', '「もう」是副词，有以下三个含义。\n接在数量词或部分副词后面，表示追加，相当于汉语的“再……”“还……”的意思。\n\n注意：此时「もう」的音调为０调。\n\n表示“已经”的意思。\n（１）もう遅い。（已经晚了。）\n（２）もう帰りました。（已经回去了。）\n（３）もう帰ってもいいですか。（已经可以回去了吗？）\nはい、帰ってもいいです。（是的，可以回去了。）\nいいえ、まだ帰ってはいけません。（不，还不能回去。）\n\n表示“马上就要……”“快要……”的意思。\n（１）もう来るでしょう。（快要来了吧！）\n（２）もう会社を出ますか。（这就要下班走了吗？）\n注意：以上两种用法中「もう」的音调为１调。', '（１）もう一ついかがでしょうか。（请再来一个怎样？）\n（２）ビールをもう一本ください。（请再来一瓶啤酒。）\n（３）もう少しお茶がほしいです。（还想要点儿茶。）\n', '86');
INSERT INTO `jl_grammar` VALUES ('28A0A23C3F634C85', '5F8595DC86B89AFB', '形容词的副词性用法', '通俗地说：就是将形容词变得像副词一样，可以修饰动词啦。\n\n规则：\n一类形容词——形容词词干+（い－－く）\n早い—早く／——／ 大きい—大きく\n\n二类形容词——形容动词词干+に\n上手—上手に ／——／ 静か—静かに\n', '早く家に帰りましょう。（早点回家吧。）\n書類を早くしろ提出しろ。（快点交文件！）\n罵さんはとても上手にレポートをまとめました。（小马出色地整理了报告。）\n', '191');
INSERT INTO `jl_grammar` VALUES ('29714BBA7A1D6F81', '5C0F074931E212CC', '动词的“た形”', '在本课，我们学习用动词“た形”构成的句型。“た形”的变换方式是把“て形”的“て”换成“た”，把“で”换成“だ”。\n\n注意：行きます→いって→いった', '', '120');
INSERT INTO `jl_grammar` VALUES ('29914DCFA3370779', '3809055A61E5137B', '一类形做谓语时的否定形式', '一类形容词做谓语时否定形式是将词尾的“い”变成“く”再加上“ないです”或“ありません”。\n注意：“いいです”的否定形式是“よく　ないです”或“よく　ありません”。\n', '（１）このスープは　熱く　ないです。（这个汤不热。）\n（２）今日は　寒く　ないです。（今天不冷。）\n（３）この本は　高く　ありません。（这本书不贵。）\n', '45');
INSERT INTO `jl_grammar` VALUES ('29EEC69157DA38C3', 'AEEAE34F1DB019D5', '自动词和他动词', '日语的动词可分为自动词和他动词。最典型的他动词具有主语作用于宾语而使其发生变化的含义，其宾语用“を”表示。自动词是不带宾语的动词，表示不考虑外力影响的情况下，主语自主地进行动作，或自然地发生变化，其主语用“が”表示。另外，如下所示，日语的一部分自，他动词在词形上有对应关系。\n\n参考：\n第14课我们学习了表示“经过”“离开”的助词“を”。当自动词表示移动行为时，移动的“经过点”和“起点”用助词“を”表示（第14课语法解释5）。这里的“を”不表示宾语。另外，本课“语法解释1～4”中学习的“～なります”是自动词，“～します”是他动词。', '（１）窓があきました。（窗子开了。）\n（２）（李さんが）窓を開けました。（小李打开窗户了。）\n（３）タイムサービスが始まります。（时段廉价销售就要开始了。）\n（４）（デパートが）タイムサービスを始めます。（百货公司开始时段廉价销售。）\n', '109');
INSERT INTO `jl_grammar` VALUES ('2A0E49590B219600', '555BA4813C2BE35E', '【表达及词语讲解】お邪魔する', '“邪魔する”原意是妨碍别人做某事。但在本课的应用课文中则表示到别人家里去拜访的意思。到别人家里时，进门要说“お邪魔します（打扰您了）”。告辞时则说“お邪魔しました（打扰您了）”。\n', '☆ （出门时，在被访者家门厅）では、どうもお邪魔しました。（实在是太打扰您了。）\n——また来てください。（欢迎再来。）\n', '200');
INSERT INTO `jl_grammar` VALUES ('2A6EA8C29B76A083', '3809055A61E5137B', '一类形做谓语时的过去形式', '一类形容词做谓语时的过去形式是将词尾的“い”变成“かった”再加“です”。其过去形式的否定形式则是把词尾“い”变成“く　なかったです”或者“く　ありませんでした”。\n\n注意：“いいです”的过去形式是“よかったです”\n', '（１）旅行は　楽し　かったです。（旅行很愉快。）\n（２）昨日は　寒く　なかったです。（昨天不冷。）\n（３）昨日は　寒く　ありませんでした。（昨天不冷。）\n描述过去体验过的事物的性质时，日语必须使用过去形式。\nおいしいです。（好吃。）[正在吃的时候]\nおいしかったです。（好吃。）[吃完以后]\n', '46');
INSERT INTO `jl_grammar` VALUES ('2B32A4AE5FBFADF0', 'A709A010A089416D', '【表达及词语讲解】どの家でも', '和“どこの家でも”意思相同，表示“哪家都”“每家都”的意思。“どの”可后续“会社”“果物”等表示事物的名词。\n', '▲ 北京では、ギョーザはどの家でも、自分たちで作って食べます。（在北京家家户户都自己包饺子吃。）\n▲ 最近では、どの会社でも、事務所にパソコンがあります。（近来，任何一家公司的办公室里都有电脑。）\n\n若指“人”时，则不说“×どの人でも”而用“だれでも”，指时间时，也不说“×どの時でも”而说“いつでも”。此外，日语中没有“×毎家”“×毎人”的说法。\n▲ このテレビゲームは簡単ですから、だれでもできますよ。（这个电子游戏很简单，谁都会玩。）\n▲ このお店はいつでも込んでいます。（这个店什么时候客人都很多。）\n', '221');
INSERT INTO `jl_grammar` VALUES ('2B7A17C9A9A0A3FD', 'AEA5C5F658F23202', '【表达及词语讲解】さすが', '表示受到高度评价的人或物名符其实，确实如别人所评价的那样。\n', '▲ さすが「世界遺産」です。（不愧是“世界遗产”。）\n▲ 東大合格ですか。さすが加藤さんの息子さんですね。（考上了东大呀？不愧是加藤先生的公子。）\n', '243');
INSERT INTO `jl_grammar` VALUES ('2D2F053B8F19073A', 'DDC1F89951E9D2BE', '小句（简体形） はずがありません', '“〜はずがありません”是“〜はずです”的否定形式，表示根据某种理由做出某种否定性的推断，也可以说成“〜はずはないです”。小句为二类形容词小句和名词小句时把其简体形的“た”换成“である”，使用“二类形容词／名词＋である＋はずがありません”的形式。\n\n', '◆　張さんは入院中ですから、旅行に行くはずがありません。（小张在住院，不可能去旅行。）〔听到了小张去旅行的传言〕\n◆　７月のオーストラリアは冬ですから、暑いはずがありません。（7 月的澳大利亚正好是冬季，不可能热。）〔被问到 7 月的澳大利亚是否热〕\n◆　太田さん、遅いですね。\n　 ーーええ。でも、太田さんは責任者ですから、遅れるはずはないんですが…。（太田先生真够晚的。——是啊。太田先生是负责人，不应该迟到呀……）\n◆　森さんはスキーがあんなに上手ですから、初心者であるはずがありません。（森先生的滑雪技术那么好，不可能是初学者。）〔森先生自称是初学者，但实际水平很高〕\n\n\n', '277');
INSERT INTO `jl_grammar` VALUES ('2DED856566768320', '6DA21B8991604E64', '名＋の／动（简体形）＋間／間に', '“～間”表示某种行为或事态持续的时间段，如“学校が休みの間、アルバイトをします（学校放假期间，我打工）”表示打工所持续的时间段。“～間”多与副词“ずっと”一起使用。\n\n“～間に”表示某种行为或事态发生或完成的时间范围，如“学校が休みの間に、アルバイトをします（学校放假期间，我想打工）”表示“打工”这一行为将发生在假期内。\n\n', '◆　学校が休みの間、アルバイトをするつもりなんだ。（我打算在学校放假的时候打工。）\n◆　部屋の中を見ている間、ずっと外で車の音がしていましたよ。（我们在看房间里面的时候，外面一直是过车的噪音。）\n◆　わたしが留学している間に、家の周りもずいぶん変わりました。（我留学期间，我家那一带发生了很大的变化。）\n◆　子供が寝ている間に、部屋を掃除しました。（趁孩子睡觉的时候，我打扫了房间。）\n\n', '305');
INSERT INTO `jl_grammar` VALUES ('2E15EE9366E76F69', 'C2824ED5B5E81097', '名1より　名2の　ほうが　一类形/二类形です', '比较“名词1”和“名词2”，“名词2”比“名词1”更具有形容词所表示的性质时使用这个句型。\n', '（１）日本　より　中国　の　ほうが　広いです。（与日本相比，中国更辽阔。）\n（２）北京　より　東京　の　ほうが　暖かいです。（与北京相比，东京更暖和。）\n（３）大阪　より　東京　の　ほうが　にぎやかですか。（与大阪相比，东京更热闹吗？）\n', '65');
INSERT INTO `jl_grammar` VALUES ('2EDCEF25B8B89135', 'C832E4B02E7050D3', '名【场所】　へ　动', '使用“行きます”“帰ります”等表示移动的动词时，移动行为的目的地用助词“へ”表示，这时的“へ”读做“え”。', '（１）吉田さんは　中国　へ　行きます。（吉田先生去中国。）\n（２）森さんは　日本　へ　帰ります。（森先生回日本。）\n（３）李さんは　どこ　へ　行きましたか。（小李去哪儿了？）', '27');
INSERT INTO `jl_grammar` VALUES ('3079B2CD24C225B4', 'A709A010A089416D', '【表达及词语讲解】何かあった', '这里的あった不表示物体的存在，而表示发生了某种事情。\n', '▲馬さんは元気がないね。何かあったのかな。（小马有点儿没精神，发生什么事儿了吗？）\n▲駅前で何かあったんですか。人が集まっていますよ。（车站附近发生了什么事？聚了很多人哪。）\n', '219');
INSERT INTO `jl_grammar` VALUES ('307AD97B49AE2BE6', 'C8F844267ECA4F3A', '名 は いくらですか', '询问价钱时，用“いくら”。', '（１）これは いくらですか。（这个多少钱？）\n（２）その服は いくらですか。（那件衣服多少钱？）', '15');
INSERT INTO `jl_grammar` VALUES ('30FBC489A4137C5D', 'DDC1F89951E9D2BE', '小句１（简体形） のに、小句２', '表示在“小句 1”的情况下发生的“小句 2”的情况不符合常识常理。如果“小句 1”为二类形容词小句和名词小句时，要用“二类形容词／名词＋な＋のに”的形式。\n\n注意：“のに”前一般不用敬体形。\n✕　電源を入れましたのに、動きませんでした。。\n\n“〜が”、“〜けど”的意思与“〜のに”相近，但其前后的两个小句独立性强，因此“小句１”句尾可以使用“〜です”“〜ます”“〜でしょう”等形式，并且“小句２”可以为命令句。与此相反，“〜のに”前后的两个小句独立性弱，因此“小句１”句尾不可以使用“〜です”“〜ます”“〜でしょう”等形式，并且“小句２”也不可以是祈使、请求的句式。\n\n❍　寒いですが、換気のために窓を開けてください。（虽然寒冷，不过为了换换空气，请打开窗户。）\n✕　寒いのに、換気のために窓を開けてください。\n\n\n', '◆　目覚ましをかけておいたのに、今朝は起きられませんでした。（尽管上了闹钟，今天早上还是没起来。）\n◆　今日はこんなに寒いのに、森さんは寒くないと言いました。（今天尽管很冷，森先生却说不冷。）\n◆　この家は駅から近くて便利なのに、買う人がいません。（这个房子离车站近而方便，却没有人购买。）\n◆　田中さんは作家なのに、読書が嫌いです。（田中先生尽管是作家却讨厌读书。）\n◆　森さんは昨日病気だったのに、出勤しました。（森先生昨天生着病却去上班了。）\n\n', '275');
INSERT INTO `jl_grammar` VALUES ('31A826A415A736A5', '16B30FDBE23DBEC3', '疑问词＋でも', '表示在任何情况下事态都相同时，使用“疑问词＋でも”。\n\n注意：\n汉语的“疑问词＋都”肯定，否定时都可以使用，如“谁都明白”“谁都不明白”，但日语中用于肯定和否定的形式不同。肯定时，用“だれでも分ります”而不能说成“≠だれも分ります”。反过来，表示否定时，用“だれも分りません（谁都不明白）”而不能说成“≠だれでも分りません”。\n参考：\n“いつも”表示“常常，经常”的意思，而“いつでも”是“无论任何时候”的意思。两者之间的区别在于“いつでも行きます”的意思是“随时去”或“有必要的话任何时候都去”，而“いつも行きます”的意思是“经常去”或“没有不去的时候”。\n', '李さん、何を食べたいですか。（小李，你先吃什么？）\n―何でもいいです。（什么都行。）\nいつでも電話をしてください。（请你随时打电话。）\n―だれでも分ります。（谁都明白。）\n', '102');
INSERT INTO `jl_grammar` VALUES ('325E976C281F95AE', '4A0095AE1A34869A', '【课文语法】用言是动词时，注意两个方面：①用动词的简体形②名词前不能加「の」。', '用言是动词时，注意两个方面：①用动词的简体形②名词前不能加「の」。', '明天会议用的资料：明日会議で使う資料 （用了动词的原形）\n　\n我明天乘坐的飞机：私が明日乗る飛行機\n　\n在中国买的CD：中国で買ったCD（用了动词的过去式,表示完成了的动作）\n　\n我不认识的人：私が知らない人（动词的否定）\n', '142');
INSERT INTO `jl_grammar` VALUES ('32F6907D1A9E7029', '555BA4813C2BE35E', '动（基本形/ない形）ことになりました', '表示由于某种外在的原因导致形成了某种决定。\n注意：\n“～ことにします”“～ことになります”里的“こと”不能用“の”来代替。\n☆ 来月、日本へ旅行に行くことにしました。（我下个月要去日本旅行了。）\n× 来月、日本へ旅行に行くのにしました。\n\n“～ことになりました”也可用于婉转地表述根据自己的意志决定的事情。\n☆ わたしたち、結婚することになりました。（我们要结婚了。）\n☆ わたしは来月から中国へ留学することになりました。（我从下个月起要去中国留学了。）', '☆ 来月から給料が 上がる ことになりました。（从下个月起工资涨了。）\n☆ 月曜日から三日間、香港へ出張する　ことになりました。（我从星期一起去香港出差三天。）\n☆ 今週は会議を　行わない　ことになりました。（这个星期不开会了。）\n', '195');
INSERT INTO `jl_grammar` VALUES ('3303DC5940BACF7A', 'C9CCCC54B256FC63', '「补充知识」句子的连接方法', '日语中句子与句子之间靠接续词起连接作用。本课学习的接续助词「て」是一个连接动作先后或相继发生的形式。但是在叙述多项动作发生时，不能全用「て」，一般只能连接二、三项，这时需要用接续词「それから」来连接。\n', '（１）昨日デパートへ行って、着物を買いました。それから、映画館へ行って、映画を見ました。（昨天去百货商店买了衣服。然后去电影院看了电影。）\n（２）図書館へ行って本を借ります。それから、家へ帰って勉強します。（去图书馆借书，然后回家学习。）\n', '81');
INSERT INTO `jl_grammar` VALUES ('3395FB52F407E98B', '32F0252F6526B44D', '【表达及词语讲解】～のではないでしょうか', '这个表达形式由：の+ではない+でしょうか构成，ではない表示否定。\nでしょうか是比较礼貌的疑问形式，是“不是～吗?”的意思。\n', 'アルファベットは分かりにくいので、避けたほうがいいのではないでしょうか。（英语字母比较晦涩，还是避开比较好)\n', '284');
INSERT INTO `jl_grammar` VALUES ('34200B82EDFB4EF8', '30F01CB5EF64C793', '名　か　名', '对若干名词进行选择时，名词和名词之间加“か”，相当于汉语的“或者”。\n', '（１）わたしは　毎朝　パンか　お粥を　食べます。（我每天早晨吃面包或稀饭。）\n（２）休みは　何曜日ですか。（你星期几休息？）\n――休みは　月曜日か　火曜日です。（我星期一或星期二休息。）', '36');
INSERT INTO `jl_grammar` VALUES ('35C3AE1F233FCA24', 'E3046E0A69D0574A', '名[人]　に　会います。', '“会います”相当于汉语的“见”。所见到的对象用助词“に”表示。\n', '（１）李さんは　明日　長島さんに　会います。（小李明天见长岛先生。）\n（２）わたしは　駅で　森さんに　会いました。（我在车站遇见了森先生。）\n', '41');
INSERT INTO `jl_grammar` VALUES ('35CA2AD3C9149AD5', 'B3FF2B9DDC740413', '【表达及词语讲解】お待たせしました。', 'お待たせしました（让你久等了）－－让别人等待后用语。\n约会迟到时一般用：お待たせして、すみません。应用课文中的すみません。お待たせして。是倒装形式。\n', '森　：すみません。お待たせして。（对不起,让你们久等了)\n小野：いいえ、私たちもちょうと前に着いたところです。（没关系，我们也刚到)\n\n（点菜后）\n店員：お待たせしました。どうぞ。（让你久等了，请慢用)\n', '261');
INSERT INTO `jl_grammar` VALUES ('370481FD4C0E8FC1', 'E85C84498A29908F', '小句动词简体形+の+は形です', '动词小句加“の”使其名词化，表示“做某动作”的意思。这种名词化形式做主语而谓语是表示性质、状态的一类形容词或二类形容词时，主语要用助词“は”来表示。\n\n第11课学习了“好きです”、“嫌いです”、“上手です”、“下手です”等表示好恶、擅长不擅长的形容词（第11课语法1.2）。如果名词化形式是这些形容词的对象时，要用助词“ガ”来表示。\n\n注意：“好きです”等表示好恶的形容词的对象作为话题使用时，要用助词“は”来表示。\n\n（１）絵をかくのは好きですか。/画画你喜欢吗？\n—いいえ、絵をかくのは嫌いです。/不，画画我不喜欢。\n\n', '（１）自転車に2人で乗る　の　は　危ないです。/骑自行车带人很危险。\n（２）パソコンで表を作る　の　は　楽しいです。/用电脑制表是很愉快。\n\n（１）李さんは　絵をかく　のガ好きですね。/小李你喜欢画画啊！\nはい，色鉛筆でスケッチするのガ大好きです。/是的，我特别喜欢用彩色铅笔素描。\n（２）わたしは　自転車に乗る　のガ下手です。/我骑自行车技术不行。\n\n', '147');
INSERT INTO `jl_grammar` VALUES ('3825E2FB95DA653A', 'C9CCCC54B256FC63', '动词的“て形”', '第13课学习了动词的“ます形”。本课学习动词的“て形”。“て形”可以用于各种各样的表达方式。动词的“て形”是动词形式中最为复杂的一个，因此需要反复练习和记忆。\n动词因其形态变化方式不同，可以分为三类。动词的“ます形”去掉“ます”后的最后一个音位于“い段”的动词绝大部分属于一类动词（如：“書きます”“読みます”）；最后一个音位于“え段”的动词（如：“食べます”“寝ます”），以及位于“い段”的一小部分动词（如：“起きます”“見ます”）属于二类动词。“来ます”和“します”两个动词，以及“勉強します”“卒業します”等使用“します”的动词都属于三类动词。\n最后一个音位于“い段”的二类动词，单从词形上看，与一类动词没有区别。但这类动词数量很有限（属于初级的有15个左右），出现时需要特别记忆。\n\n一类动词“て形”的变换方式是“ます形”去掉“ます”后加“て”，加“て”的时候发音会有一些变化。即“き”－“いて”、“ぎ”－“いで”、“び、み、に”－“んで”、“ち、り、い”－“って”、“し”－“して”。\n二类动词和三类动词的“て形”都是“ます形”去掉“ます”后直接加“て”。\n\n※“行きます”属于例外，其“て形”是“行って”。', '类别                     ます型                      去掉ます　　　　　て型\n一类动词              書きます（写）        かき　　　　　　　かいて\n　　　　　　　　行きます（去）        いき　　　　　　　いって\n　　　　　　　　急ぎます（急）　　 いそぎ　　　　　　いそいで\n　　　　　　　　飛びます（飞）        とび　　　　　　　とんで\n　　　　　　　　よみます（读）        よみ　　　　　　　よんで\n　　　　　　　　死にます（死）        しに　　　　　　　しんで\n　　　　　　　　待ちます（等）        まち　　　　　　　まって\n　　　　　　　　売ります（卖）        うり　　　　　　　うって\n　　　　　　　　買います（买）        かい　　　　　　　かって\n　　　　　　　　話します（说）        はなし　　　　　　はなして\n\n二类动词              食べます（吃）        たべ　　　　　　　たべて\n　　　　　　　　見ます（看）　　　 み　　　　　　　　みて\n　　　　　　　　\n三类动词              来ます（来）           き　　　　　　　　きて\n　　　　　　　　します（做）           し　　　　　　　　して', '76');
INSERT INTO `jl_grammar` VALUES ('38A623F7C9A452DF', '6092F629D9151082', '动词的“基本形”', '“基本形”是动词的基本形式。词典中的词条都使用这一形式。各类动词“ます形”去掉“ます”的形式和“基本形”的对应关系如下：\n一类动词：“基本形”最后的发音为“う”段，“ます形”去掉“ます”后的发音为“い”段。\n二类动词：“基本形”为“ます形”去掉“ます”后加“る”。\n三类动词：“基本形”分别为“来る”和“する”，“ます形”去掉“ます”后则为“来”和“し”。\n', '', '114');
INSERT INTO `jl_grammar` VALUES ('395F3CA921C3DE3D', '16B30FDBE23DBEC3', '名が　欲しいです', '表示欲望时，使用“名词1は名词2が　欲しいです”这一表达形式。“名词1”是欲望的主体，“名词2”表示欲望的对象。\n', 'わたしは新しい洋服　が　欲しいです。（我想有套新西服。）\n（あなたは）何　が　欲しいですか。（你想要什么？）\n—新しいパソコン　が　欲しいです。（想要新的电脑。）\n', '98');
INSERT INTO `jl_grammar` VALUES ('3A2137A147271D35', 'A709A010A089416D', '【表达及词语讲解】なかなか「表示程度的副词」', '第14课学习了表示程度的副词“なかなか”，“なかなか”还可以和否定形式呼应使用，表示事态的发展并没有所期待的那么简单或者不能轻易地实现。\n', '▲ 風邪を引いてしまって、なかなか治りません。（感冒了，好长时间也不好。）\n▲ 本のとおりに作っても、なかなかうまくできないんです。（我照着书做也老是做不好。）\n', '223');
INSERT INTO `jl_grammar` VALUES ('3A6737F6EDF72777', '4A0095AE1A34869A', '小句（动词简体形）+名词　は　名/形　です（动词小句修饰名词而形成的小句做主语）', '日语中名词前面常常有很长的定语，例如下面的句子：\n昨日父はデパートで日本製のカメラを買いました、そのカメラはとても安かったです。\n可以变化为一个句子---->\n昨日父がデパートで買った日本製のカメラはとても安かったです。', '（１）私が明日乗る飛行機は中国航空です。（我明天乘坐的飞机是中国航空公司的。）\n（２）小野さんが作る料理はおいしいです。（小野做的菜很好吃。）\n（３）森さんが買った本はこれです。（森买的书是这一本。）\n\n第（１）（２）小句，是表示将要发生的动作，所以用了动词的基本型，第三句，已经发生的动作，用了动词的「た」型。\n', '139');
INSERT INTO `jl_grammar` VALUES ('3A9BAB716AB7E299', '8377D9FF6994BEB2', '名の名', 'の助词“の”连接名词和名词，表示所属\n', 'わたし　の　かぎ。（我的钥匙。）\n田中さん　の　車。（田中先生的车。）', '7');
INSERT INTO `jl_grammar` VALUES ('3D2382E918757320', '15D73C404D384B32', '小句１て / で 小句２', '表示：原因 、理由 ；即小句 1 是小句 2 的原因、理由。\n注意：小句 2 不能为祈使句。\n', '◆遅くなって、すみません。（我迟到了，抱歉。）\n◆最初は言葉が通じなくて 、こまりました。（开始的时候语言不通，非常困难。）\n◆森さんは頭が痛くて 、会社を休みました。（森先生头疼，休息了。）\n◆説明が上手で 、よく分かりました。（解释的很好，我完全清楚了。）\n◆父は大阪の出身で 、いつも関西弁で話します。（我父亲生在大阪，所以总说关西话。）\n', '227');
INSERT INTO `jl_grammar` VALUES ('3D4B35C058116021', '7D78B3CD7A1777FC', '动なければ　なりません', '表示必须。接续方式是将动词“ない形”中的“ない”换成“なければ　なりません”。也可以用“ないと　いけません”的形式代替“なければ　なりません”。\n', '（１）李さんは今日早く帰らなければなりません。（小李今天必须早点回家。）\n（２）この薬は毎日飲まなければなりません。（这个药必须每天吃。）\n（３）すぐに書類を送らないといけません。（得马上把文件寄出去。）\n', '112');
INSERT INTO `jl_grammar` VALUES ('3DF3D0521115543E', '4A0095AE1A34869A', '【课文语法】短语做其它成分', '注意：动词小句中主语用「が」提示（这个知识点,我们每一期都提醒大家,这次可一定要记住。）\n\n我们可以举个例子加深一下记忆：\n\n父は中国で買ったCDを友達に貸しました。\n\n父亲把在中国买的CD借给朋友。（父亲既是买CD的主语,也是送给朋友的主语。）\n　\n父が中国で買ったCDを友達に貸しました。（父亲是买CD的主语,我是送给朋友的主语。）\n\n这个句子，省略了“わたし”。完整的说法可以是：私は父が中国で買ったCDを友達に貸しました。（我）把父亲在中国买的CD借给朋友。\n\n所以《动词小句中的主语要用「が」来提示。\n', 'これは明日会議で使う資料です。\n　\nその人は中国でとても人気がある女優です。\n　\n中国で買ったCDを友達に貸しました。\n　\n昨日李さんにもらった本を読んでいます。', '146');
INSERT INTO `jl_grammar` VALUES ('3F3149B9A7F4985B', '26EBFD4F2855CC56', 'どうしてですか', '询问事由时使用“どうしてですか”，相当于汉语中“为什么”。回答时在谓语后面加“から”。\n僕は　来月　また　ここへ　来ますよ。（我下个月还来这里。）', '——どうしてですか。（为什么？）\n——ここで　友達の　結婚式が　ありますから。（因为朋友要在这里举行结婚典礼。）', '63');
INSERT INTO `jl_grammar` VALUES ('3F4C1AFEE86F9D5C', '7D78B3CD7A1777FC', '名1　が　名2　です', '表示作为话题的“名词2”是什么时，用“名词2は名词1です”的形式。这里“名词2”是旧信息。同样的内容也可以用“名词1が名词2”的形式来表示。在这个句型里“名词1”仍然是新信息，“名词2”仍然是旧信息。新信息做主语时用“が”来表示。\n\n参考：叙述直接观察到的某事情，而不是作为话题在谈论这个事物时，使用“名词が动词”的形式。因为这里也同样是新信息在做主语。\n（１）子供が公園で遊んでいます。（孩子在公园里玩儿。）\n（２）バスが来ました。（公共汽车来了。）\n\n注意：“何”“だれ”“どこ”“いつ”等表示疑问的词做主语时不能用“は”，只能用“が”。因为这些词不能表示旧信息。\n（１）だれがいますか。　“×　だれはいますか。”\n（２）どこが痛いですか。　“×　どこは痛いですか。”\n（３）何が好きですか。　“×　何は好きですか。”', '（１）山田先生はどの方ですか。（山田老师是哪位？）\n——山田先生はあの方です。（山田老师是那位。）\n——あの方が山田先生です。（那位是山田老师。）\n（２）吉田課長はいますか。（吉田科长在吗？）\n——わたしが吉田ですが…。（我就是吉田……）\n（３）あなたのかばんはどれですか。（你的包是哪一个？）\n——これがわたしのかばんです。（这个是我的包。）\n', '113');
INSERT INTO `jl_grammar` VALUES ('3FED21923D75E700', 'DDC1F89951E9D2BE', '【表达及词语讲解】 早速', '表示迅速进行某种行为的情况。“すぐ”也具有相近的语义，但与“すぐ”相比，“早速”倾向于表示说话人或听话人积极主动地开始行动，而不能用于客观描写。\n应用课文中，太田说“早速、企画案を検討してみます（马上组织讨论策划方案）”，给人一种态度积极，热情向上的感觉。\n\n另外，“早速”在书信里有一种习惯用法，这时候的“早速”不能用“すぐ”来代替。\n\n\n\n', '◆　早速のお返事、どうもありがとうございました。（你这么快就给我回信了，非常感谢。）\n◆　早速ですが、次回会議の日程をお知らせします。（现在请允许我通知您下一次会议的日程。）\n\n', '282');
INSERT INTO `jl_grammar` VALUES ('406B2C94C8CDBD77', 'A709A010A089416D', '【表达及词语讲解】だんだん「表示程度的副词」', '表示事物逐渐发生变化，用于变化程度不很显著的状况。常常和“～なります”等表示变化的表达方式呼应使用。\n', '▲ 何度も作ると、だんだん上手になりますよ。（多做几次逐渐就会最好了。）\n▲ 秋になると、紅葉の葉がだんだん赤くなります。（到了秋天，红叶就会渐渐变红。）\n', '224');
INSERT INTO `jl_grammar` VALUES ('406BC4573ADE6D06', 'AEEAE34F1DB019D5', '一类型/二类型　ほうがいいです', '比较两个以上事物的性质，认为其中一个比较好时，可用“一类形容词+ほうがいいです”“二类形容词+な+ほうがいいです”的形式，表示自己的选择或向别人提议。\n\n询问的范围为两种事物时，无论是人是物还是时间，都可以使用“どちらが”。但询问的范围为三种以上的事物时，则不能使用“どちら”。\n', '（１）日本語と英語とどちらが難しいですか。（日语和英语，哪个难学？）\n―日本語のほうが難しいです。（日语难学。）\n（２）コーヒーと紅茶とどっちが好きですか。（咖啡与红茶，更喜欢哪个？）\n―紅茶のほうが好きです。（更喜欢红茶。）\n―どちらも好きです。（哪个都喜欢。）\n', '108');
INSERT INTO `jl_grammar` VALUES ('4150FD66B14B9BFD', '4A0095AE1A34869A', '【课文语法】用言是形容动词时,用形容动词的词干+「な」修饰名词。', '注意：除了用言以外，名词也可以修饰名词，名词与名词之间，用「の」连接。\n　\n教数学的老师：数学が専門の先生', '操作简单的电脑：操作が簡単なパソコン\n　\n这个公司唱歌最好的人：この会社で歌が一番上手な人', '144');
INSERT INTO `jl_grammar` VALUES ('42803526C806A2EA', '01FDFF2EE6CDEAF8', '动词意志形+と思います', '说话人向听话人表示自已要做某事的意志，比单独的意志形更加礼貌。\n', '　①.今日、会社を休もうと思います。（我今天不想上班）\n　②.もう遅いので、そろそろ帰ろうと思います。（已经很晚了，我该回家了）\n', '179');
INSERT INTO `jl_grammar` VALUES ('4341BB8C50E91D7A', '78AFF46B36DCBBC1', '【表达及词语讲解】しっかり', 'しっかり有好多种意思，要本课的应用课文中表示“充分，充足”。\n', '小野さん、今日はしっかり食べておいてください。（小野，你今天多吃点。)\n', '217');
INSERT INTO `jl_grammar` VALUES ('43F2162AD5DD1E7B', '0C1BB8EF80985A87', '动+てしまいます', '“动词て形+しまいます”一般表示该动作所产生的结果是令人不愉快的事情。\n\n\n', '◆森さんはボーナスを全部使ってしまいました。（森先生把奖金全都花完了。）\n◆大切な書類をうっかり忘れてしまいました。（把非常重要的文件给忘记了。）\n◆無理をすると、病気になってしまいました。（搞得太累，你要生病的。）\n\n但有时候也只用来表示动作的“完全”而没有结果令人不愉快的意思。这时候动作一般是有意进行的。\n◆この本はもう読んでしまいました。（这本书已经全部读完了。）\n◆最後まで食べてしまいましょう。（全都吃掉吧。）\n', '205');
INSERT INTO `jl_grammar` VALUES ('441F7EF0B0C8E0CA', '670557250FD3D1A3', '小句（基本／ない形） ように、小句', '“ように”表示“为了使某种状态成立”的意思。\n\n区别：\nように、ために，二者都表示“为……／为了……”，但其用法不同；\n（1）ように前面一般是非意志性的变化或状态。动词一般为，可能形态的基本形/ない型；\nために表示意志性动作的目的，因为通常接动词的基本形；\n（1）ように前面的主语可以与后面的句子主语不一致.而ために前后句子的主语必须一致。\n\n', 'よく見えるように、大きく書きました。（为了让人看得清楚，把字写得大大的。）\n風邪を引かないように、気をつけています。（为了不感冒，一直注意身体。）\n', '245');
INSERT INTO `jl_grammar` VALUES ('449FC6160B9C4D35', '6DA21B8991604E64', '名＋の／动（简体形）ようです②[比喻] / 名／动（简体形）みたいです　②　[比喻]', '第４４课学习了“～ようです”“～みたいです”表示推测的用法，除了表示推测以外，这两个形式还可以用来表示比喻。表示比喻时多与副词“まるで”呼应使用。\n\n除了用于句尾以外，经常以“～ような／みたいな＋名词”或“～ように／みたいに＋动词／形容词”的形式来修饰名词、动词或形容词。\n◆　まるでテレビのドラマのような出来事ですね。（真好像是电视剧里发生的事情一样。）\n◆　鳥のように空を飛んでみたいなあ。（我想像小鸟一样在天空飞翔。）\n◆　先生みたいに上手に日本語が話せるようになりたいです。（我想像老师那样流利地说日语。）\n\n', '◆　これは柔らかくて、まるで本物の毛皮のようです。（这个软软乎乎的，好像真皮一样。）\n◆　まるでヨーロッパの町並みを見ているようですね。（真像看到了欧洲的街道。）\n◆　この野菜、まるで果物みたいですね。（这种菜好像水果一样。）\n\n◆　まるでテレビのドラマのような出来事ですね。（真好像是电视剧里发生的事情一样。）\n◆　鳥のように空を飛んでみたいなあ。（我想像小鸟一样在天空飞翔。）\n◆　先生みたいに上手に日本語が話せるようになりたいです。（我想像老师那样流利地说日语。）\n\n', '302');
INSERT INTO `jl_grammar` VALUES ('458213D95CA2469E', 'F5957C00A8B967C9', 'まだ+动（否定）', '表示还没达到所询问的内容的程度。相当于汉语的“还没（有）”。\n\n此外，对用“もう”提问的句子做否定回答时，使用“まだ～～～ていません”的表达形式。\n小野さんはもう結婚していますか。\n——いいえ、まだ結婚していません。\n（小野女士，你已经结婚了吗？——不，还没结。）\n\n', '何年ぐらい日本語を勉強しましたか。\n——二年勉強しました。でも、まだあまりできません。\n（学了几年日语？——学了两年，但还不太会。）\n', '97');
INSERT INTO `jl_grammar` VALUES ('45FCD98526FCED85', 'E3046E0A69D0574A', '名1[人]　は　名2[人]　に　名3[物]　を　もらいます。', '“もらいます”与“あげます”相反，表示物品以“第三人称→第二人称→第一人称”或“第三人称→第三人称”的形式移动，相当于汉语的“得到”“接受”等意思。物品用“を”表示，赠送者用助词“に”表示。赠送者也可以看成是物品移动的起点，用助词“から”来表示。\n', '（１）わたしは　小野さんに　辞書　を　もらいました。（我从小野女士那儿得到一本词典/小野女士给了我一本词典。）\n（２）わたしは　長島さんから　写真　を　もらいました。（我从长岛先生那儿得到了照片。）\n（３）森さんは　長島さんに　パンフレット　を　もらいました。（森先生从长岛先生那儿得到了小册子。）\n\n另外，当第三人称的其中之一是说话人的亲戚时，按说话人的立场处理。\n（１）母は　小野さんに　ハンカチを　もらいました。（小野女士送给母亲手绢。）\n（２）弟は　長島さんから　本を　もらいました。（弟弟从长岛先生那儿得到一本书。）\n', '40');
INSERT INTO `jl_grammar` VALUES ('4657E9378FB8CC2C', 'A709A010A089416D', '【表达及词语讲解】本のとおりに', '“～のとおりに”是日语中常用的一种固定法说法，表示“～那样”的意思。“本のとおりに”的意思是“书上说的那样。”\n', '▲ 本のとおりに作っても、なかなかうまくできないんです。（我照着书做也老是做不好。）\n▲ 昨日は天気予報のとおりに、大雨が降りました。（昨天如天气预报所说的那样下大雨了。）\n', '222');
INSERT INTO `jl_grammar` VALUES ('48BA3614F4E8A0DD', '623D73458E846EE7', '【表达及词语讲解】せっかく', '“せっかく～”译成汉语为“特意”“好不容易”等，其含义是对某种行为或事态的价值应充分利用。应用课文中表示既然来了北京就应该充分利用在北京逗留的时间参观一些地方。\n\n“せっかく”一般用来修饰动词，但也有用在“です”前面的情况，如“せっかくですから”“せっかくですが...”。当别人劝说自己做某事时，接受其好意时用“せっかくですから”，拒绝时则用“せっかくですが...”。\n', '◆　せっかく北京来て、ここを見ないで帰ることはできませんよ。（好容易来到北京，不看看这儿是不能回去的。）\n◆　コーヒー入れましたから、どうぞ。\n　ーーせっかくですが、時間がないので、失礼します。（咖啡冲好了，请。——谢谢，不过我没时间了，这就告辞了。）\n', '255');
INSERT INTO `jl_grammar` VALUES ('494FBDB45965E614', '30F01CB5EF64C793', '名　を　动', '动作的对象用助词“を”表示，这里的“を”读做“お”。\n', '（１）李さんは　毎日　コーヒー　を　飲みます。（小李每天喝咖啡。）\n（２）わたしは　毎日　ジョギングを　します。（我每天慢跑。）\n（３）わたしは　新聞を　読みません。（我不看报。）\n（４）李さんは　毎朝　なにを　食べますか。（小李每天早晨吃什么？）\n', '33');
INSERT INTO `jl_grammar` VALUES ('4A8CE9B9203C7825', '58D08E4B784D012F', '名と会います', '第8课学习了“～に会います”中的“に”表示对象的用法，而使用表示互动行为的动词时，进行同一动作的另一方要用“と”来表示。如“結婚します”、“けんかします”等表示互动行为的动词只能用“と”。\n', '仕事で、楊さんと会っていたんですよ。（因工作我和杨先生见面来着。）\n田中さんは佐藤さんと結婚しました。（田中先生和佐藤女士结婚了。） \n', '156');
INSERT INTO `jl_grammar` VALUES ('4ACF23758097A982', '01FDFF2EE6CDEAF8', '【表达及词语讲解】そろそろ', '用于表示做某事或某事态发生的时间渐渐迫近时。\n', '▲そろそろ勉強の時間ですよ。\n▲もう８時ですね、そろそろ失礼します。\n“そろそろ＋～ましょう（意志形）か”表示随着时间的迫近该一起做某事，提醒或催促对方和自己行动的一种说法。\n▲——もう９時ですよ、そろそろ出発しようか。\n　——ええ、そうしましょう。\n', '182');
INSERT INTO `jl_grammar` VALUES ('4C065FE60DEAB0EE', '0C1BB8EF80985A87', '【表达及词语讲解】相変わらずですね[惯用句]', '“你还是老样子啊”\n', '', '209');
INSERT INTO `jl_grammar` VALUES ('4D7FAD0EA2F18254', 'AF2518D6F15596F5', '动词的简体形', '注意：\n简体的会话中常常省略助词。另外，“ありません”的简体形是“ない”。', '森さんは　毎晩　テレビを　見る。（森先生每天晚上看电视。）\n\nコーヒー、飲む？（喝咖啡吗？）\n――ううん、飲まない。（不，不喝。）\n\n昨日　テレビ、見た？（昨天看电视了吗？）\n――ううん、見なかった。（不，没看。）', '126');
INSERT INTO `jl_grammar` VALUES ('501C63C13EF0A03C', '53D9A724DD6F152C', '小句（简体形）らしいです', 'らしいです可以表示根据观察到的情况进行推测，也可以用来婉转地叙述听来的消息。\n', '◆今度の社員旅行は韓国へ行くらしいです。（下次的全社旅行好像是去韩国。）\n◆李さんは頭が痛いらしいです。（小李好像头痛。）\n\n', '288');
INSERT INTO `jl_grammar` VALUES ('50CA76F5AE9CB8B1', '16B30FDBE23DBEC3', '动ませんか', '动词的否定形式“～ません”加上表示疑问的“か”，表面上是一种疑问形式，但其语法功能是表示提议。\n', 'いっしょにお茶を飲みませんか。（一起喝茶好吗？）\n少し休みませんか。（休息一下怎么样？）\n明日故宮へ行きませんか。（明天去故宫怎么样？）\n', '100');
INSERT INTO `jl_grammar` VALUES ('52239E3F624FBC3F', 'A65B80B2369DA693', '【表达及词语讲解】～ば～ほど～', '*接续：“ば”前面接动词、形容词的假定形，“ほど”前接动词、形容词的终止形。\n*意义：表示一方面的条件或情况的程度越高，另一方面的相关情况的程度也会相应提高。也就是说两个相关事项的条件互相成正比例的关系。\n\n', '①頑張れば頑張るほど、成績がよくなります。（越努力成绩越好。）\n②食べれば食べるほどおいしいです。（越吃越好吃。）\n③声は高ければ高いほど、元気が出てきます。（声音越大越能打起精神。）\n\n*如果是形容词的话有两种接续：“词干+なら+词干+なほど”或者“词干+であれば+词干+なほど”。\n\n例：\n①静かなら静かなほど勉強にいいです。（越安静越有利于学习。）\n②静かであれば静かなほど勉強にいいです。（越安静越有利于学习。）\n\n', '300');
INSERT INTO `jl_grammar` VALUES ('534095E8A71E1316', '623D73458E846EE7', '小句1（简体形）ために、小句2　②　[原因、理由] / 名＋の＋ために、小句　②　[原因、理由]', '表示“小句 1”是“小句 2”的原因、理由。“小句 1”表示的是非意志性的事态或状态。“小句 1”为二类形容词小句时使用“二类形容词＋な＋ために”的形式。多用于书面语或比较郑重的场合。\n\n与“〜から”　“〜ので”　“〜て”相比，“〜ために”更多的用于表示不情愿的事情的原因。\n❍　部長になったから、給料が増えました。（因为单个部长所以工资增加了。）\n❍　部長になったので、給料が増えました。（因为单个部长所以工资增加了。）\n❍　部長になって、給料が増えました。（因为单个部长所以工资增加了。）\n✕　部長になったために、給料が増えました。\n\n另外，“〜から”　“〜ので／んで”和“〜て”可以用来结句，而“〜ために”没有这种用法。\n—　遅かったね。（你来晚了。）\n—　❍　うん、事故があったから。（嗯，出事故了。）\n　　❍　うん、事故があったんで。（嗯，出事故了。）\n　　❍　うん、事故があって。（嗯，出事故了。）\n　　✕　うん、事故があったために。\n\n参考：第34课学习了“〜ために”表示目的的用法，表示目的时，“ために”前面为意志性动词的基本形，而且“小句 1”和“小句 2”的动作主体相同。\n◆　海外旅行をするために、貯金しています。（为了去海外旅游，一直在攒钱。）\n\n', '◆　事故があったために、電車が遅れたんです。（由于发生事故，电车晚点了。）\n◆　明日マラソン大会があるために、この道路は通行禁止になります。（明天有马拉松大会，所以这条路禁止通行。）\n◆　この村は交通が不便なために、住んでいる人が少ないです。（这个村子因为交通不便，居住的人很少。）\n\n前接名词时，用“名词＋の＋ために”的形式。\n◆　道路工事のために、道が込んでいます。（因为施工，道路非常拥堵。）\n', '250');
INSERT INTO `jl_grammar` VALUES ('5376BBDC7BBB8AEB', '58D08E4B784D012F', '【词汇表达】「困る」与「苦しむ」', '二者意思相近，「苦しむ」比「困る」所表示的程度高。为寻找某种解决方法而煞费苦心时要用「苦しむ」，「困る」只是「苦しむ」前阶段的精神状态，并没有积极地做出某种行为。如：\n道に迷って困った / 迷路大伤脑筋 （稍微停住脚步的状态）\n道に迷って苦しんだ　/　迷路吃了不少苦 （到处转悠着寻找的状态）\n此外，「困る」可以表示“麻烦”“讨厌”等说话人不希望发生的行为或状态，「苦しむ」则没有这个用法。如：\nそれは困った（苦しんだX）　/　这可不好办了\n困った（苦しんだX）問題　/　麻烦的问题\n', '', '163');
INSERT INTO `jl_grammar` VALUES ('53EB260B90CA150C', 'B3FF2B9DDC740413', '动 終わります', '表示动作或行为的结束，用于该动作行为具有一定的量，而且即将结束。接续方式：动词ます型。\n', '◆その本はもう読み終わりました。（把那本书看完了。)\n◆先週もらった薬はもう飲み終わりました。（上周拿到的药已经吃完了。)\n', '260');
INSERT INTO `jl_grammar` VALUES ('541E4395ED914FCC', '555BA4813C2BE35E', '今度の日曜日', '日语的“今度”与汉语的“这次”相比，语义范围要广得多。有时相当于汉语的“下次”。例如本课出现的“今度の日曜日”就指说话时间之后的星期天。\n', '☆ 今度の日曜日に遊園地に行くつもりです。（这个星期天打算去游乐园。）\n☆ 今度の会議は午前十時からです。（下次的会议上午10点开始。）\n', '197');
INSERT INTO `jl_grammar` VALUES ('5458FA1AE0FA5481', 'F5957C00A8B967C9', '小句が，小句[转折]', '表示两个小句的转折关系时，用助词“が”。意思相当于汉语“但是”“可是”。\n', '（１）3か月パソコンを勉強しましたが、まだあまりできません。（我学了3个月电脑，但还不太会用。）\n（２）このレストランはおいしいですが、ちょっと高いです。（这家餐厅的饭菜好吃，但是有点贵。）\n', '96');
INSERT INTO `jl_grammar` VALUES ('5547441A89AA35C3', 'C8F844267ECA4F3A', 'ここ/そこ/あそこ は名です（这里/那里/那里/这个/那个/那个 是什么什么 ）', '指示场所时，用“ここ”“そこ”“あそこ”。所表示的位置关系与“これ”“それ”“あれ”相同。', '（１）ここ は　デパートです。（这里是百货商店。）\n（２）そこ は　図書館です。（那里是图书馆。）\n（３）あそこ は　入り口です。（那儿是入口。）', '10');
INSERT INTO `jl_grammar` VALUES ('5574E65DA17F39DB', '670557250FD3D1A3', '【语法复习】', '1.「...ように」为了...\nよく見えるように、大きく書きました。（为了能让人看得清楚，把字写得大大的。）\n\n2.「...ようになります」表示某种能力（状况，习惯）变成了某种状态\nけがが治って、歩けるようになりました。（伤已痊愈，能够走路了。）\n\n3.「....ようにします」表示努力使某种行为（状态）变为现实\n毎朝、七時に起きるようにしています。（每天早上坚持7点起床）', '', '248');
INSERT INTO `jl_grammar` VALUES ('57A639853CFD93A8', '01FDFF2EE6CDEAF8', '【表达及词语讲解】それじゃ', '是“それでは（那么）”的比较随便的说法，用于口语。\n', '▲ 甲：どうして昨日来なかったんですか。（昨天为什么没来啊？）\n乙：熱があったんです。（发烧了。）\n甲：それじゃ、仕方ないですね。（那样的话，就没有办法了。）\n', '183');
INSERT INTO `jl_grammar` VALUES ('57B8AFC8F7CD2B92', 'B3FF2B9DDC740413', '动　続けます', '表示动作或状态不间断的持续。 接续方式：动词ます型。\n', '◆3時間歩き続けました。（持续步行了3个小时。)\n◆車のオイルが漏れ続けています。（汽车的油一下在漏着。)\n', '259');
INSERT INTO `jl_grammar` VALUES ('57E45F9C062D65DD', '0C1BB8EF80985A87', '自动＋ています', '自动词后续“～ています”し时，如该自动词是表示动作的，“～ています”表示动作正在进行。如该自动词是表示变化的，“～ています”表示结果的存续。在词形上有对应关系的自动词后加“～ています”时均表示结果的存续。\n\n“自动词て形+います”和“自动词+た形”都可以表示结果存续，不过“自动词た形”偏重表示变化的完成，而“自动词て形+います”则偏重表示变化完成后形成的结果状态。\n\n◆部屋の電気が消えています。（房间的灯灭着。）<结果的状态>\n◆部屋の電気が消えました。（房间的灯灭了。）<瞬间的状态>\n\n', '◆部屋の電気が消えています。（房间的灯灭着。）\n◆壁には大きな絵が掛かっています。（墙上挂着一张大画。）\n◆この自動車は壊れています。（这辆车坏了。）\n', '204');
INSERT INTO `jl_grammar` VALUES ('5812B1A567E400D3', 'C9CCCC54B256FC63', '「补充知识」なかなか', '「なかなか」属于程度副词，表示对事物程度超出平均水平或自己预想的程度的含义。相当于汉语的“很”“相当”“非常”的意思，由于含有评价对方的含义，故对上级或长辈不用，只用于同辈、晚辈或部下等。\n', '（１）田中さんの中国語はなかなか上手ですね。（田中的汉语非常好。）\n（２）この教室はなかなかきれいです。（这个教室相当干净。）\n（３）去年の冬はなかなか寒かったですね。（去年的冬天相当冷啊！）\n', '83');
INSERT INTO `jl_grammar` VALUES ('582BD4EBF0AA59F7', 'DDC1F89951E9D2BE', '小句（简体形） はずです', '表示根据某种理由做出某种推断。用于对所推测的内容非常有把握的情况。小句为二类形容词小句和名词小句时，分别使用“二类形容词＋な＋はずです”“名词＋の＋はずです”的形式。\n\n由于“〜はずです”表示的是根据某种理由做出的判断，因此既可以用于说话人自身经历过但记忆已经不十分准确，也可以用于实际情况与自己的考虑不一致。\n◆　たしか、書類は机の上に置いたはずです。（我记得文件应该是放在桌子上了。）\n◆　清水さんはまだ来ていませんが、今日は来るはずです。（清水先生还没有来，不过今天应该会来。）\n\n', '◆　会議は５時までですから、もうすぐ終わるはずです。（会议５点钟结束，应该快完了。）\n◆　この映画は人気がありますから、観客は多いはずです。（这部电影很受欢迎，看的人应该很多。）\n◆　キムさんはこの大学の学生のはずです。（金女士应该是这所大学的学生。）\n\n\n', '276');
INSERT INTO `jl_grammar` VALUES ('5906FB58E49937DF', '7D78B3CD7A1777FC', '动ないで　ください', '表示否定的命令时，使用“～て　ください”的否定形式。其构成方式为“ない形+で+ください”。\n', '（１）部屋のかぎを忘れないでください。（请别忘了房间钥匙。）\n（２）この部屋には入らないでください。（请不要进入这个房间。）\n（３）無理をしないでください。（请不要勉强。）\n', '111');
INSERT INTO `jl_grammar` VALUES ('599F334524F463F5', '3809055A61E5137B', '表示程度的副词', 'とても、たいへん、少し、ちょっと、あまり、全然。\nとても／たいへん＞少し＞ちょっと＞あまり～ません＞全然～ません\n\n注意：汉语中形容词前面的“很”有时并不表示程度很重，而日语中如使用“とても”等，则强调程度非常重。\n', '（１）この　料理は　とても　おいしいです。（这个菜非常好吃。）\n（２）この　スープは　すこし　からいです。（这个汤有点辣。）\n（３）試験は　全然　難しく　ありませんでした。（考试一点儿也不难。）\n', '50');
INSERT INTO `jl_grammar` VALUES ('5AE2488B36AB8EEE', 'C8F844267ECA4F3A', '名 は 名　[场所]です', '表示“名词”存在于“名词”【场所】。\n\n注意：\n“小野さんは事務所です”的汉语译文是“小野女士在事务所。”不能译为“小野女士是事务所。”日语的“は”比汉语的“是”更为广泛的含义。在这里表示小野女士在什么地方。\n“トイレは　ここです”意思是“厕所在这儿。”是将“トイレ”作为话题来阐述。而不是将“ここ”作为话题来阐述，意思是“这里是厕所。”', '（１）食堂 は デパートの７階 です。（食堂在百货商店的７层。）\n（２）トイレ は ここです。（厕所在这儿。）\n（３）小野さん は 事務所 です。（小野女士在事务所。）', '11');
INSERT INTO `jl_grammar` VALUES ('5D9C353118846C07', 'A709A010A089416D', '【表达及词语讲解】去熟人家做客', '在住宅状况不太好的日本，一般认为请客人到一个拥挤、脏乱的家里是不礼貌的事情。因此，要邀请客人来，就应当把家里收拾得像个样子。这样，邀请客人对主人来说往往会形成很大的心理负担。日本人的这种心态，同中国人不十分关注房间的状况而更多地去考虑把客人请到家里建立或增强友谊的心理形成鲜明的对比。\n\n另外，招待客人的方式中日两国也有所不同。在日本，招待客人时时刻在考虑客人在想什么，自己怎么做才能使客人满意。比如续茶时要等客人的杯子空了，向客人征询“您还需要再加一点吗？”而得到肯定的回答后才斟加。这一点，也同中国主人一再热情地给客人满茶的做法不大一样。\n\n此外，日本人家一般都要在门厅里脱了鞋再进屋子，这种习惯自古以来就有。\n', '', '226');
INSERT INTO `jl_grammar` VALUES ('5E4C20DD9CB12A0D', '58D08E4B784D012F', '动ています', '“动词て形+います”除了可以表示动作正在进行和动作的结果、状态，还可以和表示反复或习惯性的动作。在表示习惯性动作时可以用动词“ます形”来代替\n', '北京行きの飛行機は一時間に一便飛んでいます。（飞往北京的飞机每小时飞一架。）[反复]\n私は毎日散歩しています/散歩します。（我每天散步。）[习惯]\n', '154');
INSERT INTO `jl_grammar` VALUES ('5E765DF8133A83CA', '5491BB05E6440231', 'てもらいます', '森さんは李さんに北京を案内してもらいました。(森请小李带他游览了北京。)\n句型：名１は 名２に 动てもらいます。\n\n上一例句中，名词１：请求的一方(森さん)，名２：被请求的一方(李さん)。\n\n係の人に切符を交換してもらいました。／请工作人员帮我换了票。\n\n林さん、もう少し待ってもらいたいのですか。／林先生,想请你稍微等一下。\n', '', '168');
INSERT INTO `jl_grammar` VALUES ('5E875F9E726601F3', '15D73C404D384B32', '小句 ( 动词简体形 / 形容词 / 形容动词 + な ) + のが＋見えます / 聞こえます', '', '◆空港の入り口に 警 ( けい ) 官 ( かん ) が立っているのが見えます。\n◆－隣の部屋で子供たちが 騒 ( さわ ) いでいるのが聞こえますか。\n　－はい、聞こえます。\n◆彼が車に乗ったが見えました 。\n', '231');
INSERT INTO `jl_grammar` VALUES ('5F6DDA01C8484B17', 'AEA5C5F658F23202', '名１ とか　 名２ とか／小句１ とか 小句２ とか', '用于列举同样性质的例子。\n', 'パーティーで、戴さんとか楊さんとか、いろいろな人に会いました。（联欢会上，碰到了小戴，小杨等许多人。）\nコートとか靴とか、たくさん買いました。（买了外套 ，鞋等好多东西。）\n', '239');
INSERT INTO `jl_grammar` VALUES ('5FA4A3CA986D0756', '58D08E4B784D012F', '动词ます形 「ながら」:一边....一边....', '表示同一个主体同时进行两个动作,其中后面的动作是主要动作。接续方式为动词的ます形(动词ます 去掉 ます的形式 )\n', '李さんはテレビを見ながら、食事をしています(小李一边看电视,一边吃饭--\"吃饭\"是主要动作)\nそのことを考えながら歩いていました(一边考虑着那件事,一边走着--\"走\"是主要动作)\n', '152');
INSERT INTO `jl_grammar` VALUES ('606D6D1791E7077D', 'E1FB3F6BAD791828', '一类形　かったり　一类形　かったりです / 二类形　だったり　二类形　だったりです /  名　だったり　名　だったりです', '用于表示状态或状况有多种可能时，其构成方式是将一类形容词、二类形容词和名词的过去简体形的“～かった”“～だった”中的“た”变成“たり”。\n一类形容词、二类形容词出现的状态一般是反义。如“暑い――寒い”“高い――低い”“静か――にぎやか”。\n', '（１）行機の　チケットは　高かったり　安かったりです。（飞机票有时贵，有时便宜。）\n（２）マンションの　部屋は　広かったり　狭かったりです。（公寓的房间有大有小。）\n（３）この　公園は　時間によって　静かだったり　にぎやかだったりです。（根据时间，这个公园有时寂静，有时热闹。）\n（４）日本語の　先生は　中国人だったり　日本人だったりです。（日语老师既有中国人，也有日本人。）\n', '132');
INSERT INTO `jl_grammar` VALUES ('61AAEC76518EF436', '4E8011325C560697', '名は名です', '相当于汉语的“～是～”。“～は”是主语部分。“～です”是谓语部分。助词“は”用于提示主题，读做“わ”。', '李さんは　中国人です。（小李是中国人。）', '0');
INSERT INTO `jl_grammar` VALUES ('63816DD81BDCBDE9', 'C9CCCC54B256FC63', '动て　ください', '请求某人做某事时使用“动词て形＋ください”。\n', '（１）ここに　住所と　名前を　書いて　ください。（请在这里填写住址和姓名。）\n（２）この　荷物を　航空便で　送って　ください。（请用航空方式寄这件包裹。）\n', '79');
INSERT INTO `jl_grammar` VALUES ('63A1835150D81D1F', '5491BB05E6440231', '名１は名２に名３[物]をくれます', '名词2 指说话人或者说话人一方。「くれる」是指物品由外->内的“给”。\n', '馬さんは私に地図をくれました。／小马给了我一张地图。\n\n小野さん、この本を私にくれますか。／小野，这本书是给我的吗？\n\n昨日、馬さんが妹に旅行のお土産をくれました。／昨天，小马把旅行时买的礼物给了我妹妹。', '165');
INSERT INTO `jl_grammar` VALUES ('64E1EBFC2C569476', '785A27B8EF8FDE03', '动词的命令形', '命令形是说话人对听话人下命令时使用的表达形式。其构成形式如下：\n\n一类动词：把基本形的最后一个音变成相应的“え”段上的音。\n\n二类动词：把基本形的“る”变成“ろ”。\n\n三类动词：把“来る”变成“来い”，把“する”变成“しろ”。\n', '●電気を消せ。（关灯！）\n\n●書類を早く　提出しろ。（快交文件！）\n', '170');
INSERT INTO `jl_grammar` VALUES ('656EEA2BDB2E1381', 'E3046E0A69D0574A', '名１[人]　は　名２[人]　に　名３[物]　を　あげます。', '“あげます”相当于汉语的“给”，通常在物品以“第一人称→第二人称→第二人称”或“第三人称→第三人称”的形式移动时使用。物品用助词“を”表示，接受者用助词“に”表示。\n', '（１）わたしは　小野さんに　お土産　を　あげます。（我送给小野女士礼物。）\n（２）小野さんは　森さん　に　チョコレート　を　あげました。（小野女士给了森先生巧克力。）\n（３）另外、当第三人称的其中之一是说话人的亲戚时，按说话人的立场处理。\n（４）弟は　小野さんに　花を　あげました。（弟弟送花给小野女士。）\n（５）母は　長島さんに　ワインを　あげました。（母亲送葡萄酒给长岛先生。）\n', '39');
INSERT INTO `jl_grammar` VALUES ('65968FEB319A6E70', '39A948AC1B316420', '試験は　いつ　始まりますか。', 'いつ+动词+ますか\n询问某动作或事态进行的时间用“いつ”，询问的时间很具体时，在表示时间的词语后面加“に”如“何時に”“何曜日に”“何日に”，另外在句尾还要加上“か”，变成“ますか”的形式。\n\n附注：\n询问持续性动作或事态的起点或终点时，用“いつから”“何曜日まで”等。\n例句：\n展覧会は　いつから　はじまりますか。（展览会什么时候开始？）\n張さんは　何曜日まで　休みますか。（小张休息到星期几？）——火曜日までです。（休息到星期二。）', '仕事は　何時に　終わりますか。（工作几点结束？）', '25');
INSERT INTO `jl_grammar` VALUES ('66373D207DFCBB5B', '15D73C404D384B32', '动词 のに ( 基准、用途 )', '这个语法点和上面的一样，只不过名词用 に，动词要用其原形 + のに。\n', '◆この写真はパスポートを申請するのに使います。（这张照片申请护照时用。）\n◆このフライパンは 卵焼 きを作るのに使います。（这个平底锅是煎鸡蛋用的。）\n◆このマンションは買い物するのに便利です。（这个公寓出去购物非常方便。）\n', '229');
INSERT INTO `jl_grammar` VALUES ('678900A55E1EAF3A', '30F01CB5EF64C793', '名　を　ください', '买东西或者在餐厅点菜时，用“～を　ください”的形式。此形式既可以用于花钱购物，也可以用于不花钱的索取。\n', '（１）コーラと　ケーキを　ください。（请给我可乐和蛋糕。）\n（２）申込書を　ください。（请给我一张申请书。）\n（３）この本を　ください。（我买这本书。）', '37');
INSERT INTO `jl_grammar` VALUES ('695776163D55C891', '78AFF46B36DCBBC1', '动 てみます　尝试做某事', '', '太田さんは中国語で手紙を書いてみました。\nおいしそうですね、食べてみます。\nそれはおかしい、もう一度調べてみてください。\n', '213');
INSERT INTO `jl_grammar` VALUES ('696C4B27FF5C0771', '7D78B3CD7A1777FC', '一类型　なります', '第14课我们学习了动词的“て”形（第14课语法解释1），本课学习动词的“ない”形。“ない”形的变换方式如下：\n一类动词：把“ます形”去掉“ます”后的最后一个音变成相应的“あ段”音，后加“ない”。如果最后音为“い”时，把“い”变成“わ”后加“ない”。（注意：此时不能将“い”变为“あ”。）\n二类动词：把“ます形”的“ます”去掉后加“ない”。\n三类动词：把“きます”变成“こない”，把“します”变成“しない”。', '', '110');
INSERT INTO `jl_grammar` VALUES ('69B44E795A71E730', '117F3F00E08406AC', '疑问词+も+动（否定）', '表示全面否定。\n', '教室に　だれも　いません。（教室里谁也没有。）\n冷蔵庫に　なにも　ありません。（冰箱里什么也没有。）', '20');
INSERT INTO `jl_grammar` VALUES ('69CCC66136E9126B', '3809055A61E5137B', '一类形 + 名', '一类形容词可直接修饰名词。\n\n注意：形容词和名词之间不能加“の”。“×おいしい　の　料理”\n', '（１）広い　国（幅员辽阔的国家）      \n（２）青い　海（蓝色的大海）\n（３）おいしい　料理（可口的饭菜）          \n（４）白い　紙（白纸）\n', '47');
INSERT INTO `jl_grammar` VALUES ('6AC565769BDE6B39', 'E3046E0A69D0574A', 'もう', '表示完了。意思基本相当于汉语的“已经”。\n', '（１）昼ごはんを　食べましたか。（你吃过午饭了吗？）\n――　ええ、　もう　食べました。（是的，我已经吃过了。）\n', '43');
INSERT INTO `jl_grammar` VALUES ('6B91AA6245FACADB', 'B3FF2B9DDC740413', '动　たばかりです', '动作或事情刚刚结束，与“动 たところです”用法基本相同。\n\n注意：“～たばかりです”可以表示动作行为结束后经过了较长时间的事态，\n　　　“～たところです”一般用于表示动作行为结束后经过的时间极短的事态。\n\n', '◆このモノレールは去年開通したばかりです。（这条单轨铁路是去年刚开通的。)\n◆私は先月中国に着たばかりです。（我上个月刚来中国。)\n◆この本は昨日読んだばかりです。（这本书我昨天刚看完。)\n', '257');
INSERT INTO `jl_grammar` VALUES ('6C4F473C1EB69F66', 'AF2518D6F15596F5', '名词谓语形式的简体形', '', '今日は　曇りだ。（今天是阴天。）\n\n明日は　水曜日だね？（明天是星期三吧。）\n――水曜日じゃ　ないよ、木曜日だよ。（不是星期三，是星期四。）\n\n昨日、スキー場は　雪だった？（昨天滑雪场下雪了吗？）\n――ううん、雪じゃ　なかったよ。いい　天気だった。（没有下雪啊，天天气挺好的。）', '129');
INSERT INTO `jl_grammar` VALUES ('6D4192E378A710BA', 'C9CCCC54B256FC63', '动てから　动[相继发生]', '表述两个以上的动作依照时间顺序相继发生时，也可以使用“动词て形＋から＋动词”的表达形式。其语义和“动词て形＋动词”基本相同，但“てから”不能在一个句子中反复使用两次以上。\n', '（１）李さんは　毎晩　ラジオを　聞いてから　寝ます。（小李每晚听了收音机后睡觉。）\n（２）昼ご飯を　食べてから、出かけます。（吃了午饭后出门。）\n（３）家へ　帰ってから、もう　一度　日本語の　勉強を　します。（回家后，再学一遍日语。）\n', '78');
INSERT INTO `jl_grammar` VALUES ('6D5AB5BDE432EF54', '5C0F074931E212CC', '动[た形]　ことがあります', '表示过去的经历。大致相当于汉语的“曾经～过”。通常用于至少半年以前发生的事情，而在叙述“昨天”等离现在很近的以前的经历时，不能使用用本句型。本句型既可用于叙述经历的时间，次数，也可只用于谈及某种经历。其否定形式是“动词た形+ことがありません”。强调完全没有某种经历时，有时候可以加“一度も”。疑问的表达形式是“动词た形+ことがありますか”。疑问句一般只问有无某种经历。回答时，可以重复问句中的部分词语，也可以只说“はい、あります”“いいえ、ありません”。而不能说“ はい、ことがあります”“ ことがありません”。\n', '（１）私はすき焼きを食べたことがあります。（我吃过日式牛肉火锅。）\n（２）北京へ行ったことがありますか。（你去过北京吗？）\n——いいえ、一度も行ったことがありません。（没有，一次也没有去过。）\n——いいえ、ありません。（不，没有。）\n', '121');
INSERT INTO `jl_grammar` VALUES ('6D7B539944918A19', 'DDC1F89951E9D2BE', '【表达及词语讲解】 こちらこそ', '第１课学习了当对方说“どうぞよろしくお願いします（请多关照）”时，应该紧跟着回应“こちらこそ”的说法。\n应用课文中，太田向森道歉说“すみませんでした”之后，森回答说“いえ、こちらこそ”。这里的“いえ”是针对对方的道歉而说的，表示“不值得道歉”。“こちらこそ”后面省略了“すみませんでした”，是就自己事先没有联系好就贸然前去拜访表示歉意。\n\n\n', '◆ 〔路上擦身而过碰着了肩〕\n　あっ、すみません。（哎呀，对不起。）\n　——いえ、こちらこそ。（哪里，是我不好。）\n\n', '281');
INSERT INTO `jl_grammar` VALUES ('6DD6569CB3B16348', '83F54A28D2A512CD', '名[时间]に　名[次数]+动', '表示在一定时间内进行若干次动作时，使用这个句型。\n', '（１）李さんは　一週間に　二回　プールへ　行きます。（小李一周去游泳池游泳两次。）\n（２）この　花は　二年に　一度　咲きます。（这种花每两年开一次。）\n', '72');
INSERT INTO `jl_grammar` VALUES ('6E5D221B3BF41EF4', 'DDC1F89951E9D2BE', '【表达及词语讲解】 目覚ましをかけます', '“目覚まし”是“目覚まし時計（闹钟）”的省略说法。设定时间一般说“目覚ましをかけます（上闹钟）”。也可以说“目覚ましをセットします（上闹钟）”“アラームをセットします（上闹钟）”。\n', '', '278');
INSERT INTO `jl_grammar` VALUES ('6F4A312D20B7E6AD', 'E3046E0A69D0574A', 'よ　[提醒]', '助词“よ”用于提醒对方注意其不知道、不了解的事情，读升调。根据使用场景的不同，分别表示告知、提醒、轻微的警告等。\n', '（１）すみません、　李さんは　いますか。（请问，小李在吗？）\n――　もう　帰りましたよ。（已经回去了。） [告知]\n（２）わたしは　毎日　アイスクリームを　食べます。（我每天都在吃冰淇淋。）\n――　太りますよ。（那你要发胖的。） [提醒、轻微的警告]\n', '42');
INSERT INTO `jl_grammar` VALUES ('6F6A2C859CFC91C0', '8377D9FF6994BEB2', 'だれですか　なんですか', '不知道是什么人时用“だれ”，不知道是什么事物时用“なん”询问，分别相当于“谁”和“什么”。句尾后续助词“か”，一般读升调。\n\n注意：\n汉语里，句子中有“谁”“什么”时，句尾不用“吗”，但在日语里，句子中即便有“だれ”“何”，句尾仍然要用“か”。\n\n参考：\n“だれ”的比较礼貌的说法是“どなた”。“だれ”通常用于对方与自己地位相当或比自己地位低时。对尊长或比自己地位高的人用“どなた”询问。\n（３） スミスさんは　どなたですか。（史密斯先生是哪一位？）', '（１） それは　なんですか。（那是什么？）\n（２） あの人は　だれ ですか。（那个人是谁？）', '6');
INSERT INTO `jl_grammar` VALUES ('706278D3E2DD51A5', 'E85C84498A29908F', '小句动词简体形かもしれません', '表示有可能发生某，其可能性一般为百分之五十左右。动词小句和一类形容词小句用简体后续“かもしれません”。二类形容词小句和名词小句则把简体形的“だ”换成“かもしれません”即可。\n\n注意：与“～でしょう”相比“かもしれません”表示的概率较低。\n\n', '（１）森さんは今日会社を休むかもしれません。/森先生今天也许不来公司上班了。\n（２）あの2人は仲がいいですね。/那两个人关系很好呀。\n—あの2人は結婚するかもしれません。/也许他们会结婚吧。\n（３）クレジットカードを落としたかもしれません。/也许我把信用卡弄丢了。\n（４）来週は暇かもしれません。/下星期也许有空。\n（５）明日は雪かもしれません。/明天也许下雪。\n', '150');
INSERT INTO `jl_grammar` VALUES ('70E21F6F90AF64EE', 'AF2518D6F15596F5', '二类形容词谓语形式的简体形', '现在将来形式的肯定疑问句用去掉简体形中的“だ”的形式（名词也一样）。', 'この　ネクタイ、派手？（这条领带花哨吗？）\n――ううん、全然　派手じゃないわ。（不，一点都不花哨。）\n\n森さんの　アパート、静か？（森先生居住的公寓安静吗？）\n――うん、静かだよ。（嗯，很安静。）\n', '128');
INSERT INTO `jl_grammar` VALUES ('7136EBBF38AE7DAC', 'A65B80B2369DA693', '【表达及词语讲解】～てきました', '*接续：接在非意志性动词的第二连用形后。\n*意义：表示某种状态的开始或出现。\n\n', '①眠くなってきました。（想睡觉了。）\n②雪が降ってきました。（下雪了。）\n③コーヒーが出てきました。（咖啡煮好了。）\n④人が入ってきました。（有人进来了。）\n\n', '298');
INSERT INTO `jl_grammar` VALUES ('72E0DD26C4562257', '01FDFF2EE6CDEAF8', '【表达及词语讲解】まあ', '表示不十分理想，但还能过得去的程度，用于调控自己或对方的不满情绪。\n', '▲報告書ができました。これでいいですか。（报告写好了，这样行吗？）\n▲時間もないから、まあ、いいでしょう。（没有时间修改了，恩，就这样吧。）\n', '184');
INSERT INTO `jl_grammar` VALUES ('730E6E593A676CB0', 'AEA5C5F658F23202', '「ば」型：', '表示假定条件，分为动词的「ば」型和形容词「ば」型；\n变化规则：\n\n五段动词 (１类动词）：把基本型的最后一个音变成相应的「え」段上的音，再加上「ば」；\n一段动词（２类动词）：把基本型的「る」变成「れば」；\nカ变／サ变动词（３类动词）：把「くる」→「くれば」；「する」→「すれば」。\n\n类型 　　　　基本形 　　　　ば 形\n五段动词（１类动词）\n書く　　　　かく 　　　　　 かけば\n急ぐ 　　　いそぐ 　　　　いそげば\n飛ぶ 　　　とぶ 　　　　　とべば\n読む 　　　よむ　　　　　よめば\n死ぬ 　　　しぬ 　　　　　しねば\n待つ 　　　まつ 　　　　　まてば\n売る 　　　うる 　　　　　うれば\n買う 　　　かう　　　　　 かえば\n話す　　　はなす　　　　はなせば\n\n一段动词（２类动词）\n食べる 　　たべる　　　たべれば\n見る 　　　みる 　　　　みれば\n寝る 　　　ねる　　　　 ねれば\n\nカ 变 / サ 变动词（３类动词)\n来る　　　くる 　　　 くれば\nする 　　　する　　　 すれば\n\n形容词也有 ば 形，它的变化规则是：将形容词尾的 い 变为 ければ；\nない——なければ\n楽しい——楽しければ\n', '', '235');
INSERT INTO `jl_grammar` VALUES ('7446C710B543A15C', '5491BB05E6440231', '【房地产相关用语】', 'アパート：公寓\nマンション：（高级）公寓\n建売り（たてうり）：建房出售\n一戸建て（いっこだて）：独栋楼房\n賃貸（ちんたい）：出租（房） 　\n新築（しんちく）：新建房屋\n築～年（ちく～ねん）：建后～年　\n畳（たたみ）：量词，用以说明日式房间面积\nＬＤＫ：带起居室、餐厅和厨房的居室\n１Ｋ：带厨房的1居室　\nユニットバス：整体浴室　\n家賃（やちん）：房租\n敷金（しききん）：押金 　\n礼金（れいきん）：酬谢金\n管理費（かんりひ）：管理费', '', '169');
INSERT INTO `jl_grammar` VALUES ('76C51C1405637F7B', '01FDFF2EE6CDEAF8', '动词意志形+と思っています', '向听话人表达已经意志了一段时间的事。\n\n注：动词意志形+と思います和动词意志形+と思っています的区别在于：\n\n①.动词意志形+と思っています是表示已经在脑子里想了一段时间的事了。\n动词意志形+と思います是表达当场的意志。\n②.动词意志形+と思っています有未完成的语感。\n\n', '①.明日、病院ヘ行こうと思っています。（我明天想去医院）\n\n②.今度、長江下りをしようと思っています。（我想下次坐船游览长江两岸的风光）\n', '180');
INSERT INTO `jl_grammar` VALUES ('79229E804903DA55', 'A65B80B2369DA693', '动／形＋ば 动／形＋ほど +小句', '表示：某性质的程度与其相关的动作，性质成正比关系。\n', '◆商品は安ければ安いほど売れるんでしょう？（商品越便宜越好卖吧？）\n◆住めば住むほど上海のよさが分かりますよ。（越住越能体会到上海的好。）\n◆結婚式のスピーチは、短ければ短いほどいいと言われていますね。（大家都说结婚典礼上的致辞越短越好。）\n\n', '296');
INSERT INTO `jl_grammar` VALUES ('79A6BFF944D860E7', 'C8F844267ECA4F3A', '名 は 名 ですか、名 ですか', '答案有多种可能，而询问其中的一种时，可以重复使用谓语“～ですか”。因为这里询问的是哪一种，不能用“はい”或“いいえ”来回答。', '（１）かばん売り場 は1階ですか、2階ですか。（卖包的柜台在1层还是2层？）\n（２）今日は 水曜日ですか、木曜日ですか。（今天是星期三还是星期四？）\n（３）林さんは　韓国人ですか、日本人ですか、中国人ですか。\n――日本人 です。（林先生是韩国人？日本人？还是中国人？——是日本人。）', '14');
INSERT INTO `jl_grammar` VALUES ('79A7E54274531363', '5F8595DC86B89AFB', '小句１ と小句２“～と”', '用于表示恒常状态，真理，反复性状态，习惯等；\n\nこのボタンを押すと、電源が入ります。（按下这个按钮，电源就接通了）恒常状态。\n食べ物を食べないと、人間が生きることができません。（不吃食物，人就没法活）真理。\n私はその店へいくと、いつもコーヒーを飲みます。（我去那个店的时候，总要喝咖啡） 反复的状态。\n\n另外，“～と”还可以表示由于某种行为而发现了新的情况。\nこの道をまっすぐ行くと、デパートがあります。（沿着这条路走，有一家百货商店。）\nカーテンを開けると、美しい山が見えました。（打开窗帘。就看见了美丽的山。）\n\n注意：用“～と”的复句，“小句2”不能是自己的意志，愿望或向听话人提要求，劝诱等内容。\n√　夜になると、電気が付きます。\n×　夜になると、食事に行きましょう。\n', '夜になると、電気が付きます。', '189');
INSERT INTO `jl_grammar` VALUES ('7B3488B7A327FF71', '39A948AC1B316420', '今　～時　～分です。', '表示现在的时间。译为：现在～点～分。\n\n附注：\n「30分」（さんじゅっぷん）可以用「半」（はん）来替代。因此上句中的「八時　三十分です。」＝「八時半です。」另外，在我们平时说时间时，一般都说“现在是早上8点”，日语中也一样，日语中的「午前」（ごぜん）表示“早上”，「午後」（ごご）表示“下午”。', '今　何時　ですか。/现在几点？\n八時　三十分です。/8点30分。', '21');
INSERT INTO `jl_grammar` VALUES ('7B8A92476C596490', 'AEA5C5F658F23202', '【表达及词语讲解】買っちゃった', '基本课文Ｄ中的“ちゃった”是第３３课学过的“～てしまった”的口语形式，其语义与“てしまった”基本相同，但令人不愉快的语气比“～てしまった”弱。\n', '▲ 見ちゃった。今、こっそりつまみ食いしたでしょう。（看见了。（你）刚才偷吃零食了吧？）\n▲ あっ、財布を忘れちゃった。（啊！忘带钱包了。）\n', '241');
INSERT INTO `jl_grammar` VALUES ('7BCA6EFF1D6C4817', '78AFF46B36DCBBC1', '动　ておきます　', '为做某种准备而有意识地进行的动作。为了某种目的而将动作的结果或效果留存下来。\nお客さんが来る前に、部屋を掃除しておきます。\n明日は忙しいです、今夜はゆっくり休んでおいてください。\n訪問する前に、一度電話しておきます。\n', '－－帰りの切符を買っておきますか\n－－いいえ、買っておかなくてもいいです。\n', '212');
INSERT INTO `jl_grammar` VALUES ('7C08FA5A0CCC4F3A', '785A27B8EF8FDE03', '动词基本形+ な　表示[禁止]', '用于禁止听话人做某事。\n', '●ここに車を止めるな。（ 不要在这儿停车！）\n　　\n●タバコを吸うな。（不要吸烟！）\n', '172');
INSERT INTO `jl_grammar` VALUES ('7CF2FA123A5CE61C', 'C2824ED5B5E81097', '名1の　中で　名2が　いちばん　一类形/二类形です', '在某个范围内，表示“名词2”最具有形容词的性质时使用这个句型。“名词1”为表示“名词2”所属范围的名词。\n\n参考：\n如“名词1”表示场所或时间，则后面不加“の中”，而使用“名词1[场所/时间]で　いちばん　一类形/二类形　名2は　名3です”的句型。\n（１）日本で　いちばん　高い　山は　富士山です。（日本最高的山是富士山。）\n（２）一年で　いちばん　寒い　月は　2月です。（一年当中最冷的月份是2月份。）\n注意：\n日语中的“いちばん”虽然相当于汉语“最”的意思，但两者用法不同。汉语的“最”可以用于不明确指出比较对象或范围的情况，日语的“いちばん”只能用于“～の　中で”“～で”等明确指出比较对象或范围的情况。\n', '（１）スポーツ　の　中で　サッカー　が　いちばん　おもしろいです。（在各种体育活动中，足球最有意思。）\n（２）日本料理　の　中で　寿司　が　いちばん　おいしいです。（日式饭菜中，寿司最好吃。）\n', '67');
INSERT INTO `jl_grammar` VALUES ('7CF9EFF66E5A92EF', '32F0252F6526B44D', '【表达及词语讲解】お手伝い「动词转换为名词]', 'お手伝い是动词お手伝います的“ます”去掉形。再接表示尊敬的“お”构成的名词。\n', '', '283');
INSERT INTO `jl_grammar` VALUES ('7E3B6EE2FB155AB9', 'E85C84498A29908F', '小句动词简体形+の+を动', '动词小句加“の”的名词化形式还可以做宾语。\n\n注意：这种名词化形式做宾语时“の”和“こと”可以互换。\n\n（１）李さんは部長に報告するの（＝こと）を忘れました。\n\n如果句尾的动词是“知らせます”（告诉）“伝えます”（转告）“話します”（说）等表示语言行为的动词时，要用“こと”而不能用“の”。\n\n（１）李さんは森さんガ休むことを伝えました。/小李转告了森先生请假的事情。\n\n句尾的动词是“見ます（看）”“聞きます（听）”等表示感知的动词或“手伝います（帮忙）”“やめます（停止）”“防ぎます（防御）”等表示直接作用于动象的动词时，则要使用“の”而不能用“こと”。\n\n（１）李さんは森さんガ車から降りるのを見ました。/小李看见森先生从车上下来了。\n\n', '（１）手紙を出す　のを忘れました。/我忘了寄信。\n（２）森さんガ　発言する　のを聞きました。/听了森先生的发言。\n（３）林さんは　掃除する　のをやめました。/林先生不做扫除了。\n（４）李さんは　小野さんガ料理を作るのを手伝います。/小李帮小野女士做菜。\n', '148');
INSERT INTO `jl_grammar` VALUES ('7F511C85457C7725', '117F3F00E08406AC', '名　と　名 【并列】', '助词“と”加在两个名词之间表示并列，意思相当于汉语的“和”。', '時計　と　眼鏡（表和眼镜）\nビール　と　ウイスキー（啤酒和威士忌）\n居間に　テレビ　と　ビデオが　あります。（起居室里有电视机和录象机。）', '17');
INSERT INTO `jl_grammar` VALUES ('808EEC7CAA45613A', '15D73C404D384B32', '【表达及词语讲解】ほんと＝本当。', 'ほんと是口语形式。\n', '', '232');
INSERT INTO `jl_grammar` VALUES ('80D49F2C922DB33E', '6092F629D9151082', '动[基本形]　前に、～～～', '表示一个动作在另一个动作之前发生时，使用这个句型。\n', '（１）こちらへ来る前に電話をかけてください。（来之前请打个电话。）\n（２）毎日寝る前にシャワーを浴びます。（每天睡觉前淋浴。）\n这个句型也可以以“名词+の+前に”的形式使用。\n（１）会議の前に資料をコピーします。（开会之前复印资料。）\n', '117');
INSERT INTO `jl_grammar` VALUES ('81F90988BC933FC0', '78AFF46B36DCBBC1', '他动 てあります', '表示有意进行的动作结果的存续状态。这个句型不涉及动作的主体只涉及动作的对象。\n', '壁にカレンダーが掛けてあります。\n窓が開けてあります。\nパスポートはバッグの中に入れてあります。\n壁に私がカレンダーを掛けました。\n壁にカレンダーが掛けてあります。', '211');
INSERT INTO `jl_grammar` VALUES ('837B93E28015CF55', '8377D9FF6994BEB2', 'どれ/どの　名', '“どれ”“どの”是在三个以上的事物中，不能确定是哪一个时所用的疑问词。单独使用时，用“どれ”，修饰名词时用“どの”。', '（１） 森さんの　かばんは　どれ　ですか。（森先生的包是哪个？）\n（２） 長島さんの　傘は　どれ　ですか。　（长岛先生的伞是哪一把？）\n（３） 小野さんの　机は　どの　机　ですか。　（小野女士的桌子是哪一张？）', '9');
INSERT INTO `jl_grammar` VALUES ('83D30904F4C6208F', 'C832E4B02E7050D3', '名【场所】から 动', '使用移动动词时，移动的起点用助词“から”表示。这里的“から”和第五课学过的表示时间起点的“から”是同一助词。', '（１）李さんは　先月　北京　から　来ました。（小李上个月从北京来。）\n（２）あの方は　どこ　から　来ましたか。（那个人是从哪儿来的？）', '28');
INSERT INTO `jl_grammar` VALUES ('83E034512E1E6050', 'E85C84498A29908F', '小句动词简体形でしょう「推测」', '表示说话人对自已和听话人都不能断定的事情进行推测，常与“たぶん”呼应使用。动词小句和一类形容词小句用简体形后续“でしょう”，二类形容词小句和名词则把简体形的“だ”换成“でしょう”就可以了。“でしょう”的简体形是“～だろう”。\n', '（１）明日の朝は大雨になるでしょう。/明天早晨会下大雨吧。\n（２）森さんは知らないでしょう。/森先生不知道吧。\n（３）この本の値段はわかりませんガ，たぶん高いでしょう。/我不知道这本书的价格，大概很贵吧。\n（４）桜の季節ですから，京都はたぶんにぎやかでしょう。/现在正是观赏樱花的季节，京都大概很热闹吧。\n（５）今年はたぶん豊作だろう。/今年大概是个丰收个吧。\n（６）これはたぶんだれかの忘れ物だろう。/这大概是谁忘记的东西吧。\n（７）会議はもう終わっただろう。/会议已经结束了吧。\n', '149');
INSERT INTO `jl_grammar` VALUES ('8444D3E6D3542057', '6092F629D9151082', '名[人]　は　动[基本形]　ことができます', '“动词基本形+ことができます”表示能力。在回答别人的询问时，肯定的情况下可以单用“できます”，否定的情况下可以单用“できません”。\n', '（１）スミスさんはピアノを弾くことができます。（史密斯先生会弹钢琴。）\n（２）森さんは中華料理を作ることができますか。（森先生会做中国菜吗？）\n————はい、できます。（是的，会做。）\n', '115');
INSERT INTO `jl_grammar` VALUES ('84D813313254AF7A', '3D1CD54A1EF98BF5', '名は(名に)动（ら）れます', '表示被动时，动作对象做主语，而动作主体用助词“に”表示。\n', '■ 部長は李さんをほめました。(部长表杨小李了)\n■ 李さんは部長にほめられました。(小李受到了部长的表杨)\n■ 森さんは小野さんに食事に誘われました。(森先生被小野邀请去吃饭了)\n■ 李さんは部長にほめられませんでした。(小李没有被部长表杨)\n', '264');
INSERT INTO `jl_grammar` VALUES ('85AB10D57DB12C20', 'C2824ED5B5E81097', '名1は　名2ほど　一类形く　ないです/二类形では　ありません', '比较“名词1”和“名词2”，“名词1”比“名词2”更不具有形容词的性质时使用这个句型。句尾必须使用否定形式。\n', '（１）東京の　冬は　北京の　冬　ほど　寒く　ないです。（东京的冬天没有北京的冬天那么冷。）\n（２）神戸は　大阪　ほど　にぎやか　では　ありません。（神户没有大阪那么繁华。）\n（３）わたしの　部屋は　王さんの　部屋　ほど　きれい　では　ありません。（我的房间没有小王的房间那么整洁。）\n', '66');
INSERT INTO `jl_grammar` VALUES ('8776672FB42447B5', '670557250FD3D1A3', '小句（基本形/ない形） ようになります', '表示能力，状态，习惯等变成了某种状态。\n接续：非意志性动词的基本形／ない形；意志性动词的可能形式的基本形／ない形\n', 'けがが治って、歩けるようになりました。（伤已经痊愈，能够走路了。）\n平仮名を間違えないようになりました。（已经不会搞错平假名了。）\n', '246');
INSERT INTO `jl_grammar` VALUES ('8791E74FD1D0476C', 'C9CCCC54B256FC63', '「补充知识」～てくださいませんか', '「てくださいませんか」是动词连用形接「て」后接「くださいませんか」。是表示请示的礼貌表达方式，一般用于对长辈、上级、客人的请求。相当于汉语的“请……”的意思。\n', '（１）ちょっと待ってくださいませんか。（请稍微等一下。）\n（２）速達で出してくださいませんか。（请寄快件。）\n（３）明日もう一度来てくださいませんか。（请明天再来一趟。）\n', '84');
INSERT INTO `jl_grammar` VALUES ('8867318AD8D0B11A', 'AEEAE34F1DB019D5', '二类型/名 にします', '和本课“语法解释2”的情况相同，这个句型表示因主语的意志性的动作，作用等而引起事物发生变化。\n\n参考：\n在餐馆里回答服务员的点餐询问时，可以使用“～に　します”这一形式。例如：“カレーにします（我要咖喱饭）”“コーヒーにします（我要咖啡）”。这是把自己决定的事情告诉对方的一种表达方式。\n（１）日本でいちばん高い山は富士山です。（日本最高的山是富士山。）\n（２）一年でいちばん寒い月は2月です。（一年当中最冷的月份是2月份。）', '（１）部屋をきれいにしてください。（请把房间打扫干净。）\n（２）会議室を禁煙にします。（会议室里禁烟。）\n', '107');
INSERT INTO `jl_grammar` VALUES ('88B2344BC8809604', '39A948AC1B316420', '七時に　起きます。', '名词【时间】+に+动词\n表示动作发生的时间时，要在具体时间词语后面加上助词“に”，如“三時に”“九時に”。\n\n附注：\n叙述包含数字的时间时后续助词“に”，要说成“三月十四日に”“２００８年に”，但“今”、“昨日”、“今日”、“明日”、“每日”、“去年”、“来年”等词后不能加“に”。星期后一般加“に”，如“日曜日に”，但也可以不加。', '学校は　八時半　に　始まります。（学校8点半开始上课。）', '23');
INSERT INTO `jl_grammar` VALUES ('88BBC1BD948C04BC', 'C9CCCC54B256FC63', '动て　动[相继发生]', '表述两个以上的动作依照时间顺序相继发生时，可以使用“动词て形+动词”的形式来表示。\n', '（１）昨日　デパートへ　行って、買い物しました。（昨天去商场买东西了。）\n（２）家へ　帰って、宿題を　します。（回家，然后做作业。）\n（３）図書館へ　行って　本を　借りて、家へ　帰ります。（去图书馆借书，然后回家。）\n', '77');
INSERT INTO `jl_grammar` VALUES ('88E18998A46AB965', 'A65B80B2369DA693', '动+てきました[出现]', '除这外句型还有表示某种状态的开始或者出现，不过，只限于前面接动词的非意志型。\n', '◆ずっと本を読んでいたので、目が疲れてきました。（一直在看书，眼睛累了。）\n◆お母さん、雨が降ってきたよ。（妈妈，下起雨来了。）\n\n', '294');
INSERT INTO `jl_grammar` VALUES ('8BF583120F7ED2AC', '58D08E4B784D012F', '【词汇表达】けんかする（喧嘩する）　「名・自動３」　吵架，打架，争吵', '惯用表现：\n喧嘩を売る　/　找茬儿打架；寻衅\n喧嘩を買う　/　接受挑衅而打架\n喧嘩に花が咲く　/　越吵越凶\n喧嘩は降り物　/　吵架是随时都会发生的\n喧嘩両成敗　/　打架的双方都要处罚\n', '', '164');
INSERT INTO `jl_grammar` VALUES ('8BFC73370D37A666', '15D73C404D384B32', '名词 + ばかり：表示所列举的事物都是相同的 / 动词 + てばかり ：表示总是发生同样的事情或总是进行同样的动作', '注意：「 ばかり」「だけ」 都是表示限定的，他们有什么区别呢？\n１.だけ 可以用来限定数字， ばかり 不能；用 ばかり 接数字在语法上没错 ，但是意义就变了，而不表示限定了。\n如：\n三つだけ食べました。／只吃了 3 个。\n三つばかり食べました。／另外吃了三个。\n\n２.だけ 可以与否定呼应，ばかり 不能\n３.だけ 只表示没有例外，ばかり 可以表示反复进行的动作。\n另外，ばかり 有不太理想的含义。\n', '◆--- 何で野菜ばかり食べているんですか。\n　--- 今、ダイエット中なんです。\n◆林さんはカラオケで古い歌ばかり歌います。\n\n◆張さんは毎日お酒を飲んでばかりいます\n◆森さんはいつも失敗してばかりいます\n', '230');
INSERT INTO `jl_grammar` VALUES ('8C5AA5EE295254BA', '4A0095AE1A34869A', '动词小句+名　を/に/から　动词ます（动词小句修饰名词形成的短语,也可做主语以外的其它句子成分。）', '注意：修饰名词的动词小句中的主语,要用「が」来提示。\n', '（１）中国で買ったCDを友達に貸しました。（我把在中国买的CD借给朋友了。）\n（２）中国へ転勤した友達に手紙を書きます。（我给调到中国工作的朋友写信。）\n（３）私が知らない人から手紙が来ました。（一个不认识的人给我来了信。）', '140');
INSERT INTO `jl_grammar` VALUES ('8E06B2B70059BF12', '0C1BB8EF80985A87', '日语的动词可分为自动词和他动词', '最典型的他动词具有主语作用于宾语而使其发生变化的含义，其宾语用“を”表示。自动词是不带宾语的动词，表示不考虑外力影响的情况下，主语自主地进行动作，或自然地发生变化，其主语用“が”表示。另外，如下所示，日语的一部分自，他动词在词形上有对应关系。\n\n日语中在词形上有对应关系的一部分自、他动词，其自动词的词尾部分是“aru”[ある]，而他动词的词尾部分是“eru”[える]。(如：掛（か）かるー＞掛（か）ける)\n\n还有一部分其自动词的词尾部分是“eru”“ru”[える、る]他动词的词尾部分是“su”[す]　(消（き）えるー＞消（け）す)\n\n上面说的这两种情况是主要对应规则，还有一些对应关系不十分规则，(如：割（わ）れるー＞割（わ）る)\n\n为了更形象的表现自动词和他动词，亲们要仔细看下面的表格捏~^_^~\n\n', '◆ 窓があきました。（窗子开了。）\n◆（李さんが）窓を開けました。（小李打开窗户了。）\n◆ タイムサービスが始まります。（时段廉价销售就要开始了。）\n◆（デパートが）タイムサービスを始めます。（百货公司开始时段廉价销售。）\n', '203');
INSERT INTO `jl_grammar` VALUES ('8F6140B026900628', '16B30FDBE23DBEC3', '名を　动たいです', '表达相当于汉语“想～”的意思时，使用“名词1は名词2を　～たいです”。“名词1”是愿望的主体，“名词2”表示希望进行动作的对象。“たい”前接动词“ます形”去掉“ます”的形式。使用“欲しいです”或“～たいです”的时候，如果是陈述句，则第一人称“わたし”是主语。如句子是疑问句则第二人称“あなた”是主语。这两种情况的主语都可以从句子的前后关系中判断出来，因此常常省略。\n\n注意：\n如“わたしはお茶が飲みたいです”所示，“たい”的对象有时不用“を”，而用“が”表示。但“欲しい”的对象只能用“が”来表示。\n水　を　飲みたいです。（我想喝水。）\n水　が　飲みたいです。（我想喝水。）\n水　が　欲しいです。（我想喝水。）\n\n参考：\n全面否定“名词＋を＋动词”时，使用“疑问词＋も＋动词否定形式”。全面否定“名词＋に/から/と＋动词”时，在这些助词后面加“も”成“疑问词＋にも/からも/とも＋动词否定形式”。全面否定“名词＋へ＋动词”时，既可以使用“疑问词＋も＋动词否定形式”，也可以使用“疑问词＋へも＋动词否定形式”。\nだれに会いたいですか。（你想见谁？）\n—だれにも会いたくないです。（谁也不想见。）\nどこへ行くたいですか。（你想去哪儿？）\n—どこへも行きたくないです。（哪儿也不想去。）', '（わたしは）映画　を　見たいです。（我想看电影。）\n今日はお酒　を　飲みたくないです。（今天不想喝酒。）\n（あなたは）何　を　したいですか。（你想做什么？）\n—何　も　したくありません。（什么都不想做。）', '99');
INSERT INTO `jl_grammar` VALUES ('90A32D5ADA08FE5D', '39A948AC1B316420', '森さんは　七時に　起きます。', '森さんは　先週　休みました。\n动词ます/动词ません\n动词ました/动词ませんでした\n肯定地叙述现在的习惯性动作，状态以及未来的动作，状态时，用“～ます”，其否定形是“～ません”。肯定地叙述过去的动作时“ます”要变成“ました”。其否定形式是“ませんでした”这四种都是礼貌的表达形式。\n\n此类句子的疑问句就是直接在句尾+「か」。\n例句：森さんは先週休みましたか。（森先生上周休息吗？）', '（１）森さんは毎日働きます。（森先生每天工作。）\n（２）田中さんはあした休みます。（田中先生明天休息。）\n（３）田中さんは今日働きません。（田中先生今天不工作。）\n（４）森さんは明日やすみません。（森先生明天不休息。）\n（５）森さんは先週休みました。（森先生上周休息。）\n（６）私は昨日働きませんでした。（我昨天没上班。）\n', '22');
INSERT INTO `jl_grammar` VALUES ('9105A6D359A7DB6D', 'AF2518D6F15596F5', '敬体形和简体形', '在口语里，日语的谓语形式根据说话人和听话人之间的上下关系、亲疏关系的不同而不同。迄今为止学习的“～ます”“～です”是对长辈或关系不太亲密的人使用的形式。这种形式我们称做“敬体形”。与此相反，如对方是自己的同辈或是晚辈，或者关系较密切时则使用“简体形”。“简体形”是不使用“ます”“です”的形式。\n\n动词本身即具有“敬体形”和“简体形”，如以前学过的“～ます”“～ません”“～ました”“～ませんでした”等四种礼貌的表达形式即是“敬体形”，而以前所学的动词的“基本形”“ない形”“た形”都属于“简体形”。但一类形容词、二类形容词和名词本身没有“敬体形”和“简体形”之分，只有在做谓语时，其谓语形式才具有“敬体形”和“简体形”。以下“语法解释2～5”里我们将分别予以说明。\n\n', '', '125');
INSERT INTO `jl_grammar` VALUES ('91368482F54458FD', '555BA4813C2BE35E', '【表达及词语讲解】ずっと（副詞）', '第十二课学习了副词“ずっと”表示程度差异很大的意思，本课学习其表示在某一期限内动作、状态一直持续的用法，“連休中はずっと～”意思是“连休期间一直～”。\n', '☆ 天気予報によると、連休中はずっと晴れだそうですよ。（天气预报说，连休期间一直是晴天。）\n☆ 佐藤さんは先月からずっと入院しています。（佐藤先生上个月起就一直在住院。）\n', '199');
INSERT INTO `jl_grammar` VALUES ('92FE4B6AB1E4F631', '623D73458E846EE7', '【表达及词语讲解】絶対', '“絶対”既可以修饰否定的内容，也可以修饰肯定的内容。应用课文中的“絶対来たい”里的“絶対”是用来修饰肯定的内容的。有时后面加“に”成“絶対に”，但意思不变。\n', '◆　わたしは映画を見て、絶対来たいと思っていたんです。（我就是看了电影，才想一定来这儿看看的。）\n◆　森さん、約束の時間は７時です。絶対に遅れないでくださいね。（森先生，约好的时间是 7 点。请千万别迟到呀！）\n', '254');
INSERT INTO `jl_grammar` VALUES ('940B4D0348E71435', 'AEEAE34F1DB019D5', '二类型/名　になります', '和本课“语法解释1”的情况相同，用“二类形容词/名词+に　なります”的形式来表示性质或状态的变化。\n', '（１）もう元気になりました。（已经恢复健康了。）\n（２）息子は医者になりました。（儿子当医生了。）\n（３）来年社会人になります。（明年将成为社会的一员。）\n', '106');
INSERT INTO `jl_grammar` VALUES ('940EB7ED2D28A253', '53D9A724DD6F152C', '【表达及词语讲解】試験に合格しました。', '意思是“考试考中了”，这里的“に”表示“成功”或“失败”的对象。\n', '', '290');
INSERT INTO `jl_grammar` VALUES ('94A91EAD611DC006', 'E1FB3F6BAD791828', '动　たり　动　たりします', '用于表示列举若干种有代表性的动作时。其构成方式是将动词“た形”中的“た”变为“たり”。\n', '（１）小野さんは　休みの日、散歩したり　買い物に　行ったり　します。（周末或节假日，小野女士有时候去散步，有时候去买东西。）\n（２）吉田さんは　日曜日には　何を　しますか。（吉田先生，你星期天都做什么？）\n――家の　掃除を　したり　洗濯を　したり　します。（打扫打扫房间，洗洗衣服。）\n', '131');
INSERT INTO `jl_grammar` VALUES ('95022E3EBF5EDFA4', 'C832E4B02E7050D3', '名【交通工具】　で　动', '交通手段用助词“で”表示，不使用交通工具而步行时用“歩いて”。\n', '（１）上海まで　飛行機で　行きます。（到上海坐飞机去。）\n（２）私は　バスで　家へ　帰ります。（我乘公共汽车回家。）\n（３）李さんは　歩いて　アパートへ　帰りました。（小李步行回到公寓。）\n（４）京都へ　何で　来ましたか。（你怎么来京都的？）', '30');
INSERT INTO `jl_grammar` VALUES ('9698DAE6E1783B8D', 'C2824ED5B5E81097', '名1と　名2と　どちらが　一类形/二类形ですか', '询问两种事物当中哪一种更具有形容词的性质时使用这个句型。“どちら”是二者选一时使用的疑问词。回答时使用“～の　ほうが…”。如果两者程度相当，则使用“どちらも　～です”。“どちら”在口语中有时说成“どっち”。\n', '（１）日本語　と　英語　と　どちらが　難しいですか。（日语和英语，哪个难学？）\n―日本語　の　ほうが　難しいです。（日语难学。）\n（２）コーヒー　と　紅茶　と　どっちが　好きですか。（咖啡与红茶，更喜欢哪个？）\n―紅茶の　ほうが　好きです。（更喜欢红茶。）\n―どちらも　好きです。（哪个都喜欢。）\n询问的范围为两种事物时，无论是人是物还是时间，都可以使用“どちらが”。但询问的范围为三种以上的事物时，则不能使用“どちら”。\n', '68');
INSERT INTO `jl_grammar` VALUES ('975AE59260AA0409', 'AEA5C5F658F23202', '【表达及词语讲解】条件表达方式小结', '第31课学习了“～と”，第35课学习了“～たら”，本课学习了“～ば”和“～なら”。在此我们将这些表达方式归纳、比较如下：\n\n（１）“～たら”和“～ば”表示“如果”“要是”之类的假定条件时，多用“～たら”或“～ば”。“～たら”的使用条件没有限制，而“～ば”则不同。用“～ば”时，当前面的小句表示动作或变化时，后面的小句则不能是“～たいです”“てください”等表示意志、请求的形式。\n▲○ 雨が降ったら、窓を閉めてください。（要是下雨，请关窗户。）\n　Ⅹ 雨が降れば、窓を閉めてください。\n\n另外，当“～たら”后面的小句是过去形式时，表示发现了某种情况，但“～ば”没有这种用法。\n▲○ 窓を開けたら、富士山が見えました。（打开窗户，看到了富士山。 ）\n　Ⅹ 窓を開ければ、富士山が見えました。\n\n小句为二类形容词小句和名词小句时，把其简体形“～だ”换成“～なら”。\n▲ 明日晴れなら、わたしも行きます。（如果明天是晴天，我也去。）\n\n（２）～と。“と”用于前项一旦成立，后项就必然成为现实的复句里。在这种复句里使用“～たら”也不算错，但是不够自然。另外，“～と”的后面不能使用表示意志或请求的表达方式。\n\n○ スイッチを押すと、電気がつきます。（一按开关灯就亮了。）\n△ スイッチを押したら、電気がつきます。（按了开关，灯就亮了。）\n○ スイッチを押したら、すぐ部屋を出てください。（按了开关，请马上离开房间。）\nⅩ スイッチを押すと、すぐ部屋を出てください。\n\n此外，和“～たら”一样，“～と”也可以用于表示发现了某种情况，这时后面句子的句尾使用过去形式。\n○ 窓を開けると、富士山が見えました。（一打开窗户，就看到了富士山。）\n\n（３）～なら。“～なら”多用于以对方的某种意志或愿望为前提而提出某种建议。这种用法“～たら”“～ば”“～と”都不具备。\n\n▲ 新鮮な魚を買いたんですが。（我想买新鲜的鱼……）\n○ 魚を買うなら、駅前のスーパーがいいですよ。（买鱼的话，车站附近的超市很好。）\nⅩ 魚を買ったら、駅前のスーパーがいいですよ。\nⅩ 魚を買うと、駅前のスーパーがいいですよ。\nⅩ 魚を買えば、駅前のスーパーがいいですよ。\n\n不过如果前项不是交谈对方的意志或愿望，而只是其某种兴趣或嗜好时，则“～なら”和“～たら”可以通用。\n「看见朋友不吃蔬菜」\n○ 野菜が嫌いなら、食べなくてもいいですよ。（不喜欢吃蔬菜的话，不吃也可以。）\n○ 野菜が嫌いだったら、食べなくてもいいですよ。（如果不喜欢吃蔬菜，不吃也可以。）\nⅩ 野菜が嫌いだと、食べなくてもいいですよ。\n', '', '240');
INSERT INTO `jl_grammar` VALUES ('976F9E8AC0E4FE50', '5C0F074931E212CC', '动[た形]　後で、～', '表示一个动作在另一个动作之后发生时，使用这个句型。\n\n注意：第20课我们学过了“～前に”（第20课语法解释4），“～前”的后面必须是“に”，而“～後”的后面必须是“で”。“～前に”前面的动词形式必须是“基本形”，而“～後で”前面的动词形式必须是“た形”。\n', '（１）会社が終わった後で、飲みに行きます。（公司下班后去喝酒。）\n（２）映画を見た後で、食事をしました。（看完电影后吃了饭。）\n这个句型也可以以“名词+の+後で”的形式使用。\n', '122');
INSERT INTO `jl_grammar` VALUES ('97866112EA3E4DF6', '58D08E4B784D012F', '【词汇表达】おおぜい（大勢）「名」　许多（人），众多（人），一群人', '「大勢」只能用于形容人多，不用于形容其他事或物。\n', '', '157');
INSERT INTO `jl_grammar` VALUES ('986C02C614034C33', 'C2824ED5B5E81097', 'どの　名／いつ／どれ／だれ／何が　いちばん　一类形/二类形ですか', '询问三个以上事物当中哪一个更具有形容词的性质时，根据所询问对象的不同，需区别使用几种疑问词；是人则使用“だれが”，是物则使用“どの　～が”“どれが”或者“何が”，是时间则使用“いつが”。\n', '（１）この　中で　どの　料理　が　いちばん　おいしいですか。\n―この　料理　が　いちばん　おいしいです。\n（在这些菜当中，哪个菜最好吃？——这个菜最好吃。）\n（２）季節の　中で　いつ　が　いちばん　好きですか。\n―わたしは　春　が　いちばん　好きです。\n（四个季节当中，你最喜欢哪个？——我最喜欢春天。）\n\n被选择的事物已见于上下文或存在于眼前时，使用“どの　～が”或“どれが”，反之则使用“何が”。\n（１）リンゴ　と　ナシと　バナナの　中で　どれが　いちばん　すきですか。（苹果、梨和香蕉当中你最喜欢什么？）\n（２）果物の　中で　何が　いちばん　好きですか。（水果当中你最喜欢什么？）\n', '69');
INSERT INTO `jl_grammar` VALUES ('99AA39E3A11A4733', '5F8595DC86B89AFB', '动词（基本形／ない型）+ことがあります', '有时会发生某种事态，往往与「たまに」「時々」等副词呼应使用。\n\nそのパソコンは　たまに フリーズする　ことがあります。（那台电脑偶尔会死机。）\n時々 寝坊する　ことがあります。（有时睡懒觉。）\nたまに　朝ごはんを食べない　ことがあります。（偶尔不吃早饭。）\n\n注：“～たことがあります” 曾经……\n　　“～～ことがあります” 有时……\n这是两个不一样的句型，大家不要弄混了奥～\n', '', '190');
INSERT INTO `jl_grammar` VALUES ('9B66E84041567C50', 'C832E4B02E7050D3', '名【场所】　から　名【场所】　まで　动', '表示移动的范围时，范围的起点用“から”，范围的终点用“まで”。\n', '（１）森さんは　東京から　広島まで　新幹線で　行きます。（森先生从东京乘新干线去广岛。）\n（２）李さんは　駅から　アパートまで　歩いて　帰りました。（小李从车站走回公寓。）\n', '31');
INSERT INTO `jl_grammar` VALUES ('9C46A554E81DD5D6', '81FE17AC5DBAE8EB', '名 は　二类形 です/でした', '二类形容词是不以“い”结尾的形容词。做谓语时要在后面加“です”。过去形式是“でした”。\n', '（１）京都の　紅葉は　有名です。（京都的红叶很有名。）\n（２）この　通りは　静かです。（这条街很安静。）\n（３）この　町は　にぎやかでした。（这个城市从前很热闹。）\n', '51');
INSERT INTO `jl_grammar` VALUES ('9D93F4A55657589A', 'E1FB3F6BAD791828', '小句+か', '用于表示某种不确定的内容。\n\n一、小句+か　どうか\n将不包含疑问词的疑问句作为一个长句中的一部分时，将动词、一类形容词的敬体形变为简体形，并在其后面加“か　どうか”。\n（私は）　今年の夏、北京へ　行きますか。＋私は　分かりません。\n→私は　今年の夏、北京へ　行くか　どうか　分かりません。（我今年夏天去不去北京，还不知道。）\n（２）この　料理は　辛いですか。　＋　私は　知りません。\n→私は　この　料理が　辛いか　どうか　知りません。（我不知道这道菜辣不辣。）\n（３）小野さんに　仕事が　終わったか　どうか　聞いてください。（问一下小野女士，工作完了没有。）\n\n另外，也可以重复使用动词的“基本形”和“ない形”，表达的含义与上面的句子相同。\n（１）私は　今年の　夏、北京へ　行くか　行かないか　分かりません。（我今年夏天去不去北京，还不知道。）\n（２）私は　この　料理が　辛いか　辛くないか　知りません。（我不知道这道菜辣不辣。）\n\n如果“か　どうか”的前面为名词或二类形容词时，“～か　どうか”直接接在名词或二类形容词后面，其间不加“だ”。另外，“～か　どうか”小句中的主语后面必须用“が”，而不能用“は”。\n（１）金さんは　中国人ですか。＋私は　知りません。\n→私は　金さんが　中国人か　どうか　知りません。（我不知道金女士是不是中国人。）\n→私は　金さんが　中国人か　中国人ではないか　知りません。（我不知道金女士是不是中国人。）\n×私は　金さんが　中国人だ　か　どうか　知りません。\n\n二、疑问词小句+か\n将包含“何”“だれ”“どこ”等的疑问句，作为一个长句中的一部分使用时，需将疑问词小句的动词、一类形容词的敬体形变为简体形，再加“か”。\n（１）鍵が　どこに　あるか　教えてください。（请告诉我钥匙在哪儿。）\n（２）昨日　何を　食べたか　忘れました。（忘记昨天吃什么了。）\n（３）どの　料理が　辛いか　知りません。（不知道哪道菜辣。）\n与上面的“～か　どうか”相同，“か”前面出现名词或二类形容词时，“～か　どうか”直接接在名词或二类形容词后面，其间不加“だ”。\nこの　歌が　誰の　歌か　知っていますか。（你知道这是谁的歌吗？）', '', '133');
INSERT INTO `jl_grammar` VALUES ('9E0832433310EF30', '117F3F00E08406AC', 'あります和います', '表示事物的存在时，最常用的谓语是あります和います。あります用于花、草、桌子等不具有意志的事物。います用于具有意志的人、动物或昆虫。使用あります和います的句型有以下两种。\n句型（１）表示存在，相当于汉语的“～有～”。\n句型（２）表示位置，相当于汉语的“～在～”。\n（１）名【场所】に　名【物/人】が　あります/ います。\n部屋に　机が　 あります。（房间里有桌子。）\nここに　本が 　あります。（这里有书。）\n庭に　何が　 ありますか。（院子里有什么？）\n部屋に　猫が 　います。（房间里有一只猫。）\n公園に　子供が 　います。（公园里有孩子。）\nあそこに　だれが 　いますか。（那里有谁？）\n\n（２）名【物/人】は　名【场所】に　あります/ います。\nいすは　部屋に　あります。（椅子在房间里。）\n本は　ここに　あります。（书在这儿。）\n図書館は　どこに　ありますか。（图书馆在哪儿？）\n吉田さんは　庭に　います。（吉田先生在院子里。）\n子供は　公園に　います。（孩子在公园。）\n犬は　どこに　いますか。（狗在哪儿？）\n\n第3课我们学习了“～は　どこですか。”的用法。这外句型也可以用“～は　どこに　ありますか　いますか。”来表示。　', '小野さんの家は　どこですか。（小野女士的家在哪里？）\n小野さんの家は　どこに　ありますか。（小野女士的家在哪里？）\n林さんは　どこ　ですか。（林先生在哪里？）\n林さんは　どこに　いますか。（林先生在哪里？）', '16');
INSERT INTO `jl_grammar` VALUES ('9E09D50541D8351A', '6F88B7984B6E72AA', '～のです　/　んです', '一、～のです　/　んです\n“～のです　/　んです”表示所讲的内容与前句或前项内容有关联。用于说明状况或解释原因，理由。“～のです”多用于书面语，而“～んです”是“～のです”的口语形式。“～のです　/　んです”前接简体形，但是名词和二类形容词的现在将来形的肯定形，“だ”要换成“な”。\n\n二、どうして　～のですか　/　んですか\n第11课学习了询问理由的“どうしてですか”。询问理由的更完整的形式是“どうして　～のですか　/　んですか”。回答此问题时也要用“～のです　/　んです”的形式。', '一、\n（１）すみません、頭が　痛いんです。（对不起，我头疼。）\n（２）タバコは　やめたほうか　いいですよ。（烟还是戒了为好。）\n――　そうなんですが、やめる　ことが　できないんです（是啊，但就是戒不掉。）\n（３）すごい　人気ですね。\n――　ええ、あの　歌手は　日本では　とても　有名なんです。（他可真受欢迎啊，——是，那个歌手在日本非常有名。）\n（４）これ、京都の　お土産なんです。どうぞ。（这是京都的特产，请收下。）\n\n二、\n（１）どうして　食べないんですか。（为什么不吃？）\n――　もう　おなかが　いっぱいなんです。（已经吃饱了。）\n（２）昨日、どうして　休んだんですか（昨天为什么休息了？）\n――　頭が　痛かったんです。（我头疼了。）\n（３）どうして　遅刻したんですか。（为什么迟到了？）\n――　寝坊したんです。（睡懒觉了。）', '136');
INSERT INTO `jl_grammar` VALUES ('9E580307BA2A9709', '83F54A28D2A512CD', '名[数量]+で', '用于不称重量而以数个的方式售物。\n不过，数量是1个时，不加“で”。\n\n【参考】　数词和量词\n日语中，数的数法有两种：一种是依据汉字的发音的数法，即“いち、に、さん、し、ご…”另一种是日本独特的说法，即“ひ、ふ、よ、いつ、む、なな、や、ここ、とお”。数词与量词的读法，由于组合不同有时候会发生变化。\n“～台”“～枚”“～番”等属于读法不会发生变化的类型。“～個”“～回”“～階”等与数字“１、６、８、１０”结合，数字读音会发生促音变。“～本”“～杯”“～匹”与数字“１、３、６、８、１０”结合，数字与量词的读音都会发生变化。\n\n※：“7人”也可以读作“しちにん”。\n※：上表只是1~10和几个常用量词的搭配表。', '（１）この　ケーキは　三個で　五百円です。（这种蛋糕3个500日元。）\n（２）この　ケーキは　一個　二百円です。（这种蛋糕1个200日元。）\n', '75');
INSERT INTO `jl_grammar` VALUES ('9EA6DB3D728EABE9', '78AFF46B36DCBBC1', '小句 ために 小句', '表示目的，前后两个小句的主语相同；\n', '運動をするために新しい靴を買いました\n林さんは駅へ行くためにバスに乗りました\n\n接名词前，用\"名词+のために\"的形式；\n留学のために、日本のを勉強しています\n健康のために、毎日歩いています\n', '214');
INSERT INTO `jl_grammar` VALUES ('9ED751F4965501F8', 'F3C87745CEF614B3', '动ても　いいです', '表示许可时，使用“动词て形＋いいです”。\n', '（１）家で仕事をしてもいいです。（在家里工作也可以。）\n（２）ここで写真を撮ってもいいですか。（这儿可以拍照吗？）\n——いいですよ。（可以。）\n（３）家に帰ってもいいですか。（可以回家吗？）\n——はい、帰ってもいいです。（是的，可以回家。）\n\n答句中的“はい、帰ってもいいです”常常简略说成“はい、いいです”。表示说话人的许可时，使用“いいですよ”。在句尾加“よ”可以使语气变得柔和。这里的“よ”须读升调。\n注意：这种表达方式一般不用于尊长，因为那样显得很傲慢。\n\n', '88');
INSERT INTO `jl_grammar` VALUES ('9F36F18BFD613F5E', '3D1CD54A1EF98BF5', '名は名によって动（ら）れます', '事物做主语的被动句，主体是特定的。\n', '■ この車は日本の有名なデザインナーによって設計されました。（这款车是由日本著名设计师设计的)\n■ この本は山田先生によって書かれました。（这本书是由山田先生所著)\n\n\n', '267');
INSERT INTO `jl_grammar` VALUES ('9FFB87D5405F9E5B', '81FE17AC5DBAE8EB', '“でも”和“そして”', '“でも”是表示转折关系的连词。一般只用于口语，而不用于正式的书面语。\n', '（１）わたしの　部屋は　狭いです。でも、きれいです。（我的房间很小，但是很干净。）\n（２）わたしの　部屋は　狭いです。そして、汚いです。（我的房间很小，而且很脏。）\n', '57');
INSERT INTO `jl_grammar` VALUES ('A01F264E3A3B4408', 'DDC1F89951E9D2BE', '小句１（动词 た 形／ない 形）まま小句２ / 名＋の＋まま小句', '表示将理应改变的状态保持着去进行另外的动作。“まま”前为肯定形式时用“动词 た 形＋まま”，“まま”前为否定形式时用“动词 ない 形＋まま”。\n\n注意：“まま”前不能用敬体形。\n✕　テレビをつけましたまま、でかけてしまいました。\n\n', '◆　テレビをつけたまま、出かけてしまいました。（开着电视就出门了。）\n◆　李さんはコートを着たまま、ベッドで寝てしまいました。（小李穿着外套就躺在床上睡了。）\n◆　馬さんは行き先を告げないまま、家を出てしまいました。（小马没有说去哪里就离开了家。）\n\n前接名词时，用“名词＋の＋まま”的形式\n◆　わたしたちは空腹のまま、出発しました。（我们空着肚子就出发了。）\n', '274');
INSERT INTO `jl_grammar` VALUES ('A128C765547F9681', '39A948AC1B316420', '九時から　六時まで　働きました。', '名词【时间】から　+名词【时间】まで　+动词\n表示某动作发生在某个期间时，用“～から　～まで”。\n\n附注：\n“～から”和“～まで”也可以分别单独使用。\n例句：\nわたしは　九時から　働きます。（我从9点开始工作。）\n森さんは　二時まで　勉強します。（森先生学习到两点。）', '森さんは　月曜日から　水曜日まで　休みました。（森先生星期一到星期三休息了。）\nわたしは　九時から　五時まで　働きます。（我9点到5点工作。）', '24');
INSERT INTO `jl_grammar` VALUES ('A1A5AAD3CB5696B0', '81FE17AC5DBAE8EB', '名　でした', '名词做谓语时的过去形式是“名词+でした”。其否定形式是“名词+では（じゃ）ありませんでした”。\n', '（１）昨日は　日曜日　でした。（昨天是星期日。）\n（２）おとといは　休み　でした。（前天是休息日。）\n（３）昨日は　雨　では　ありませんでした。（昨天没下雨。）\n（４）おとといは　曇り　じゃ　ありませんでした。（前天不是阴天。）\n\n', '54');
INSERT INTO `jl_grammar` VALUES ('A354E79664D1BE3C', '670557250FD3D1A3', '可能式', '一类动词：基本形的最后一个音变成其え段上的音，再加上る。\n如：かく——かける　　いそぐ——いそげる　　とぶ——とべる\n\n二类动词：把基本形的る变成られる。\n如：食べる——食べられる　　寝る——寝られる\n\n三类动词：\nくる——こられる\nする——できる\n\n看一下下面的这个表格。第一行是“一类动词”，第二行是“二类动词”，第三行是“三类动词”；\n\n可能形式 　　　可能形式 　　　可能形式 　　　　　可能形式\n（基本形）　　 （ない形） 　　　　（た形） 　　　　　（なかった形）\n書ける 　　　　書けない 　　　書けた 　　　　　書けなかった\n食べられる 　　食べられない　 食べられた　　　 食べられなかった\n来られる 　　　来られない　　来られた　　　　　来られなかった\n注意：用“～ことができます”时动词前面的助词不发生变化，但使用可能形式时，动词前面的助词を变成が；\n李さんは日本語を話すことができます。\n李さんは日本語が話せます。\n', '', '244');
INSERT INTO `jl_grammar` VALUES ('A3B51E657FD9B07D', '81FE17AC5DBAE8EB', 'どうですか', '“どうですか”是询问对方对某状态的意见或感想时的表达方式。如果询问的是现在或未来的事情时用“どうですか”，询问的是过去的事情时则用“どうでしたか”。另外“どうですか”有时还用于劝诱对方进行某动作。\n', '（１）この　料理は　どうですか。（这个菜怎么样？）\n（２）京都は　どうでしたか。（京都怎么样？）\n（３）お茶、　どうですか。（您喝杯茶吧。）\nありがとう　ございます。（谢谢。）\n', '56');
INSERT INTO `jl_grammar` VALUES ('A3F09D15FD0A313F', '4E8011325C560697', '名は名ですか（疑问句）', '相当于汉语的“～是～吗？”。助词“か”接在句尾表示疑问。日语的问句在句尾不使用“？”。回答时用“はい”或“いいえ”。', 'あなたは　小野さんですか。（您是小野女士吗？）&はい、小野です。（是的，我是小野。）&キムさんは　中国人ですか。（金女士是中国人吗？）&いいえ、中国人では　ありません。（不不是中国人。）', '2');
INSERT INTO `jl_grammar` VALUES ('A6FFF915FFA8FEED', 'AEEAE34F1DB019D5', '一类形　なります', '日语的一类形容词表示静止的状态，通常不表示变化。但是，可以用“一类形容词+なります”的形式来表示性质或状态的变化。其构成方式是把一类形容词的词尾“い”变成“く”，再加“なります”。\n', '（１）だんだん暖かくなります。（天气渐渐转暖。）\n（２）携帯電話は小さくなりました。（手机变小了。）\n（３）パソコンは安くなりました。（个人电脑便宜了。）\n', '104');
INSERT INTO `jl_grammar` VALUES ('AB06DBA8A2B91900', '4E8011325C560697', '名の名[从属机构、国家][属性]', '助词“の”连接名词和名词，表示前面的名词是后面名词从属的机构、国家或属性。', '李さんは   ＪＣ企画の　社員です。（小李是JC策划公司的职员。）\n北京旅行社は　 中国の　企業です。（北京旅行社是中国的企业。）\nデュボンさんは　大学の　先生です。（迪蓬先生是大学的老师。）', '4');
INSERT INTO `jl_grammar` VALUES ('AB7B2F1249CB09A0', '6092F629D9151082', '～～～よね　', '第4课和第8课分别学习了主次“ね”和“よ”。这两个助词组成“よね”，表示提出自己的意见，以征求对方的同意。\n当说话人确信对方和自己的意见，想法完全相同时，只用“ね”，而说话人对自己的意见，想法没有足够的把握时用“よね”。\n', '（１）手作りのギョーザの皮はおいしいですよね。（自己擀的饺子皮可好吃了。）\n（２）この傘は森さんのですよね。（这把伞是森先生的吧？）\n（３）小野さんもいっしょに行きますよね。（小野女士也一起去吧？）\n', '119');
INSERT INTO `jl_grammar` VALUES ('ABF045E29B2D58F4', '623D73458E846EE7', '动 ていきます／きます', '“动词 て 形＋いきまう／きます”的形式有下面几种情况。\n\n（1）“〜ていきます／きます”表示以说话人为起点的移动的方向\n接在“帰ります”　“歩きます”　“走ります”　“泳ぎます”　“飛びます”　“乗ります”等表示移动的动词后面，“〜ていきます”表示由近及远的移动，“〜てきます”表示由远及近的移动。\n◆　李さんは急いで帰っていきました。（小李急急忙忙的回去了。）\n◆　ずいぶんたくさん人が乗ってきましたね。（上来这么多人啊！）\n\n（2）“〜ていきます／きます”表示一种独立的动作\n　　　——“て”前面的动词也表示一种独立的动作\n“〜ていきます／きますて”接在一部分动词后面时表示一种独立的动作。“动词 て 形＋いきます／きます”分别表示两个相继发生的动作。\n◆　去年、日本で歌舞伎を見てきました。（去年，在日本看了歌舞伎。）\n◆　疲れているんでしょう？ちょっと休んでいきなさい。（累了吧？歇会儿再走吧。）\n\n（3）“〜ていきます／きます”表示一种独立的动作\n　　　——“て”前面的动词表示动作主体的状况\n“〜ていきます／きます”接在一部分动词后面时表示一种独立的动作。“〜て”前面的动词表示“いきます／きます”的动作主体的状况。这里的“〜て”即是本课“语法解释 1”里的“〜て”。\n◆　子供を病院に連れて行きます。（带孩子去医院。）\n◆　明日お弁当を持ってきてください。（明天请带盒饭来。）\n\n（4）“〜てきます”表示循环性的动作\n在口语中，“〜てきます”常常用于描述说话人或其他人去了一个地方，然后又回到原来的场所的情况。\n◆　ちょっと手紙を出してきます。（我去奇封信就回来。）\n◆　ちょっと手を洗ってきます。ここで待っていてください。（我去洗洗手就来。情在这里等我。）\n', '', '251');
INSERT INTO `jl_grammar` VALUES ('AC47E1C1E1944770', '6F88B7984B6E72AA', '小句（简体形）と　思います', '表示说话人的思考内容时，在句子后面加“と　思います”。“～と　思います”前的小句谓语必须是简体形。\n\n参考：\n“～と　思います”只能表示说话人的思考内容，但“～と　思いました”“～を　思っています”既可以表示说话人的思考内容，也可以表示说话人以外的人的思考内容。\n馬さんは　日本へ　行きたいと　思っています。（小马想去日本。）', '（１）李さんは　もう　すぐ　来る　と　思います。（我想小李马上就来。）\n（２）田中さんは 来ない　と　思います。（我想田中先生不会来。）\n（３）この　本は　面白い　と　思います。（我觉得这本书有意思。）\n（４）日本は　きれいだ　と　思います。（我觉得日本很干净。）\n（５）明日は　いい　天気だ　と　思います。（我觉得明天会是个好天气。）\n', '134');
INSERT INTO `jl_grammar` VALUES ('AC812A1F372E7EAF', '58D08E4B784D012F', '【词汇表达】きょく（曲）　「名」　乐曲，歌曲；曲调，曲子', '惯用表现：曲がない　/　无趣；乏味无聊；平庸无奈\n', '', '160');
INSERT INTO `jl_grammar` VALUES ('AD0DDB51B79ED57D', 'F3C87745CEF614B3', '动ては　いけません', '表示禁止时，使用“动词て形＋は＋いけません”。\n', '（１）飛行機の中でタバコを吸ってはいけません。（飞机上不能吸烟。）\n（２）教室でものを食べてはいけません。（教室里不能吃东西。）\n（３）この部屋に入ってはいけませんか。（不能进这个屋子吗？）\n——はい、入ってはいけません。（是的，不能。）\n——いいえ、入ってもいいです。（不，可以进。）\n注意：对尊长一般不用“～てはいけません”而使用“～ないでください”。\n', '89');
INSERT INTO `jl_grammar` VALUES ('AD58B9B8D7C19938', '53D9A724DD6F152C', '【表达及词语讲解】おかげさまで', '用于对对方的关心，惦念表示感谢时，可以只用“おかげさまで”也可以后续一些其他句子。\n', '◆ 風邪はいかがですか。\nええ、おかげさまで、元気になりました。\n', '291');
INSERT INTO `jl_grammar` VALUES ('AD7CE810E79E9418', '83F54A28D2A512CD', '名[数量]+动', '注意 \n询问数量时，在“何”的后面加量词，如“何個（多少个）”“何本（多少根）”“何冊（多少本）” 等。这里的“何”必须读作“なん”。\n总体来看，日语的量词比汉语的量词搭配范围更广泛，因而其用法相对简单些。如指动物时，大动物用“頭”，小动物用“匹”，没有汉语中的“条”“只”等。\n（１）この　動物園には　象が　二頭　います。（这个动物园内有两头大象。）\n（２）友達に　猫を　一匹　もらいました。（从朋友那里得到一只猫。）', '（１）卵を　一個　食べます。（吃一个鸡蛋。）\n（２）本を　二冊　買いました。（买了两本书。）\n（３）緑茶を　三杯　飲みました。（喝了三杯绿茶。）\n（４）教室に　学生が　四人 います（教室里有四个同学。）\n（５）ガレージに　車が　五台　あります。（车库里有五辆车。）\n（６）引き出しに　鉛筆が　十本　あります。（抽屉里有十支铅笔。）\n（７）切手を　何枚　買いましたか。（买了多少张邮票。）\n', '70');
INSERT INTO `jl_grammar` VALUES ('AECF6A47E96536A7', '4E8011325C560697', '名は名ではありません', '相当于汉语的“~不是~”。“では　ありません”的“では”，在口语中有时会发成“じゃ”。', '王さんは　学生では　　ありません。　（王先生不是学生。）\nわたしは　日本人では　ありません。　（我不日本人。）\nわたしは　田中じゃ　　ありません。　（我不是田中。）\n', '1');
INSERT INTO `jl_grammar` VALUES ('AF50E24403E9C2A5', '30F01CB5EF64C793', '名　【场所】　で　动', '动作的场所用助词“で”表示。需要注意，存在的场所和动作进行的场所在汉语里都用“在”来表示，但在日语里前者为“に”后者为“で”。\n', '（１）李さんは　図書館　で　勉強します。（小李在图书馆学习。）\n（２）わたしは　コンビニで　お弁当　を　かいます。（我在便利店买盒饭。）\n（３）今日　どこ　で　新聞を　読みます。（今天，你在哪儿看报纸了？）', '35');
INSERT INTO `jl_grammar` VALUES ('AFED47FD0D946601', '26EBFD4F2855CC56', '名　や　名', '第4课我们学习了相当于汉语“和”“跟”意义的助词“と”。助词“や”与“と”一样，也且于连接名词，两者的差异在于“と”用于列举所有的项目，而“や”用于只列举许多项目中的两项，相当于汉语的“～呀～什么的”。并且“や”常常和“など”呼应使用，构成“や…など”。', '（１）吉田さんは　時々　中国や　韓国へ　行きます。（吉田先生有时去中国呀韩国什么的。）\n（２）森さんは　サッカーや　野球が　好きです。（森先生喜欢足球呀棒球什么的。）\n（３）わたしは　お店で　野菜や　果物などを　買いました。（我在店里买了蔬菜呀水果等等。）', '60');
INSERT INTO `jl_grammar` VALUES ('B2973185F1D926A6', 'AEA5C5F658F23202', '名词 でも', '用于举出几个选项中有代表性的一项，一般不用于表示过去时态的句子。\n', '映画でも見に行きませんか。（去看电影怎么样？）\n運動でもしたらどうですか。（运动运动怎么样？）\nコーヒーでも飲みませんか。（喝点咖啡什么的怎么样？）\n×　私は昨日喫茶店でコーヒーでも飲みました。\n', '238');
INSERT INTO `jl_grammar` VALUES ('B322973C1B05C6AD', '01FDFF2EE6CDEAF8', '【表达及词语讲解】楽しみます', '表示盼望期待的心情。\n', '▲時々孫に会うのが、父の楽しみです。（时不时见见孙子是父亲的乐趣。）\n', '186');
INSERT INTO `jl_grammar` VALUES ('B4C66BD3E6D1220E', '5C0F074931E212CC', '动[た形]　ほうがいいです', '本句型用于在两种事物中进行选择时。否定表达形式为“动词ない形+ほうがいいです”。当建议对方做理想的动作，行为时，句尾多加“よ”。\n', '（１）もっと野菜を食べたほうがいいですよ。（还是多吃点蔬菜好啊。）\n（２）そんなに慌てないほうがいいですよ。（别那么慌张啊。）\n（３）ホテルを予約したほうがいいですか。（饭店还是先预约为好吗？）\n', '123');
INSERT INTO `jl_grammar` VALUES ('B95069D93A4A5014', '53D9A724DD6F152C', '动词、一类形、二类形+過ぎます', '表示某种动作或事物的性质等超过了正常的量或程度。\n', '◆昼ご飯を食べ過ぎました。（午饭吃多了）\n\n', '289');
INSERT INTO `jl_grammar` VALUES ('B9CD922F331938E7', '623D73458E846EE7', '【表达及词语讲解】遠く', '第３１课学习了一类形容词词尾“い”变成“く”后可以用作副词，不过“遠く”“近く”属例外。它们一般不用来修饰动词，而是用作名词，分别表示“远处”“近处”的意思。\n', '◆　今朝は霧がかかっているために、遠くまで見えないと思いますが。（今天早上有雾，我想可能看不远。）\n◆　近くに銀行はありませんか。（附近有银行吗？）\n', '253');
INSERT INTO `jl_grammar` VALUES ('B9EEB61CA74E6240', 'B3FF2B9DDC740413', '【表达及词语讲解】まだ耳の奥に音楽が残っています。(耳边还回响着音乐)', '在日语中“耳边”不能说“耳のそば”。\n正确的说法是：耳の奥。\n', '', '263');
INSERT INTO `jl_grammar` VALUES ('BB02F1F2EE41738B', 'F3C87745CEF614B3', '名[附着点]に　动', '表示人或物体的附着点，即人或物体停留在交通工具或椅子上等时，附着点用助词“に”表示。\n', '（１）小野さんは公園でボートに乗りました。（小野女士在公园里划了船。）\n（２）李さんは電車に乗りました。（小李上了电车。）\n（３）この椅子に座ってください。（请坐在这把椅子上。）\n（４）李さんはかばんに書類を入れました。（小李把文件放在包里了。）\n注意：这种情况绝对不能用“を”表示。“≠電車を乗ります。”“≠自転車を乗ります。”\n', '90');
INSERT INTO `jl_grammar` VALUES ('BB6F244AD1D323E9', 'AF2518D6F15596F5', '小句　けど　小句　[转折]　[铺垫]', '“けど”连接两个句子，表示转折，起着把两个句子归纳成一个句子的作用，用于口语。\n\n另外，“けど”还有不表示转折而表示铺垫的用法。\n\n来週　送別会を　するけど、都合は　どうかな？（下星期要开个欢送会，你时间方便吗？）\n\n', '昨日の試験、どうだった？（昨天的考试怎么样啊？）\n――ちょっと　難しかったけど、まあまあ　できたよ。（有点难，不过都做出来了。）\n', '130');
INSERT INTO `jl_grammar` VALUES ('BBF519CF2B9EB27A', 'A709A010A089416D', '【表达及词语讲解】３０個は大丈夫ですよ', '助词“は”接在数量词后面与肯定形式呼应使用时，表示该数量为最低限度。\n', '▲ 小野さんが作ったギョーザだったら、30個は大丈夫ですよ。（要是小野做的饺子，我吃30个也没有问题。）\n▲ －－このカメラの修理はどのぐらいかかりますか。\n　－－そうですね、10日はかかりますよ。（修这个照相机要花多长时间？----恩，至少要10天。）\n', '225');
INSERT INTO `jl_grammar` VALUES ('BDDEEBC71525A1FA', 'A65B80B2369DA693', '【表达及词语讲解】で／へ／から／まで／と＋の　', '*接续：“の”后面接名词。\n*意义：译成汉语分别为“在…地方进行的”，\"用...做的”，“给/寄往/通向...的”“来自...的”，“同...进行的”等等。\n\n\n', '①職場でのつきあい。（在职场上的交往。）\n②京都へのバス。（开往京都的巴士。）\n③ふるさとからのあいさつ。（来自家乡的问候。）\n④成功までの道。（通向成功的道路。）\n⑤先生との交流。（和老师的交流。）\n\n', '301');
INSERT INTO `jl_grammar` VALUES ('BDFD2B23782CAA92', 'AEA5C5F658F23202', '小句１（简体形）なら、 小句 2', '用于根据对方的言谈或交谈时的现场情况来陈述自己的意见或想法，以及向对方提出要求或忠告，“小句２”为判断，命令，提议等表示说话者主观立场的内容。“小句１”为形容动词和名词时要在词干后加上 なら。\n', '天安門にいくなら、地下鉄が便利ですよ。（如果去天安门，坐地铁很方便。）\n－－今日は忙しいんですが。\n－－忙しいなら、いかなくてもいいですよ。 ( 忙的话不去也行 )\n今夜、もし暇なら、一緒に食事に行きませんか。\n－－会議の資料はどこですか。\n－－昨日のは知りませんが、今朝の会議の資料なら、机の上に置いておきました。\n彼が犯人でないなら、すぐ釈放（しゃくほう）してください。\n', '237');
INSERT INTO `jl_grammar` VALUES ('BE77E88C581D1B3B', '6092F629D9151082', '名　は　动[基本形]　ことです', '当谓语部分的内容是一种动作，行为时使用这个句型。\n\n参考：“动词基本形+こと”可以起到和名词同样的作用。因此，也可以用名词或名词短语来代替。名词短语指下面例子中的“車の運転”这种形式。\n（１）小野さんは車を運転することができません。（小野不会开车。）\n（２）小野さんは車の運転ができません。（小野不会开车。）\n', '（１）私の趣味は切手を集めることです。（我的爱好是集邮。）\n（２）王さんの特技は胡弓を弾くことです。（小王的特长是拉胡琴。）\n（３）森さんの夢は外国で働くことです。（森先生的理想是在外国工作。）\n', '116');
INSERT INTO `jl_grammar` VALUES ('BF81BD39E0A8650D', '78AFF46B36DCBBC1', '【表达及词语讲解】ハードスケジュール', '由英语“hard schedule ”演变而来的外来词；表示计划要做的事情很多，实施起来很困难。\n', '明日からハードスケジュールで、あちこち行きますまらね。（明天开始日程很紧张，要到处去转。）\n', '218');
INSERT INTO `jl_grammar` VALUES ('C0A3E9509606B6E6', '4A0095AE1A34869A', '形容词小句+名词', '注意：形容词修饰名词时，不能加「の」。\n', '入り口が広い＋あの建物　\nー＞入り口が広いあの建物\n\n操作が簡単です＋パソコン\nー＞操作が簡単なパソコン\n\n数学が専門です＋先生\nー＞数学が専門の先生\n', '141');
INSERT INTO `jl_grammar` VALUES ('C0E51371CA6B404F', '623D73458E846EE7', '【表达及词语讲解】も　[超出预想]', '助词“も”有时可用来表示数量比事先预想的或应有的多时的心情。应用课文中在“２度（两次）”后面加“も”表示说话人觉得因为发生火灾而烧过两次实在太多了。\n', '◆　天安門は、火事のために２度も焼けたことがあるんですよ。（天安门因为火灾烧毁过两次。）\n◆　今日は３リットルも水を飲みました。（今天喝了足有 3 升水。）\n', '252');
INSERT INTO `jl_grammar` VALUES ('C240FF6B6EC3DB0F', 'F5957C00A8B967C9', '一类型て一类型[并列]', '两个以上一类形容词并列使用时，使用一类形容词的“て形”。一类形容词的“て形”是将词尾“い”变为“くて”。\n\n“[一类形容词]て[一类形容词]”也可以用来修饰名词。\n軽くて暖かいコートを買いました。（买了一件轻巧而暖和的大衣。）\n', '（１）ホテルの部屋は広くて明るいです。（宾馆的房间又宽敞又明亮。）\n（２）この本は安くておもしろいです。（这本书又便宜又有意思。）\n（３）このりんごは大きくて、甘くて、おいしいです。（这个苹果又大又甜，很好吃。）\n', '92');
INSERT INTO `jl_grammar` VALUES ('C2560351702E1F26', '117F3F00E08406AC', '上 / した / 前 / 後ろ / 隣 / 中 / 外', '表示具体位置时，用“名词＋の＋上 / した / 前 / 後ろ / 隣 / 中 / 外。”\n\n注意：\n汉语说“椅子上”“桌子下”，而日语说“いすの上”“机の下”，“の”不能省略。', '机の　上 に　猫が　います。（桌子上面有一只猫。）\n会社の　隣に　花屋が　あります。（公司旁边有花店。）\n猫は　箱の　中に　います。（猫在箱子里。）\n売店は　駅の　外に　あります。（小卖部在车站的外边。）', '18');
INSERT INTO `jl_grammar` VALUES ('C26F55A3EDF33DAF', '01FDFF2EE6CDEAF8', '【表达及词语讲解】～でいっぱい', '表示某个场所或某个容器已达到饱和状态，不能再容纳更多的人或物。应用课文中指景点人多。\n', '▲この季節は、どの行楽地も人でいっぱいですよ。（这个季节，任何一个景点都是游客爆满。）\n▲病院の待合室は患者でいっぱいです。（医院的候诊室挤满了病人。）\n▲灰皿がタバコの吸殻でいっぱいになりました。（烟灰缸里烟头满满的。）\n', '188');
INSERT INTO `jl_grammar` VALUES ('C2985BBAA88E92D3', 'C9CCCC54B256FC63', '名[场所]を　动[经过][离开]', '用助词“を”表示，常用的动词有“通ります”“渡ります”“過ぎます”等。此外，“を”与动词“出ます”“卒業します”等搭配使用时，表示离开的场所。\n', '（１）この　バスは　駅前　を　通ります。（这趟公共汽车经过车站一带。）\n（２）この　道を　まっすぐ　行って、橋　を　渡って　ください。（顺这条路一直走，再过那座桥。）\n（３）李さんは　毎朝　7時に　家　を　出ます。（小李每天早晨7点离开家。）\n（４）わたしは　来年　大学　を　卒業します。（我明年大学毕业。）\n', '80');
INSERT INTO `jl_grammar` VALUES ('C29B86A1D01B67DC', '83F54A28D2A512CD', '名[场所]　动　に　行きます/ます', '', '（１）午後　郵便局　へ　荷物を　出し　に　行きます。（下午去邮局寄包裹。）\n（２）小野さんは　プール　へ　泳ぎ　に　行きます。（小野女士去游泳池游泳。）\n（３）李さんは　わたしの　家　へ　遊び　に　来ました。（小李来我家玩了。）\n', '74');
INSERT INTO `jl_grammar` VALUES ('C3A3444A5A591595', 'C8F844267ECA4F3A', '名 は どこですか', '用于询问存在的场所。', '（１）トイレは　どこですか。（厕所在哪儿？）\n――あちら　です。（在那儿。）\n（２）あなたの　かばん　は　どこですか。（你的包在哪儿？）\n――私の かばん　は　ここです。（我的包在这儿。）\n', '12');
INSERT INTO `jl_grammar` VALUES ('C43E5FF1F2B2B8BB', 'F5957C00A8B967C9', '动ています[结果状态]', '“～～～ています”除了表示第15课所学的正在进行的意义（第15课语法解释1）以外，还可以表示动作结束后留下的结果状态。\n\n注意：对用表示结果状态的“～～～ています”提问的句子做否定回答时，使用“～～～ていません”。但是，对“知っていますか”做否定回答时必须使用“知りません”。\n（１）車を持っていますか。（有车吗？）\n——いいえ、持っていません。（不，没有。）\n（２）田中さんを知っていますか。（认识田中先生吗？）\n——いいえ、知りません。（不，不认识。）\n', '（１）森さんは車を持っています。（森先生有辆车。）\n（２）私は北京に住んでいます。（我住在北京。）\n（３）田中さんを知っていますか。（认识田中先生吗？）\n', '95');
INSERT INTO `jl_grammar` VALUES ('C46A70ECDD588763', 'C9CCCC54B256FC63', '「补充知识」すみませんが', '「すみません」主要用于表示歉意，不用于表示谢意。相当于汉语的“对不起”的意思。\n', '（１）どうもすみませんでした。（实在对不起了。）\n「すみませんが」或「すみません」还用于询问或求助于他人时作为打招呼的使用用语。相当于汉语的“劳驾”“请问”“麻烦您了”等意思。\n（１）すみません、駅はどこですか。（请问，车站在什么地方？）\n（２）田中さん、すみませんが、水を1杯ください。（田中君，劳驾了，请给我杯水。）\n（３）すみませんが、王さんをお願いします。（劳驾，请叫一下小王。）\n', '85');
INSERT INTO `jl_grammar` VALUES ('C5EADD8D6F71B9EA', 'B3FF2B9DDC740413', '【表达及词语讲解】チケット　と　券', 'チケット是外来词，现在用得较多。\n券呢，多用来构成复合词，如：入場券等。\n', '', '262');
INSERT INTO `jl_grammar` VALUES ('C6E86883A937BBC5', '30F01CB5EF64C793', '“何”的读法', '“何”相当于汉语的“什么”。根据后续音节的不同，读音发生相应的变化。其最基本的读音是“なに”，但在助词“の”以及量词前读成“なん”。在“で”前两种读法都可以。\n\n何（なに）　　　　　と　　　　何と　何を　買いますか。（你都买什么和什么？）\n何（なに）　　　　　が　　　　あそこに　何が　ありますか（那儿有什么？）\n何（なに）　　　　　を　　　　何を　食べますか。（你吃什么？）\n何（なに/なん）　　　で　　　　何で　会社へ　いきますか。（你怎么去公司？）\n何（なん）　　　　　の　　　　それは　何の　本ですか。（那是什么书？）\n何（なん）　　　时刻/星期等　　李さんは　何時に　来ますか。（小李几点来？）\n　　　　　　　　', '何を　食べますか。（你吃什么？）\n李さんは　何時に　来ますか。（小李几点来？）\n何で　会社へ　いきますか。（你怎么去公司？）', '34');
INSERT INTO `jl_grammar` VALUES ('C77D291B75F08FDD', '3809055A61E5137B', '名は　一类形　です', '日语的形容词分两类。其中，一类形容词是以“い”结尾的形容词，做谓语时要在后面加“です”。\n', '（１）四川料理は　辛い　です。（四川菜很辣。）\n（２）あの　スープは　冷たい　です。（那个汤是凉的。）\n（３）この　お茶は　熱い　です。（这茶很烫。）\n', '44');
INSERT INTO `jl_grammar` VALUES ('C7E306F0A36EB9A8', '3D1CD54A1EF98BF5', '名は名に动（ら）れます', '表示被害的被动句。\n', '■ 小鳥が逃げました。（小鸟飞走了)\n■ 陳さんは小鳥にげられました。（老陈的小鸟飞走了。)\n■ 張さんは隣の人に夜遅くまで騒がれました。（邻居吵到很晚，小张(休息)受到了影响)\n■ 食事中，隣の人にタバコを吸われました。（吃饭的时假，旁边有人抽烟[我非常不愉快])\n\n', '266');
INSERT INTO `jl_grammar` VALUES ('C935A372AFEB887A', '555BA4813C2BE35E', '小句（简体形）そうです', '表示信息不是源于自已的感知而是从别人那里听到的。提示来源时用：によると。\n', '☆ 馬さんの息子さんは、今年小学校に入学するそうです。（听说小马的儿子今天上小学。）\n☆ 天気予報によると、明日はあめだそうです。（据天气预报说明天有雨。）\n☆ うわさによると、あの店のラーメンはおいしくないそうです。（听说那家店的面条不好吃。）\n\n“～そうです”没有过去，否定和疑问的形式。\n☆ 森さんは来週の土曜日は暇ではないそうです。（据说森先生下星期六没有空。）\n× 森さんは来週の土曜日は暇だそうではありません。\n', '196');
INSERT INTO `jl_grammar` VALUES ('C943B929B20E9AC5', '32F0252F6526B44D', '【表达及词语讲解】ぐっと[象声词]', '本意表示动作急促，力度大，引申为变化的幅度大或动作迅猛。\n', '商品のイメージがぐっとよくなって、消費者が安心して買えると思います。（商品形象要好得多，消费者就会放心购买。）\n\n', '285');
INSERT INTO `jl_grammar` VALUES ('CBF7D5CF44032BC7', '26EBFD4F2855CC56', '“～から”和“だから”[原因、理由]', '说明原因、理由时用助词“から”。“から”位于陈述原因、理由的小句的句尾。通常是在说明原因、理由之后再陈述结论，但有时也可以先陈述结论再说明原因、理由，不过无论是哪一种情况，“から”都须接在表示原因、理由小句的句尾。构成复句的句子我们称之为小句。\n\n“だから”是表示原因、理由的连词，意思相当于汉语的“所以”，其比较礼貌的说法是“ですから”。助词“から”构成表示原因、理由小句的一部分，而连词“だから”独立使用在结果的句子前面。\n（１）金さんは　やさいが　嫌いです。だから　あまり　野菜を　食べません。（金女士不喜欢蔬菜，所以不怎么吃。）\n（２）あしたは　休みです。ですから、こどもと　動物園へ　行きます。（明天休息，所以我跟孩子去动物园。）', '（１）森さんは　お酒が　好きですから、毎日　飲みます。（森先生喜欢喝酒，每天喝酒。）\n（２）寒いですから、まどを　閉めます。（因为太冷了，我要把窗户关上。）\n（３）窓を　閉めます。寒いですから。（我要把窗户关上，因为太冷了。）', '61');
INSERT INTO `jl_grammar` VALUES ('CCEA77F9CCABD975', 'C9CCCC54B256FC63', '「补充知识」買い物します', '日语中サ变动词（三类动词）是「する」其连用形为「します」。可以前接许多汉语词或外来语构成新的サ变动词。这种构成的サ变动词也可以用「名词をします」的形式。\n', '（１）夏休みに旅行しました。（暑假旅游了。）\n（２）明日北京へ出張します。（明天去北京出差。）\n（３）毎朝ジョギングします（ジョギングをします）。（每天坚持慢跑。）\n（４）友達にファックスします。（给朋友发传真。）\n', '82');
INSERT INTO `jl_grammar` VALUES ('CD2161F6FF9ADA12', '6DA21B8991604E64', '名のような味／においがします', '感觉到某种味道或气味时用“味／においがします（有味道／气味）”。\n\n注意：这里的“～します”绝对不能说成“～あります”即“✕においがあります”“✕声があります”。\n\n参考：另外，表示身体状况的词语也可以加在“がします”的前面使用，如“頭痛がします（头疼）”“寒気がします（感到发冷）”。\n◆　さっきから、ちょっと吐き気がするんです。（从刚才开始，觉得有点儿恶心。）\n\n', '◆　この牛乳、変な味がするけど、いつ買ったの？（这牛奶有股怪味儿，你什么时候买的？）\n\n在这种表达的基础上，前面再加上本课所学的表示比喻的“～ようです”，就成为“～のような味／においがします”的形式。\n◆　この野菜、レモンのような味がしますね。（这菜有股柠檬的味道。）\n◆　このスープは、日本のみそ汁のようなにおいがします。（这汤有股日本酱汤的味儿。）\n\n除了“味／におい”之外，表示听觉的，如“声／音”，表示感觉的，如“感じ（感觉）”等也用“～がします”的形式，即“声／音／感じがします（有声音／感觉）”。\n◆　外で子供の声がします。（外面有孩子们的声音。）\n◆　外でずっと車の音がしていましたよ。（外面一直有汽车的声音。）\n◆　ここには昔来たことがある感じがします。（我觉得以前来过这里。）\n\n', '306');
INSERT INTO `jl_grammar` VALUES ('CD6BE0BE16C2666B', '83F54A28D2A512CD', '动词的“ます”形', '第5课 “语法解释2”中学习了动词。我们把“働きます”“休みます”“起きます”“寝ます”等形式称做动词的“ます”形。这些动词的“ます”形去掉“ます”的形式，即“働き”“休み”“おき”“ね”等形式在以后的各种句型讲解中会经常用到，请大家注意。\n', 'ます型　　　　　去掉ます\n働きます　　　　はたらき\nやすみます　　　やすみ\n起きます　　　　おき\n寝ます　　　　　ね', '73');
INSERT INTO `jl_grammar` VALUES ('CD701E8E12A2D852', '16B30FDBE23DBEC3', 'ね[缓和语气]', '第4课我们学习了表示确认的“ね”（第4课“语法解释4”），“ね”也有舒缓自己的心情或想法并将之传达给对方的用法。如本课应用课文的“まず恋人が欲しいですね（我想先找一个男朋友）”以及“まじめで優しい人がいいですね（办事认真，温柔体贴的人呗）”就属于这种用法。\n', '日本料理で何がいちばん好きですか。（你最喜欢吃什么日本菜？）\n—そうですね。やっぽりお寿司ですね。（嗯……还是最喜欢寿司。）\n', '103');
INSERT INTO `jl_grammar` VALUES ('CDBD97B2D1D3047C', '3D1CD54A1EF98BF5', '【表达及词语讲解】いやあ～', '主要为男性使用。用于感到不好意思或情绪激动等。\n', '▲ いやあ、参りましたよ。タクシーで帰ってきたんですが、渋滞に巻き込まれて。（哎呀！真倒霉！我坐出租车回来的，路上给堵住了。）\n▲ いやあ、小野さん、久しぶり。（哎呀，小野女士！好久不见。）\n', '270');
INSERT INTO `jl_grammar` VALUES ('CEE36F371DEEBCB5', '15D73C404D384B32', '【表达及词语讲解】拟声、拟态词 [惯用句]', 'ワンワン［副］（狗）汪汪（叫） 犬がワンワン鳴いています。\nザーザー［副］（雨）哗啦哗啦　　雨ザーザー降っています。\nすやすや［副］香甜地，安静地　　子供すやすや眠っています。\nくねくね［副］弯曲，弯弯曲曲　　道がくねくね曲がっています。\n', 'ワンワン［副］（狗）汪汪（叫） 犬がワンワン鳴いています。\nザーザー［副］（雨）哗啦哗啦　　雨ザーザー降っています。\nすやすや［副］香甜地，安静地　　子供すやすや眠っています。\nくねくね［副］弯曲，弯弯曲曲　　道がくねくね曲がっています。\n', '234');
INSERT INTO `jl_grammar` VALUES ('CEECDAFB872EEF49', '58D08E4B784D012F', '【词汇表达】おとしより（お年寄り）　「名」　老人，上年纪的人', '惯用表现：年寄りの冷や水　/　老人不量力，不服老；（自嘲）不知道好歹\n', '', '159');
INSERT INTO `jl_grammar` VALUES ('D30EC6702C7B4478', '8377D9FF6994BEB2', 'これ/それ/あれ は　名 です', '（１）これは　本　     です。（这是书。）\n（２）それは　かばん　です。（那是包。）\n（３）あれは　テレビ　です。（那是电视机。）\n\n“これ”“それ”“あれ”是指示事物的词，相当于汉语的“这、这个”“那、那个”。汉语里有“这”“那”两种说法，而日语有“これ”“それ”“あれ”三种说法。其用法如下：\n\n（１） 说话人和听话人相隔一段距离，面对面时\n\n■ 距说话人较近的事物【说话人的范围、领域内的事物】\n■ 距听话人较近的事物【听话人的范围、领域内的事物】\n■ 距说话人和听话人都比较远的事物【不属于任何一方范围、领域内的事物】\n\n（２） 说话人和听话人位于同一位置，面向同一方向时\n\n■ 距说话人、听话人较近的事物\n■ 距说话人、听话人较远的事物\n■ 距说话人、听话人更远的事物\n', '（１）これは　本　     です。（这是书。）\n（２）それは　かばん　です。（那是包。）\n（３）あれは　テレビ　です。（那是电视机。）', '5');
INSERT INTO `jl_grammar` VALUES ('D3251189AF5A7D66', 'C8F844267ECA4F3A', '名 も 名 です', '助词“も”基本相当于汉语的“也”。', '（１）ここは　ＪＣ企画の　ビルです。（这里是JC策划公司的大楼。）\nあそこ も　ＪＣ企画の　ビルです。（那里也是JC策划公司的大楼。）\n（２）李さん は 中国人です。（小李是中国人。）\n張さん も　中国人です。（小张也是中国人。）\n（３）あなた も　中国人ですか。（你也是中国人吗？）', '13');
INSERT INTO `jl_grammar` VALUES ('D3CB52A76F3595B1', '3D1CD54A1EF98BF5', '【表达及词语讲解】～とも', '接在数量词后，表示该数量的全部。数量词一般在１０以内。基本课文C中的“２日とも”的意思是“两天都～”。\n', '▲ ２日とも雨に降られて、大変でしたよ。（两天都下雨，糟透了。）\n▲ 社員は３人いますが、今は３人とも出かけています。（工作人员共有3个人，现在3个人都外出了。）\n', '269');
INSERT INTO `jl_grammar` VALUES ('D904FCE8AEF728CF', '58D08E4B784D012F', '【词汇表达】さとう（砂糖）　「名」　糖，砂糖', 'あめ（飴）　「名」　糖，饴糖，麦芽糖\n赤砂糖（あかざとう）　「名」　红糖\n氷砂糖（こおりざとう）　「名」　冰糖\nキャンデー（candy）　「名」　糖果\n', '', '162');
INSERT INTO `jl_grammar` VALUES ('D952567E83BA06D2', '623D73458E846EE7', '小句1 て＋小句2 / 小句1 ないで＋小句2', '表示进行“小句 2”的动作主体处于“小句 1”的状态时，“小句 1”句尾使用“动词 て 形”或“动词 ない 形＋で”。\n\n以前我们曾经学过“〜て”的 ① 表示动作相继发生；② 表示并列；③ 表示原因、理由等连接动词的3种用法。在这些用法中，“〜て”前后的主语可以不一致。然而，本课学习的表示动作主体状况的“〜て”，其前后的主语必须一致。\n◆　春が過ぎて、夏が来ました。（春天过去，夏天来了。）[动作相继发生]\n◆　李さんが来てくれて、わたしはうれしかったです。（小李来了，我非常高兴。）[原因]\n\n', '◆　眼鏡をかけて本を読みます。（戴着眼镜看书。）\n◆　手を挙げて横断歩道を渡ります。（举着手过人行横道。）\n◆　今日は傘を持たないで出かけました。（今天没有带伞就出门了。）\n\n“〜ないで”也可以说成“〜ずに”，“〜ずに”是古日语的残留形式，多用于书面语。\n◆　今日は傘を持たずに出かけました。（今天没有带伞就出门了。）\n', '249');
INSERT INTO `jl_grammar` VALUES ('D99E523AF7F6398C', '0C1BB8EF80985A87', '【表达及词语讲解】お元気そうで、何よりです[寒暄]', '你看起来挺精神的，这比什么都强。\n', '（用于朋友，熟人相隔一段时间后再会时，对初次见面的人不能使用）\n', '210');
INSERT INTO `jl_grammar` VALUES ('DA5C4691A1A6090A', 'C2824ED5B5E81097', '名1は　名2より　一类形/二类形です', '比较“名词1”和“名词2”，“名词1”比“名词2”更具有形容词所表示的性质时使用这个句型。\n程度的差异较大时用副词“ずっと”加以强调。\n（１）中国は　日本より　ずっと　広いです。（中国比日本辽阔很多。）', '（１）李さんは　森さん　より　若いです。（小李比森先生年轻。）\n（２）中国は　日本　より　広いです。（中国比日本辽阔。）\n（３）上海は　北京　より　にぎやかですか。（上海比北京热闹吗？）', '64');
INSERT INTO `jl_grammar` VALUES ('DAB960B7114FF430', '117F3F00E08406AC', 'ね【确认】', '当说话人就某事征求听话人的同意时，句尾用助词“ね”，读升调。\n', 'あそこに　犬が　いますね。（那儿有一只狗啊。）\nこの　新聞は　林さんのですね。（这报纸是林先生的吧。）\n駅の　前に　銀行が　ありますね。（车站前面有家银行吧。）', '19');
INSERT INTO `jl_grammar` VALUES ('DADBD076E7842AF5', '78AFF46B36DCBBC1', '【表达及词语讲解】とっておきのお店', 'とっておきの+名词，表示为了某种场合或用途而特别留着的东西或场所。\n', 'これはとっておきの酒です。どうぞ。（这是我珍藏多年的酒，送给你）\n今日はパ－テい－があるから、とっておきのネクタイをしょう。（今天有联欢会，系上那条最好的领带吧。)\n', '215');
INSERT INTO `jl_grammar` VALUES ('DB50661D8BDDB559', 'DDC1F89951E9D2BE', '【表达及词语讲解】 せっかく～のに', '第３９课学习了“せっかく（特意）”，本课学习其与“のに”呼应使用的形式“せっかく～のに”。\n“せっかく～のに”表示对自己或对方的付出没有得到相应的回报或没有收到预期的效果而表示惋惜、遗憾的心情。\n\n', '◆　せっかくアメリカに留学したのに、英語が上手になりませんでした。（煞费苦心去了美国留学，英语却没能学好。）\n◆　せっかく教えてあげたのに、彼は全部忘れてしまいました。（特意教了他，他却忘得一干二净。）\n◆　せっかく来てくれたのに、留守にしてすみませんでした。（您特意来一趟，我却不在，实在抱歉。）\n', '280');
INSERT INTO `jl_grammar` VALUES ('DBD6DB944B3FF9C7', '785A27B8EF8FDE03', '动词+なさい', '比动词的命令形稍微客气一些。多用于老师对学生或者父母对孩子提出要求。其接续\n\n方式为动词“ます形”去掉“”加“なさい”\n', ' ●質問に答えなさい。（回答问题！）\n　\n ●早くお風呂に入りなさい。（快去洗澡！）\n', '171');
INSERT INTO `jl_grammar` VALUES ('DBFB7C5AE44F9437', '6DA21B8991604E64', '名１＋らしい＋名２　[典型性]', '第４４课学习了“～らしい”表示推测的用法。“～らしい”还可以用“名词 １＋らしい＋名词２”的形式，即接在“名词１”后表示“名词２”具有“名词１”的典型特征。这种情况下多与副词“いかにも”呼应使用。\n\n参考：如果“名词１”与“名词２”为同一个名词时，意思是“真正意义上的～”“像样的～”。\n◆　仕事らしい仕事はしたことがありません。（我没干过像样的工作。）\n◆　このごろ忙しくて、食事らしい食事をしていません。（最近很忙，没正经吃过一顿饭。）\n\n', '◆　この着物はいかにも日本らしい柄ですね。（这件和服的花纹是典型的日本式。）\n◆　今日は春らしい天気です。（今天像是春天的天气。）\n◆　ナンキン路はいかにもシャンハイらしい所ですよ。（南京路是上海最具代表性的地方。）\n\n', '303');
INSERT INTO `jl_grammar` VALUES ('DC0789A5A317DC48', '785A27B8EF8FDE03', '名词1は名词／小句＋という＋名词2です', '“～という”也可以用在给“名词1”下定义或对“名词1”做解释，这时候“名词2”多为“意味（意思）”等词语。\n\n这里的小句可以是“命令形”“简体形”或“简体形+な”\n', '●このマークは　タバコを吸うなという意味です。（这个符号是“禁止吸烟”的意思。）\n\n●このマークは　ここで止まれ　という　意味です。（这个符号是“在这儿停下来”的意思。）\n\n●この標識は　駐車禁止　という意味です。（这个标识是“禁止停车”的意思。）\n', '175');
INSERT INTO `jl_grammar` VALUES ('DC97AC980B9301F9', 'AEA5C5F658F23202', '小句１ば、 小句２', '表示小句２ 成立必须满足小句１的事态产生条件。\n使用 “～ば ” 的句子，原则上句尾不能使用表示意志，希望命令， 请求的表达方式。不过，如果“小句１”的谓语为状态性谓语或者“小句１” 与 “ 小句２” 的主语不同时，则不受上述条件限制。\n', 'この大会で優勝すれば、オリンピックに出場することができます。\n李さんに聞けば、分かりますよ。\n部屋がもう少し、広ければいいのですが。\n雨が降らなければ、ハイキングに行きましょう。\n', '236');
INSERT INTO `jl_grammar` VALUES ('DE4DF20352837F9E', '81FE17AC5DBAE8EB', '名　は　二类形　な　名　です', '二类形容词修饰名词时，用“二类形容词+な+名词”的形式。\n', '（１）奈良は　静かな　町です。（奈良是座很安静的城市。）\n（２）奈良は　にぎやかな　町ではありません。（奈良不是个热闹的城市。）\n\n', '53');
INSERT INTO `jl_grammar` VALUES ('DEE6E0EBE18BC77D', '3D1CD54A1EF98BF5', '名が/は动（ら）れます', '事物做主语的被动句，主体一般是不确定的群体。\n', '■ ２０１０年に上海で万博が開かれます。（２０１０年将在上海办世博会）\n■ ２０１０年の万博は上海で開かれます。（２０１０年的世博会在上海）\n■ 駅前に高いビルが建てられます。（车站附近建起了高楼）\n', '268');
INSERT INTO `jl_grammar` VALUES ('DEEAE44B7B8EBED8', '4A0095AE1A34869A', '【课文语法】用言是形容词时，要用形容词的简体形。', '', '入口很大的大楼：入り口が広い建物\n', '143');
INSERT INTO `jl_grammar` VALUES ('DF7C6118981F3390', '0C1BB8EF80985A87', '【表达及词语讲解】～かしら', '多为女性常用的助词，如果在没有听话人的情况下使用时，是一种吐露自己内心疑问的自言自语。如果有听话人，则为向对方发问。\n', '森さんたちはもう来ているかしら——不知道森他们来了没有？\n', '207');
INSERT INTO `jl_grammar` VALUES ('E02395BF92199F92', '58D08E4B784D012F', '小句动词简体形+時', '①小句是名词时：名词+「の」＋時\n子供の時、大きな地震がありました(我小时候,发生过大地震)\n②小句是动词时：动词基本形 時 或 动词た形 時\n日本に行く時、たくさんお土産を買いました(去日本的时候,买了许多礼物-表示去日本之前买的礼物)\n日本に行った時、たくさんお土産を買いました(去了日本的时候买了许多礼物-表示去日本之后买的礼物)\n③小句是形容词：形容词+時\n忙しい時、家族みんなで仕事をします(忙时全家人一起干活)\n④小句是形动词:形动词干 +「な」＋時\n暇な時、私は町で買い物をします(有空时我上街买东西)', '子供の時、大きな地震がありました(我小时候,发生过大地震)\n\n日本に行く時、たくさんお土産を買いました(去日本的时候,买了许多礼物-表示去日本之前买的礼物)\n日本に行った時、たくさんお土産を買いました(去了日本的时候买了许多礼物-表示去日本之后买的礼物)\n\n忙しい時、家族みんなで仕事をします(忙时全家人一起干活)\n\n暇な時、私は町で買い物をします(有空时我上街买东西)', '151');
INSERT INTO `jl_grammar` VALUES ('E2BBDA938B798CFC', '58D08E4B784D012F', '名で', '助词で加在名词后面还可以表示原因、理由\n', '仕事で、楊さんと会っていたんですよ。（因工作我和杨先生见面来着。）\n', '155');
INSERT INTO `jl_grammar` VALUES ('E3296EB9523627D7', '5C0F074931E212CC', '动ましょうか[提议]', '用于提议对方和自己一起做某事或向对方提议自己为对方做某事。第17课学过的“～ませんか”“～ましょう”只表示提议对方和自己一起做某事（第17课语法解释4），而“～ましょうか”则另外还有向对方确认自己的提议是否可行的意思。因此，翻译时一般在其后加“好吗？”之类的词语，使语调柔和。\n\n参考：回答时，如本句型的意思为甲向乙提议为对方做某事时，则乙说“お願いします”。如本句型的意思为甲向乙提议双方一起做某事时，则乙说“はい、そうしましょう”或“いいですね”。反对或拒绝提议时则说“～ないでください”或“いいえ、ちょっと～”。\n（１）荷物を持ちましょうか。（我来帮你拿行李吧？）\n——はい、お願いします。（好的，拜托你了。）\n（２）窓を閉めましょうか。（关上窗子好吗？）\n——いいえ、閉めないでください。（不，请别关。）\n\n', '（１）何か食べましょうか。（吃点什么吗？）\n', '124');
INSERT INTO `jl_grammar` VALUES ('E37A4F677411FEE5', '53D9A724DD6F152C', '【表达及词语讲解】何と言っても', '表示从多种因素中着重选择一种。原意是“不管别人怎么说”。应用课文中的“何と言ってもおいしさです”表示“不管怎么说首先是要好喝”。\n', '◆ ご主人のどこが好きですか。\n何と言っても、まじめで優しいところです。\n\n', '292');
INSERT INTO `jl_grammar` VALUES ('E3C3E783134C44E2', '78AFF46B36DCBBC1', '【表达及词语讲解】うわあ', '表示看到某种事物时产生的感动或惊讶。\n', 'うわあ、きれいに焼いてありますね。（哇，烤得真好呀。)\nうわあ、ひどい事故ですね。（哇，多严重的事故呀。)\n', '216');
INSERT INTO `jl_grammar` VALUES ('E44B3C458A90147E', 'F3C87745CEF614B3', '动て　います[正在进行]', '表示动作或变化正在进行时，使用“动词て形＋います”。\n', '（１）小野さんは今新聞を読んでいます。（小野女士现在正在看报。）\n（２）森さんは今仕事をしています。（森先生正在工作。）\n（３）太郎さんはコーヒーを飲んでいます。（太郎在喝咖啡。）\n', '87');
INSERT INTO `jl_grammar` VALUES ('E61073573621A168', '83F54A28D2A512CD', '名[时间]+动', '表示时间数量的词语和动词一起使用时，说明动作、状态的持续时间。这时候表示时间数量的词语后面不能加“に”。\n', '（１）李さんは　毎日　七時間　働きます。（小李每天工作7小时。）\n（２）昼　一時間　休みます。（中午休息1小时。）\n（３）森さんは　九時間　寝ます。（森先生睡9小时。）\n', '71');
INSERT INTO `jl_grammar` VALUES ('E7EEB6E732C9F38B', 'AF2518D6F15596F5', '一类形容词谓语形式的简体形', '注意：\n一类形容词的简体形与二类形容词以及名词不同，后面不能加“だ”。', 'そのカレー、おいしい？（那个咖喱饭好吃吗？）\n――ううん、あんまり　おいしく　ないよ。（不怎么样，味道不太好啊。）\n\n昨日の　試験　どうだった？（昨天的考试怎么样啊？）\n――ちょっと　難しかった。（稍微有点难。）', '127');
INSERT INTO `jl_grammar` VALUES ('E83FC26F8B0D830A', '0C1BB8EF80985A87', '【表达及词语讲解】それにしても', '用于尽管认可了作为前提的某种状况或事项，但说话人仍有另外的感觉或者认识。\n\nそれにしても、大勢並んでいるわね——要说，这排队的人可真多啊。\n“大勢並んでいる”说的是机场的拥挤很正常，但今天的拥挤程度也太不寻常了。\n', '－－森さん遅いですね。（森怎么这么晚呀）\n－－少し遅れると言っていましたよ。（他说要晚一点到）\n－－それにしても遅いですよ、もう三十分過ぎましたよ。(即便这样也太晚了，都已经过了30分钟了）\n上面这个例子表示尽管森说要晚到，但也实在太是晚了。\n', '208');
INSERT INTO `jl_grammar` VALUES ('E878AF31C6553C93', '6092F629D9151082', '疑问词+か', '疑问词“いつ”“どこ”“だれ”等词后续“か”，表示“某时”“某地”等意思。\n', '（１）部屋にだれかいますか。（房间里有人吗？）\n（２）部屋にだれがいますか。（房间里有谁？）\n“いつか”“どこか”“だれか”“何か”等本身并不表示疑问的意思，所以可用于陈述句。\n（１）冬休み、どこかへ行きたいです。（寒假想去个什么地方。）\n（２）おなかがすきましたね。何か食べましょう。（肚子饿了吧。吃点东西吧。）\n', '118');
INSERT INTO `jl_grammar` VALUES ('EB3AE1037A4672D0', '6DA21B8991604E64', '名 [时间]までに', '“時間＋まで”表示动作持续的最后时间，如“３時までレポートを書きます（报告写到 3 点）”，意思是写的动作持续到３点。而在形式上与此相似的“時間＋までに”，则表示某种事态发生或完成的期间的终点，如“３時までにレポートを書きます（3 点以前完成报告）”表示完成报告的截止时间是 3 点。\n', '◆　明日の９時までにこの書類を完成させなければなりません。（明天９点之前必须完成这份工作。）\n◆　今月の末までに、新しい家を見つけたいです。（在月底之前我想找到一处新房子。）\n◆　来月の初めまでに事務所開設の準備を済ませたいです。（下个月初之前，要完成开设事务所的所有准备工作。）\n\n', '304');
INSERT INTO `jl_grammar` VALUES ('EC5C381970564FFA', '16B30FDBE23DBEC3', '动ましょう', '把动词“ます形”的“ます”换成“ましょう”，可表示提议。\n', 'ちょっと休みましょう。（休息一下吧。）\nそろそろ行きましょう。（咱们快走吧。）\nいっしょにお茶を飲みましょう。（一起喝茶吧。）\n参考：“ましょう”的礼貌程度没有“ませんか”高。\n', '101');
INSERT INTO `jl_grammar` VALUES ('F0B76F7C5DB12515', '53D9A724DD6F152C', '小句(简体形)みたいです', '与～ようです基本相同，表示根据说话人感知的某种情况进行推测。但小句(简体形)みたいです。不能用于书面语。\n', '◆小野さんは森さんが好きみたいです。（小野好像喜欢森先生）\n', '287');
INSERT INTO `jl_grammar` VALUES ('F2169C15CC06DE9D', '39A948AC1B316420', 'は　【对比】', '第一课学习了提示主题的助词“は”，“は”还可以表示对比。对比时“は”要略微发重一些。', '小野さんは　今日は　休みます。（小野女士今天休息。）\n森さんは　毎朝　何時に　起きますか。（森先生，你每天早晨几点起床？）\n——いつもは　七時ごろです。（我一般是7点左右起床。）', '26');
INSERT INTO `jl_grammar` VALUES ('F3773AB5DCA0E3E8', '3D1CD54A1EF98BF5', '【表达及词语讲解】巻き込まれて', '“巻き込まれます”表示说话人被卷进某种不好的事情当中而受到了影响。动词“巻き込む”多以这种被动形式使用。应用课文中指受到堵车的影响。而“巻き込まれて”前面的消极事态用助词“に”表示。\n', '▲ パリ行きの飛行機は大きな嵐に巻き込まれてしまいました。（飞往巴黎的飞机被卷入了剧烈的暴风雨中。）\n▲ あの会社の課長は汚職事件に巻き込まれて、辞職したそうです。（据说那家公司的科长因卷入贪污事件而引咎辞职。）\n\n\n', '272');
INSERT INTO `jl_grammar` VALUES ('F3CFE31690537957', '58D08E4B784D012F', '【词汇表达】「ご飯」与「めし」「ライス」', '「ご飯」和「めし」只是文体上的区别，二者有做好的“米饭”和“进餐”之意。「めし」是男性用语、俗语。在文体上「めし」一定说「めしを食う」，「ご飯」一定说「ご飯を食べる」。「ライス」没有“进餐”的意思，只限于说做好的“米饭”，主要作为食堂用语使用。\n', '', '161');
INSERT INTO `jl_grammar` VALUES ('F43C0DA49571ACA9', '26EBFD4F2855CC56', '名1は　名2が　一类形/二类形　です', '“好きです”“嫌いです”“怖いです”等表达情感的形容词可以以“[名词1]は　[名词2]が　[一类形容词/二类形容词]　です”的句型使用。“名词1”表示情感的主体，“名词2”表示情感的对像。', '（１）小野さんは　歌　が　好きです。（小野女士喜欢唱歌。）\n（２）王さんは　肉　が　嫌いです。（小王不喜欢吃肉。）\n（３）林さんは　犬　が　怖いです。（林先生害怕狗。）\n', '58');
INSERT INTO `jl_grammar` VALUES ('F4B3EC7C74C4A071', '555BA4813C2BE35E', '动（基本形/ない形）ことにします/ことにしました', '表示说话人自已决定实施某种行为时使用。\n', '☆ 明日から毎日 運動する ことにします。（我明天起每天做运动。）\n☆ 今日からお酒を 飲まない ことにします。（我决定从今天起戒酒。）\n☆ 明日、友達と映画を 見に行く ことにしました。（我明天和朋友去看电影。）\n☆ 広州へは飛行機で 行く ことにしました。（我决定坐飞机去广州。）\n☆ 今年の夏は旅行に　行かない　ことにしました。（我决定今年夏天不去旅行了。）\n', '194');
INSERT INTO `jl_grammar` VALUES ('F7655636EA3316B9', 'C832E4B02E7050D3', '“に/で/へ/から/まで/と”＋は', '第五课我们学习了助词“は”表示对比的意思。这时“は”既可以单独使用也可以加在“に”“で”“へ”“から”“まで”“と”的后面构成一种复合形式。\n', '（１）わたしの　部屋には　電話が　ありません。（我的房间没有电话。）\n（２）韓国へは　行きました。中国へは　行きませんでした。（我去了韩国。没有去中国。）\n', '32');
INSERT INTO `jl_grammar` VALUES ('F77B2CC264D666F8', '53D9A724DD6F152C', '小句(简体形)ようです 名+の+ようです。', '表示根据说话人感知的某种情况进行推测。\n\n前面接名词时，用“名词+の+ようです”的形式。\n◆ 遠くから何か飛んできます。飛行機のようですね。\n--そのようですね。\n（什么东西从远处飞了过来，好像是飞机。--好像是。）\n\n', '◆ 玄関のところにだれかいるようです。（门厅那里好像有人。）\n◆ エンジンが故障したようです。（好像是发动机出了故障。）\n◆ 店の前には行例ができています。あの店の料理はおいしいようです。（那个饭店前面排起了长队，看起来菜的味道不错。）\n\n◆ 遠くから何か飛んできます。飛行機のようですね。\n--そのようですね。\n（什么东西从远处飞了过来，好像是飞机。--好像是。）', '286');
INSERT INTO `jl_grammar` VALUES ('F841B6CFC45EF0BE', '3D1CD54A1EF98BF5', '【表达及词语讲解】参りました', '用于遇到困难或麻烦而感到苦恼。应用课文中，表示堵车后森十分疲惫而苦恼的心情。\n', '▲ 事故でもあったのかな、次の電車、なかなか来ないけど。\n　　－－－ええ、参りましたね、会議が始まってしまいますね。（是不是出了什么事故了？下一班电车还不来啊！--是啊，真糟糕！会议要开了。）\n▲ 参りましたよ。雨に降られて、びしょねれです。（真糟糕！被雨淋成个落汤鸡了。）\n\n', '271');
INSERT INTO `jl_grammar` VALUES ('F8DCB86B9A5675FE', 'F5957C00A8B967C9', '名で名[并列]', '两个以上的名词并列使用时，用“[名词1]で[名词2]”的形式。\n', '（１）スミスさんは旅行会社の社員で、営業部の部長です。（史密斯先生是旅行社的职员，营业部部长。）\n（２）この機械は日中電気の製品で、中国製です。（这台机器是日中电器公司的产品，是中国制造的。）\n', '94');
INSERT INTO `jl_grammar` VALUES ('F92E2E20E9F7442C', '785A27B8EF8FDE03', '【表达及词语讲解】禁止,不希望', '1.动词基本形+な\n2.动词+ないで\n3.动词+ないでください\n\n命令形,禁止形用的场所\n(这个大家可要注意一下啊,不然会给人留下粗鲁的印象奥)\n\n上司对下属,长辈对晚辈可以用命令形或禁止形(一般男性用)\n用于关系亲密的男性朋友间\n用于紧急场合(女性一般不用)\n观看体育比赛时,男女均可用\n用于引用别人的话或解释词语时,男女均可用\n', '', '177');
INSERT INTO `jl_grammar` VALUES ('F94C31F3AB3A3D29', '01FDFF2EE6CDEAF8', '【表达及词语讲解】自言自语时的“な”', '自言自语时，可在简体形后接续“な”表示感叹。由于是自言自语，因此不用于敬体形。“なあ”是将“な”的音拖长的说法，用于较强烈的感叹。\n', '▲今日は本当に寒いな。（今天真冷啊。）\n▲ あっ、財布を忘れた！困ったなあ。（啊，忘了带钱包，这可糟糕了。）\n应用课文中，对于晚来的森，加藤用自言自语的形式表明自己接受了这一无可奈何的事实。\n▲ すみません、出かけようとした時に電話があったんです。\n----そうか。それじゃ、まあ、仕方ないな。\n（对不起，正要出门的时候，来电话了。-----是吗。恩，得，没辙。）\n', '185');
INSERT INTO `jl_grammar` VALUES ('FA8E103C7CB8ED98', '785A27B8EF8FDE03', '名词1+という+名词2', '提供对方不知道的新信息的时候，在表示新信息的词语后面要加“という”。下面几个句子里的“～という”分别表示听话人不知道的花名、地名以及人名。\n', '●それはフジという花です。（那是一种叫做“紫藤”的花。）\n\n●わたしは東京の世田谷という所に住んでいます。（我住在东京一个叫做“世田谷”的地方。）\n\n●田中という名前は日本人の名前です。（“田中”这个姓是日本人的姓。）\n', '174');
INSERT INTO `jl_grammar` VALUES ('FAB3E90A8FE5F142', '555BA4813C2BE35E', '动（基本形/ない形）つもりです', '表示说话之前已经形成的意志，打算。比と思います，更礼貌。～つもりです不可用于长辈或上级。\n', '☆ 今度の日曜日に遊園地へ行くつもりです。（这个星期打算去游乐园。）\n☆ ボーナスで車買うつもりです。（打算用奖金买车。）\n☆ もうタバコは吸わないつもりです。（已经决定戒烟了。）\n', '193');
INSERT INTO `jl_grammar` VALUES ('FB23304116603428', '26EBFD4F2855CC56', '频率的副词', '“いつも”“よく”“時々”“たまに”“あまり”“全然”等是表示频率的副词。“あまり”“全然”后面须接否定形式。', '（１）わたしは　たまに　コンサートへ　行きます。（我偶尔去听听音乐会。）\n（２）李さんは　時々　映画を　見ます。（小李有时看电影。）\n（３）田中さんは　あまり　横浜へは　行きません。（田中先生不太去横滨。）', '62');
INSERT INTO `jl_grammar` VALUES ('FC2343D49E8FE868', 'A65B80B2369DA693', '【表达及词语讲解】～ていきます／きました', '*接续：接在动词第二连用形后。\n*意义：表示从一段时间到另一段时间，某一动作一直持续或性质状态的变化一直在持续。变化的时间如果是从以前到现在，那就是用“～てきます”，如果变化的时间是从现在到以后，那就是用“～ていきます”。\n', '①会社の売上が上がってきました。（公司的营业额一直在上升。）\n②休みの時間が減ってきました。（休息的时间减少了。）\n③頑張っていきます。（一直努力下去。）\n④進んでいきましょう。（继续做下去。）\n⑤これからもふえていくでしょう。（以后会继续增加下去吧。）\n', '297');
INSERT INTO `jl_grammar` VALUES ('FCBEF633376A7B28', '4A0095AE1A34869A', '动词（简体形）/小句+句词', '动词或动词小句修饰名词，用动词的简体型。简体型包括：动词基本型,用于表示某种习惯或将要发生的动作；动词「た」型，已经发生的动作。「ない」型：表示否定。\n\n注意：[1]名词前不用敬体型 [2]名词前不能加「の」。\n', '（１）これは明日会議で使う資料です。（这是明天开会用的资料。）\n（２）あれは森さんが今夜泊まるホテルです。（那是今晚森要入住的宾馆。）\n（３）あれは倒産した会社です。（那是一家倒闭的公司，倒産「とうさん」。）\n\n第（１）（２）小句，是表示将要发生的动作，所以用了动词的基本型，第三句，已经发生的动作，用了动词的「た」型。\n', '138');
INSERT INTO `jl_grammar` VALUES ('FFA2DBE9BC7E4A68', '58D08E4B784D012F', '小句（简体形）でしょう？', '①表示确认,确认对方比自己更为熟悉的事,要读升调\n李さん、明日　パーティーに行くでしょう(↑小李,你明天参加联欢会吧)\n②表示叮问,用于对方和自己意见不一或者叮问对方,读降调\nお母さん、私の日記、見たでしょう(↓妈,你是不是看我日记了?)\n', '李さん、明日　パーティーに行くでしょう(↑小李,你明天参加联欢会吧)\n\nお母さん、私の日記、見たでしょう(↓妈,你是不是看我日记了?)\n', '153');
INSERT INTO `jl_grammar` VALUES ('FFB6F6390E2923E2', '15D73C404D384B32', '【表达及词语讲解】とにかく', '“有很多，总之最，就是”的意思。\n呵呵，这样说大家可能不明白，我们看一下例句：\n', 'とにかく最初は言葉ガ通じなくて，とても困りました。（特别是一开始时语言不通，非常困难。）\n間に合うかどうか分かりませんガ，とにかく行きましょう。（来得来不及不知道，去了再说吧。）\n', '233');

-- ----------------------------
-- Table structure for jl_level
-- ----------------------------
DROP TABLE IF EXISTS `jl_level`;
CREATE TABLE `jl_level` (
  `jl_level_id` char(32) COLLATE utf8_unicode_ci NOT NULL COMMENT '等级id',
  `jl_level_name` varchar(255) COLLATE utf8_unicode_ci NOT NULL COMMENT '等级名称',
  `jl_level_idnex` int(16) NOT NULL,
  PRIMARY KEY (`jl_level_id`)
) ENGINE=InnoDB DEFAULT CHARSET=utf8 COLLATE=utf8_unicode_ci;

-- ----------------------------
-- Records of jl_level
-- ----------------------------
INSERT INTO `jl_level` VALUES ('2186DC5F869F0503', '标准日本语初级', '0');
INSERT INTO `jl_level` VALUES ('338AB58F6AE26C42', '标准日本语中级', '1');
INSERT INTO `jl_level` VALUES ('C9FEF61C9EF58CE8', '标准日本语高级', '2');

-- ----------------------------
-- Table structure for jl_user_sentences
-- ----------------------------
DROP TABLE IF EXISTS `jl_user_sentences`;
CREATE TABLE `jl_user_sentences` (
  `jl_user_sentences_id` char(32) COLLATE utf8_unicode_ci NOT NULL COMMENT '用户造句id',
  `jl_user_sentences` varchar(255) COLLATE utf8_unicode_ci NOT NULL COMMENT '用户造句',
  `jl_user_sentences_user_id` char(32) COLLATE utf8_unicode_ci NOT NULL COMMENT '用户造句绑定的用户id',
  `jl_user_sentences_grammar_id` char(32) COLLATE utf8_unicode_ci NOT NULL COMMENT '用户造句绑定的语法id',
  `jl_user_sentences_create_time` datetime NOT NULL COMMENT '创建时间',
  `jl_user_sentences_modify_time` datetime DEFAULT NULL COMMENT '修改时间',
  PRIMARY KEY (`jl_user_sentences_id`)
) ENGINE=InnoDB DEFAULT CHARSET=utf8 COLLATE=utf8_unicode_ci;

-- ----------------------------
-- Records of jl_user_sentences
-- ----------------------------
INSERT INTO `jl_user_sentences` VALUES ('024FFF8F54857B14', 'akira　は　私　大好きの　アニメ　です', 'F49F1D651D4432A0', '61AAEC76518EF436', '2016-02-25 16:49:45', '2016-02-25 16:49:45');
INSERT INTO `jl_user_sentences` VALUES ('0A315AE80C89C710', 'sd3', 'F49F1D651D4432A0', '61AAEC76518EF436', '2016-02-18 18:50:03', '2016-02-18 18:50:03');
INSERT INTO `jl_user_sentences` VALUES ('0FA042F6FB0F9CCB', 'fsfdsfdfdsfdsfdsfdss', 'F49F1D651D4432A0', 'AECF6A47E96536A7', '2016-02-21 09:49:22', '2016-02-21 09:49:22');
INSERT INTO `jl_user_sentences` VALUES ('53AE234203449A63', '3343', 'F49F1D651D4432A0', '61AAEC76518EF436', '2016-02-18 18:48:14', '2016-02-18 18:48:14');
INSERT INTO `jl_user_sentences` VALUES ('581A508AD55D9AAC', 'ssss', 'F49F1D651D4432A0', '61AAEC76518EF436', '2016-02-18 18:48:34', '2016-02-18 18:48:34');
INSERT INTO `jl_user_sentences` VALUES ('650E489B9F09B2C0', 'sdfdsf', 'F49F1D651D4432A0', 'AECF6A47E96536A7', '2016-02-20 13:04:22', '2016-02-20 13:04:22');
INSERT INTO `jl_user_sentences` VALUES ('69031D078E757D00', '1121', 'F49F1D651D4432A0', '61AAEC76518EF436', '2016-02-18 18:48:14', '2016-02-18 18:48:14');
INSERT INTO `jl_user_sentences` VALUES ('797334BB8ABDE1A2', 'sd2', 'F49F1D651D4432A0', '61AAEC76518EF436', '2016-02-18 18:50:03', '2016-02-18 18:50:03');
INSERT INTO `jl_user_sentences` VALUES ('8E5F150C09D9D5F1', 'akira　は　私　大好きの　アニメ　ですakira　は　私　大好きの　アニメ　ですakira　は　私　大好きの　アニメ　ですakira　は　私　大好きの　アニメ　ですakira　は　私　大好きの　アニメ　ですakira　は　私　大好きの　アニメ　です', 'F49F1D651D4432A0', '61AAEC76518EF436', '2016-02-25 16:50:17', '2016-02-25 16:50:17');
INSERT INTO `jl_user_sentences` VALUES ('9364454E751ACB3D', 'dfffffffffffffffffffffffffffffffffffff', 'F49F1D651D4432A0', 'AECF6A47E96536A7', '2016-02-20 13:11:20', '2016-02-20 13:11:20');
INSERT INTO `jl_user_sentences` VALUES ('93C3BB0792A6D4C1', 'dddd', 'F49F1D651D4432A0', '61AAEC76518EF436', '2016-02-18 18:48:34', '2016-02-18 18:48:34');
INSERT INTO `jl_user_sentences` VALUES ('9E8611DC23915675', '1111111111111', 'F49F1D651D4432A0', 'AECF6A47E96536A7', '2016-02-20 13:14:15', '2016-02-20 13:14:15');
INSERT INTO `jl_user_sentences` VALUES ('B13C6B88BC34A42E', 'sdfdssssssssssssssssssssssss', 'F49F1D651D4432A0', 'AECF6A47E96536A7', '2016-02-20 13:09:24', '2016-02-20 13:09:24');
INSERT INTO `jl_user_sentences` VALUES ('D2BD556B4E380610', 'ddd', 'F49F1D651D4432A0', 'AECF6A47E96536A7', '2016-02-20 13:08:15', '2016-02-20 13:08:15');
INSERT INTO `jl_user_sentences` VALUES ('E0E88150FEABA1EF', '2232', 'F49F1D651D4432A0', '61AAEC76518EF436', '2016-02-18 18:48:14', '2016-02-18 18:48:14');
INSERT INTO `jl_user_sentences` VALUES ('E598D5DDBCD4250A', 'sd', 'F49F1D651D4432A0', '61AAEC76518EF436', '2016-02-18 18:50:03', '2016-02-18 18:50:03');
