CREATE DATABASE  IF NOT EXISTS `japeneselearning` /*!40100 DEFAULT CHARACTER SET utf8 */;
USE `japeneselearning`;
-- MySQL dump 10.13  Distrib 5.7.9, for osx10.9 (x86_64)
--
-- Host: localhost    Database: japeneselearning
-- ------------------------------------------------------
-- Server version	5.5.42

/*!40101 SET @OLD_CHARACTER_SET_CLIENT=@@CHARACTER_SET_CLIENT */;
/*!40101 SET @OLD_CHARACTER_SET_RESULTS=@@CHARACTER_SET_RESULTS */;
/*!40101 SET @OLD_COLLATION_CONNECTION=@@COLLATION_CONNECTION */;
/*!40101 SET NAMES utf8 */;
/*!40103 SET @OLD_TIME_ZONE=@@TIME_ZONE */;
/*!40103 SET TIME_ZONE='+00:00' */;
/*!40014 SET @OLD_UNIQUE_CHECKS=@@UNIQUE_CHECKS, UNIQUE_CHECKS=0 */;
/*!40014 SET @OLD_FOREIGN_KEY_CHECKS=@@FOREIGN_KEY_CHECKS, FOREIGN_KEY_CHECKS=0 */;
/*!40101 SET @OLD_SQL_MODE=@@SQL_MODE, SQL_MODE='NO_AUTO_VALUE_ON_ZERO' */;
/*!40111 SET @OLD_SQL_NOTES=@@SQL_NOTES, SQL_NOTES=0 */;

--
-- Table structure for table `jl_class`
--

DROP TABLE IF EXISTS `jl_class`;
/*!40101 SET @saved_cs_client     = @@character_set_client */;
/*!40101 SET character_set_client = utf8 */;
CREATE TABLE `jl_class` (
  `jl_class_id` char(32) COLLATE utf8_unicode_ci NOT NULL COMMENT '课时id',
  `jl_class_name` varchar(255) COLLATE utf8_unicode_ci NOT NULL COMMENT '课时名称',
  `jl_class_level_id` char(32) COLLATE utf8_unicode_ci NOT NULL COMMENT '课程绑定的等级id',
  `jl_class_level_name` varchar(255) COLLATE utf8_unicode_ci NOT NULL COMMENT '课程绑定的等级name',
  `jl_index` int(16) NOT NULL COMMENT '排序',
  PRIMARY KEY (`jl_class_id`,`jl_class_level_id`)
) ENGINE=InnoDB DEFAULT CHARSET=utf8 COLLATE=utf8_unicode_ci;
/*!40101 SET character_set_client = @saved_cs_client */;

--
-- Dumping data for table `jl_class`
--

LOCK TABLES `jl_class` WRITE;
/*!40000 ALTER TABLE `jl_class` DISABLE KEYS */;
INSERT INTO `jl_class` VALUES ('01FDFF2EE6CDEAF8','第三十课','2186DC5F869F0503','标准日本语初级',29),('021ED0779AD66FFF','第三十课','338AB58F6AE26C42','标准日本语中级',77),('03CFB4FCDCEC7629','第二十三课','C9FEF61C9EF58CE8','标准日本语高级',102),('045F13F9FBE66994','第二十一课','338AB58F6AE26C42','标准日本语中级',68),('057AADDE0F6CE751','第四课','C9FEF61C9EF58CE8','标准日本语高级',83),('05F18CE9A5085EE0','第十九课','338AB58F6AE26C42','标准日本语中级',66),('07FF15161F8834D0','第四十八课','2186DC5F869F0503','标准日本语初级',47),('0C1BB8EF80985A87','第三十三课','2186DC5F869F0503','标准日本语初级',32),('117F3F00E08406AC','第四课','2186DC5F869F0503','标准日本语初级',3),('15D73C404D384B32','第三十六课','2186DC5F869F0503','标准日本语初级',35),('15EB12CCAA402861','第十三课','C9FEF61C9EF58CE8','标准日本语高级',92),('16B30FDBE23DBEC3','第十七课','2186DC5F869F0503','标准日本语初级',16),('16D3FC5C4F4C50FF','第三十二课','338AB58F6AE26C42','标准日本语中级',79),('1734EBB0C38EAB9C','第九课','C9FEF61C9EF58CE8','标准日本语高级',88),('189BFFD6A80BE4F8','第十五课','338AB58F6AE26C42','标准日本语中级',62),('1D586D9D1E519F51','第七课','338AB58F6AE26C42','标准日本语中级',54),('1E33AFE1BE7BF8B0','第十二课','C9FEF61C9EF58CE8','标准日本语高级',91),('1FF07A380F0E4C23','第二十课','338AB58F6AE26C42','标准日本语中级',67),('23C3632DB78FC68D','第六课','C9FEF61C9EF58CE8','标准日本语高级',85),('26EBFD4F2855CC56','第十一课','2186DC5F869F0503','标准日本语初级',10),('3008AC7055B1F420','第二十九课','338AB58F6AE26C42','标准日本语中级',76),('30F01CB5EF64C793','第七课','2186DC5F869F0503','标准日本语初级',6),('329685CEC5BACC1E','第二十四课','338AB58F6AE26C42','标准日本语中级',71),('32F0252F6526B44D','第四十三课','2186DC5F869F0503','标准日本语初级',42),('3809055A61E5137B','第九课','2186DC5F869F0503','标准日本语初级',8),('39A948AC1B316420','第五课','2186DC5F869F0503','标准日本语初级',4),('3AB71705160CE282','第七课','C9FEF61C9EF58CE8','标准日本语高级',86),('3D1CD54A1EF98BF5','第四十一课','2186DC5F869F0503','标准日本语初级',40),('455F0E61D143585E','第十一课','C9FEF61C9EF58CE8','标准日本语高级',90),('4A0095AE1A34869A','第二十五课','2186DC5F869F0503','标准日本语初级',24),('4A0DAFF88D198F32','第四课','338AB58F6AE26C42','标准日本语中级',51),('4C3B7B4C3953368C','第十六课','338AB58F6AE26C42','标准日本语中级',63),('4E8011325C560697','第一课','2186DC5F869F0503','标准日本语初级',0),('4EA5515B4B6DC3FC','第十三课','338AB58F6AE26C42','标准日本语中级',60),('4F6E7BE0063BF862','第八课','338AB58F6AE26C42','标准日本语中级',55),('53D9A724DD6F152C','第四十四课','2186DC5F869F0503','标准日本语初级',43),('5491BB05E6440231','第二十八课','2186DC5F869F0503','标准日本语初级',27),('555BA4813C2BE35E','第三十二课','2186DC5F869F0503','标准日本语初级',31),('58572FF88F4E9D3F','第二十七课','338AB58F6AE26C42','标准日本语中级',74),('58BAEA21C587AB7D','第二十四课','C9FEF61C9EF58CE8','标准日本语高级',103),('58D08E4B784D012F','第二十七课','2186DC5F869F0503','标准日本语初级',26),('5BDA8C13851F8D27','第五课','C9FEF61C9EF58CE8','标准日本语高级',84),('5C0F074931E212CC','第二十一课','2186DC5F869F0503','标准日本语初级',20),('5C45F54F3F532AB0','第二十六课','338AB58F6AE26C42','标准日本语中级',73),('5F8595DC86B89AFB','第三十一课','2186DC5F869F0503','标准日本语初级',30),('602B85A27A89F6F4','第十八课','C9FEF61C9EF58CE8','标准日本语高级',97),('6092F629D9151082','第二十课','2186DC5F869F0503','标准日本语初级',19),('61C1C8D9B043320B','第二十二课','C9FEF61C9EF58CE8','标准日本语高级',101),('623D73458E846EE7','第三十九课','2186DC5F869F0503','标准日本语初级',38),('638B1CD13AE4AB06','第十七课','338AB58F6AE26C42','标准日本语中级',64),('670557250FD3D1A3','第三十八课','2186DC5F869F0503','标准日本语初级',37),('69D7BDD8AB305DA1','第五课','338AB58F6AE26C42','标准日本语中级',52),('6DA21B8991604E64','第四十六课','2186DC5F869F0503','标准日本语初级',45),('6F88B7984B6E72AA','第二十四课','2186DC5F869F0503','标准日本语初级',23),('6FC489150655EA99','第三课','338AB58F6AE26C42','标准日本语中级',50),('73C535D3CCF1B639','第二十五课','338AB58F6AE26C42','标准日本语中级',72),('75B3769B81DC332F','第十四课','338AB58F6AE26C42','标准日本语中级',61),('76BA20FE199B0157','第六课','338AB58F6AE26C42','标准日本语中级',53),('76DF925529EB153E','第三十一课','338AB58F6AE26C42','标准日本语中级',78),('785A27B8EF8FDE03','第二十九课','2186DC5F869F0503','标准日本语初级',28),('78AFF46B36DCBBC1','第三十四课','2186DC5F869F0503','标准日本语初级',33),('7D78B3CD7A1777FC','第十九课','2186DC5F869F0503','标准日本语初级',18),('81FE17AC5DBAE8EB','第十课','2186DC5F869F0503','标准日本语初级',9),('8377D9FF6994BEB2','第二课','2186DC5F869F0503','标准日本语初级',1),('83F54A28D2A512CD','第十三课','2186DC5F869F0503','标准日本语初级',12),('89C37579C153161E','第十二课','338AB58F6AE26C42','标准日本语中级',59),('8A6C251024771D43','第九课','338AB58F6AE26C42','标准日本语中级',56),('960EA683383B3BA6','第十一课','338AB58F6AE26C42','标准日本语中级',58),('9B6B04E15B67DB0F','第十九课','C9FEF61C9EF58CE8','标准日本语高级',98),('A32305E40A4CB807','第十五课','C9FEF61C9EF58CE8','标准日本语高级',94),('A65B80B2369DA693','第四十五课','2186DC5F869F0503','标准日本语初级',44),('A709A010A089416D','第三十五课','2186DC5F869F0503','标准日本语初级',34),('AA201FD964F99EE4','第十课','338AB58F6AE26C42','标准日本语中级',57),('ABC6FA7438A04541','第十八课','338AB58F6AE26C42','标准日本语中级',65),('AEA5C5F658F23202','第三十七课','2186DC5F869F0503','标准日本语初级',36),('AEEAE34F1DB019D5','第十八课','2186DC5F869F0503','标准日本语初级',17),('AF2518D6F15596F5','第二十二课','2186DC5F869F0503','标准日本语初级',21),('B3FF2B9DDC740413','第四十课','2186DC5F869F0503','标准日本语初级',39),('B58DC69F480EBBB0','第二十三课','338AB58F6AE26C42','标准日本语中级',70),('BE4E9B361FCEDE05','第二课','338AB58F6AE26C42','标准日本语中级',49),('C2824ED5B5E81097','第十二课','2186DC5F869F0503','标准日本语初级',11),('C832E4B02E7050D3','第六课','2186DC5F869F0503','标准日本语初级',5),('C8F844267ECA4F3A','第三课','2186DC5F869F0503','标准日本语初级',2),('C9CCCC54B256FC63','第十四课','2186DC5F869F0503','标准日本语初级',13),('CA57CC069865439B','第二课','C9FEF61C9EF58CE8','标准日本语高级',81),('CB4E4711F5E35515','第二十八课','338AB58F6AE26C42','标准日本语中级',75),('CF0CFB34DF6D7F2F','第十课','C9FEF61C9EF58CE8','标准日本语高级',89),('D05AE3B0E48948FA','第十六课','C9FEF61C9EF58CE8','标准日本语高级',95),('D2BB8409FFC9C5E4','第一课','C9FEF61C9EF58CE8','标准日本语高级',80),('D88FAAD389E11571','第二十二课','338AB58F6AE26C42','标准日本语中级',69),('DDC1F89951E9D2BE','第四十二课','2186DC5F869F0503','标准日本语初级',41),('DED8B09D145EECA5','第八课','C9FEF61C9EF58CE8','标准日本语高级',87),('E1550D35E9A6DAE3','第四十七课','2186DC5F869F0503','标准日本语初级',46),('E1FB3F6BAD791828','第二十三课','2186DC5F869F0503','标准日本语初级',22),('E3046E0A69D0574A','第八课','2186DC5F869F0503','标准日本语初级',7),('E5C334A356B3044C','第十七课','C9FEF61C9EF58CE8','标准日本语高级',96),('E85C84498A29908F','第二十六课','2186DC5F869F0503','标准日本语初级',25),('EE7AA3A171E80EEF','第三课','C9FEF61C9EF58CE8','标准日本语高级',82),('F08ADF7D5AF801B4','第十四课','C9FEF61C9EF58CE8','标准日本语高级',93),('F21910853BB99DD0','第二十一课','C9FEF61C9EF58CE8','标准日本语高级',100),('F3C87745CEF614B3','第十五课','2186DC5F869F0503','标准日本语初级',14),('F5957C00A8B967C9','第十六课','2186DC5F869F0503','标准日本语初级',15),('FB672945F910447F','第一课','338AB58F6AE26C42','标准日本语中级',48),('FC820E6BCF4716ED','第二十课','C9FEF61C9EF58CE8','标准日本语高级',99);
/*!40000 ALTER TABLE `jl_class` ENABLE KEYS */;
UNLOCK TABLES;

--
-- Table structure for table `jl_cms_user`
--

DROP TABLE IF EXISTS `jl_cms_user`;
/*!40101 SET @saved_cs_client     = @@character_set_client */;
/*!40101 SET character_set_client = utf8 */;
CREATE TABLE `jl_cms_user` (
  `jl_user_id` char(32) COLLATE utf8_unicode_ci NOT NULL COMMENT '用户id',
  `jl_user_name` varchar(100) COLLATE utf8_unicode_ci NOT NULL COMMENT '用户名',
  `jl_password` varchar(30) COLLATE utf8_unicode_ci NOT NULL COMMENT '用户密码',
  PRIMARY KEY (`jl_user_id`)
) ENGINE=InnoDB DEFAULT CHARSET=utf8 COLLATE=utf8_unicode_ci;
/*!40101 SET character_set_client = @saved_cs_client */;

--
-- Dumping data for table `jl_cms_user`
--

LOCK TABLES `jl_cms_user` WRITE;
/*!40000 ALTER TABLE `jl_cms_user` DISABLE KEYS */;
INSERT INTO `jl_cms_user` VALUES ('20CDEAA35241B89B','ewuz','guoluxiaoEwuz123'),('44CD71F21BC4919E','admin','123456'),('F49F1D651D4432A0','akira','guoluxiao');
/*!40000 ALTER TABLE `jl_cms_user` ENABLE KEYS */;
UNLOCK TABLES;

--
-- Table structure for table `jl_grammar`
--

DROP TABLE IF EXISTS `jl_grammar`;
/*!40101 SET @saved_cs_client     = @@character_set_client */;
/*!40101 SET character_set_client = utf8 */;
CREATE TABLE `jl_grammar` (
  `jl_grammar_id` char(32) COLLATE utf8_unicode_ci NOT NULL COMMENT '语法id',
  `jl_grammar_class_id` char(32) COLLATE utf8_unicode_ci NOT NULL COMMENT '语法的课时绑定id',
  `jl_grammar_pattern` varchar(255) COLLATE utf8_unicode_ci NOT NULL COMMENT '语法句式',
  `jl_grammar_explain` longtext COLLATE utf8_unicode_ci NOT NULL COMMENT '语法解释',
  `jl_grammar_example` longtext COLLATE utf8_unicode_ci NOT NULL COMMENT '语法例句',
  `jl_grammar_index` int(32) NOT NULL,
  PRIMARY KEY (`jl_grammar_id`)
) ENGINE=InnoDB DEFAULT CHARSET=utf8 COLLATE=utf8_unicode_ci;
/*!40101 SET character_set_client = @saved_cs_client */;

--
-- Dumping data for table `jl_grammar`
--

LOCK TABLES `jl_grammar` WRITE;
/*!40000 ALTER TABLE `jl_grammar` DISABLE KEYS */;
INSERT INTO `jl_grammar` VALUES ('006ABA7A28961697','01FDFF2EE6CDEAF8','【表达及词语讲解】行楽地','众人去游览的名胜古迹，设有旅游设施以及娱乐设施的场所，在日语中统称为“行楽地（景点）”，在日本，当春季樱花盛开、秋季红叶烂漫，或者黄金周和盂兰盆会前后的连休时，“行楽地”到处都是人山人海，去“行楽地”的汽车往往把附近的公路堵得水泄不通。\n','',187),('007324DC3BB8F716','785A27B8EF8FDE03','动词て形／ないで','“动词て形”“动词ない形+で”是日常生活中经常使用的表示祈使的说法，\n\n不论男性、女性都经常使用，但一般用于关系亲密的人之间。\n\n“命令形”“～なさい”“～な”和“～て／～ないで”相比，使用的范围很有限。\n\n前三者一般限于上下、尊卑关系非常明确的非正式场合，不过， 在紧急情况下，对上级或尊长也可以说“逃げろ（快逃）”。\n\n另外，虽然是在紧急情况下，但要求对方求助、帮助自己时也不能用命令形而用“动词て形”，比如“助けて（救命）”。\n\n','●もうちょっと　急いで。（再稍微快一点！）\n\n●ちゃんと話を聞いて。（好好地听我说话！）\n\n●遠慮しないで。（别客气！）\n',173),('00B2C2C724089054','0C1BB8EF80985A87','动词／形容词そうです','用于描述说话人对某种事物样态的观感或根据某种情形推测事态的发展。\n\n接续方式为：\n动词--＞去掉ます+そうです\n形容词1类--＞去掉い+そうです\n形容词2类--＞+そうです\n\n◆このケーキはおいしそうです。（蛋糕看上去很好吃）\n◆李さんは仕事が大変そうですね。（小李的工作好像很不容易。）\n\n表示否定时，前接形容词时用“～そうではありません”的形式，而前接动词时用“～そうにありません”的形式。\n◆雨はやみそうにありません。（雨看上去不像要停的样子）\n\n另外，前接“ない”和“いい”这两个双音节词时，情况特殊\nない--＞なさそうです\nいい--＞よさそうです\n◆今日は会議がなさそうです。（今天好像没有。）\n◆この本はとてもよさそうです。（这本书好像很不错。）\n\n“～そうです”不仅用于句尾，还用于名词、动词的前面。用于名词前面时用“～そうな”的形式，用于动词前面时用“～そうに”的形式。\n◆おいしそうなケーキですね。（这蛋糕看上去真好吃啊。）\n◆子供たちは楽しそうに遊んでいます。（孩子们在快乐地玩儿着。）\n','◆このケーキはおいしそうです。（蛋糕看上去很好吃）\n◆李さんは仕事が大変そうですね。（小李的工作好像很不容易。）\n\n◆雨はやみそうにありません。（雨看上去不像要停的样子）\n\n◆今日は会議がなさそうです。（今天好像没有。）\n◆この本はとてもよさそうです。（这本书好像很不错。）\n\n◆おいしそうなケーキですね。（这蛋糕看上去真好吃啊。）\n◆子供たちは楽しそうに遊んでいます。（孩子们在快乐地玩儿着。）\n',206),('00B5B2116CC3E535','4A0DAFF88D198F32','～といえば','“名词＋といえば”用于把名词作为话题提出，进而叙述由此而联想到的事情或对该话题某种说明。△かつて、日本のサラリーマンといえば、朝早く家を出て家に帰るのは深夜になり、残業や休日出勤をするのは当たり前でした。\n','△中国といえば、ウーロン茶を連想します。\n（提到中国就会联想到乌龙茶。）\n△吉田さんといえば、歴史に詳しくて有名です。\n（说到吉田，他精通历史是出了名的。）',361),('0198D649AB297AAC','C832E4B02E7050D3','名【人】　と　动','共同做某事的对象用助词“と”表示。\n','（１）小野さんは　友達と　帰りました。（小野女士和朋友一块儿回去了。）\n（２）李さんは　だれと　日本へ　来ましたか。（小李和谁一块儿来日本的？）',29),('02325C72F4A7B983','960EA683383B3BA6','いきいきとした','表示动植物等生机勃勃的机子，必须后续名词。有时也用惯用表达形式“いきいきとしている”。此外，“いきいきと”还可以直接后续其他的动词。\n','△高画質のいきいきとした映像が生み出されるようになった。\n△彼女はいつもいきいきとした表情で話す。\n（她总是表情生动地说话。）\n△雨が降った後なので、木の葉がいきいきとしている。\n（由于刚下过雨，树叶看起来生机盎然。）\n\n',428),('025006C53A96453A','5F8595DC86B89AFB','小句（简体形） でしょう','疑问句的另一种说法，比一般的疑问句的礼貌程度要高。\n','李さんは来るでしょうか＝李さんは来ますか。（小李来吗？）\n罵さんはもう帰ったでしょうか＝罵さんはもう帰りましたか。（小马已经回家了吗？）\n三月の東京は寒いでしょうか。 （3月的东京冷吗？）\nこれは中国のお菓子でしょうか。（这是中国式的点心吗？）\n',192),('02931C7E2AAA3541','555BA4813C2BE35E','【表达及词语讲解】～てほしい（表示对他人愿望）','第17课学习了表示愿望的“～たい”。“～たい”表示说话人自己想做某事的愿望，而表示希望别人去做某事时，则用“～てほしい”。但是，这种表达方式礼貌程度较低，因而不能对长辈或上级直接使用。\n','☆ （介绍者是说话人自己）先生にわたしの友達を紹介したいです。（我想把我的朋友介绍给老师。）\n☆ （介绍者是田中）田中さんに日本人の友達を紹介してほしいです。（想请田中先生给我介绍日本朋友。）\n☆ すみません、ちょっと手伝ってほしいんですが…。（对不起，请帮我一下忙好吗。）\n',201),('0357BA4A0C8042D0','189BFFD6A80BE4F8','これもまた[指示上下文内容⑥]','本课中，“これ”指日餐专卖店。在之前的内容中叙述了存在种类繁多的中餐和西餐馆，其后接着叙述日本餐馆也同样多种多样，因此使用了助词“も”（初级第3课）和“また”（中级第1课课文），构成了“～もまた”的形式。\n','△「うどん」「そば」「天ぷら」「寿司」「すき焼き」など、これもまた多様である。\n（如乌冬面、荞麦面、天妇罗、寿司、日式牛肉火锅等等，其种类也很多。）',455),('037A953C8FCB83D5','DDC1F89951E9D2BE','【表达及词语讲解】 おととい送ったんですものね','句尾形式“～ですもの”表示原因、理由。一般用于关系密切的人之间。与“～ですから”相比，“～ですもの”语气较弱。主要用于表示与说话人本身相关的理由。因此常常具有一种申明自己的行为是正当的语感。使用者多为女性。\n\n应用课文中，小李认为自己一方确实已经寄出了文件，对方不可能没有收到，因此使用了“おととい送ったんですものね（前天寄出去的嘛）”。\n◆ 〔田中（甲）跟女同事（乙）说话〕\n　甲：今月から給料が上がったそうですね。（听说从这个月开始涨工资了呀。）\n　乙：こんなにたくさん仕事しているんですもの。当然でしょう。（工作量这么大，当然（应该涨）啦！）\n\n小孩子和部分女性使用“～ですもの”的简体形式“～だもの”时，常发音为“～だもん”。与“～ですもの”“～だもの”相比，“～だもん”有一种撒娇的语感。\n◆ 〔母亲（甲）问孩子（乙）〕\n　甲：どうして宿題しないの？（为什么不做作业？）\n　乙：学校にノートを忘れちゃったんだもん。（把作业本忘在学校了嘛。）\n\n','',279),('03C151C151DF8F28','6FC489150655EA99','～を含めて','“～を含めて＋数量词”表示“包括在～在内＋数量词”。需要特别主要的是，如果说“わたしを含めて４名”，则全部人数为４名；如果说“わたしほか４名”，则合计人数为5名。\n','△今回の「金星」プロジェクトは、私を含めて4名のスタッフが担当いたします。\n（此次“金星”项目由包括我在内的4名成员承担。）\n△今回のプロジェクトの担当者は、主任の李秀麗ほか3名のスタッフです。\n（承担此次项目的除了分公司主任李秀丽以外，还有另外3名成员。）',490),('03D854D052AD448B','01FDFF2EE6CDEAF8','小句1ので，小句2','ので表示原因，理由，可以接在简体后，也可以接在敬体后，但接简体形较多。“小句1”为二类形容词小句和名词小句时，将其简体形的“だ”变为“な”再加“ので”，成“な+ので”的形式。\n\n注：“~ので”和“~から”相比，较为礼貌郑重，所以多用于正式场合。口语中往往发成“~んで”。\n“小句2”表示提议时，必须使用“~から”。\n\n','①.荷物が重いので、宅配便で送ります。（行李很重，所以用送货上门的方式送达）\n\n②.香港からお客さんが来るので、空港へ迎えに行きます。（有客户从香港来，我要去机场迎接）\n\n③.電車が遅れたんで、遅刻しました。すみません。（电车晚点我迟到了，对不起）\n　電車が遅れたから、遅刻しました。すみません。（因为电车晚点，所以我迟到了，对不起；这句更强调理由）\n\n④.もう時間がないから、早く行こうよ。（已经没有时间了，快走吧）\n　もう時間がないので、早く行こうよ。这里是提议“快走吧”所以用~から。\n\n',181),('03EE704FC62DCA05','B3FF2B9DDC740413','动 ところです','表示动作处于某种阶段。\n','（１）动（基本型） ところです（表示动作即将进行）\n◆ これから友達と食事に行くところです 。（我正要和朋友一起去吃饭。)\n\n（２）动+ ているところです （表示动作持续）\n◆ 本を読んでいるところです。（正在看书。)\n\n（３）动+ たところです　　（表示动作或事件刚刚结束)\n◆ さっき、家に帰ってきたところです。（刚刚回到家。)\n',256),('042976A7AA162C8C','4A0DAFF88D198F32','見られます','“見られます”是“見ます”的可能形式，其意思由“实际可以看到”派生而来，表示该现象多起来了或经常能够观察到。\n\n此外，书面语中常用“思われます”“考えられます”等可能形式。这是因为使用“思います”“考えます”，陈述重点集中于实施“思います”“考えます”行为的主语“だれが（谁）”；而使用可能形式“～が思われます”“～が考えられます”能够变成客观表述，这时的陈述重点集中于实施“思います”“考えます”行为的内容“何が（什么）”，而不是主语“だれが（谁）”。\n\n','△近年、家族との時間を大切にしたいと考えて、この制度を利用する男性が見られるようになりました。\n（近年来，也开始有男性为了珍惜和家人在一起的时光而利用这项制度。）\n△携帯電話でインターネットを楽しむ人がよく見られます。\n（用手机上网的人随处可见。）\n△最近は昔のように着物を着る人はなかなか見られなくなりました。\n（近来，像过去那样穿着和服的人已难得一见了。）另外，动词“見えます”是指能够实际映入眼帘的状况，而“見られます”表示即使实际上看不见，但是通常能够在各种不同场所见得到的状况，或者已接近那样的状况。\n△あそこにいる、帽子をかぶった男の人が見えますか。\n（你能看见那边那个戴帽子的男人吗？）\n×あそこにいる、帽子をかぶった男の人が見られますか。',373),('045EBA422570A1E6','69D7BDD8AB305DA1','～中心とした～','“～中心とした+名词”是举出主要要素或中心要素、代表性事例的表达方式，与“～を中心とする～”意思相同。\n','△外来語は主に19世紀以降、西洋を中心とした外国から取り入れられた言葉だ。\n（外来词主要指19世纪以来从西方国家引进的词。）\n△この雑誌は20代の女性を中心とする若者に読れている。\n（这本杂志的读者是20多岁的女性为主的年轻人。）\n后续谓语动词时使用“～を中心に+动词”“～を中心として+动词”的形式，是举出代表性事例的表达方式。另外，“中心”有时也用于表示空间位置关系。\n△この書店は中国の本を中心に扱っている。\n（这家书店主要销售中国图书。）\n△地球は太陽を中心として回っている。\n（地球以太阳为中心旋转。）\n\n',380),('04644495B4538209','5491BB05E6440231','动てくれます','句型：名１は名２に动てくれます\nごみを出してくれますか。／帮我倒一下垃圾好吗?\n（＝あなたは私にごみを出してくれますか。可以省略「あなた」「わたし」）\nいいですよ。好的。\n\n请求别人帮助时，用「～てくれませんか」比「～てくれますか」更加礼貌，客气。\n森君、この手紙をコピーしてくれませんか。森,能帮我把这封信复印一下吗?','女の子が私の財布を拾ってくれました。／（一位妇女帮我捡起了钱包。)\n友達が面白い本を教えてくれました。／（朋友介绍我了一本有趣的书。)\n',167),('048753FDBBAD4FB1','69D7BDD8AB305DA1','音读和训读','本课中出现的“金星”读作音读“きんせい”表示太阳系行星之一的“金星”，而读作训读“きんぼし”则表示“成就非凡功绩”的意思，二者意思完全不同。像这样，有些词虽然汉字书写相同，但是采用音读和训读的意思不同。\n','',385),('04C37336B38AA3D6','AA201FD964F99EE4','その数[指示上下文内容⑤]','“これ”“それ”指代句子中的具体名词。指代句中名词时一般不用“あれ”“あの”。本课中的“その”指代前面句子中的词语“銭湯”。\n△銭湯とは、多くの家にお風呂がなかったころに作られた入浴施設のことだ。現在ではその数も少なくなってきているが、最近では…\n（所谓“钱汤”，就是在以前很多人家里都没有浴室时修建的公用洗浴设施。如今虽然……）\n在文章中曾经出现的事物一般用“そ”指代，但是如果是特别要向对方解释、说明的内容可以使用“こ”。但是，根据指代的内容，有时候只能使用其中之一（中级第1课课文、第4课课文）。\n△ステーキとサラダを作りました。それ／これが今日のおかずです。\n（我做了牛排和沙拉，这就是今天的菜。）\n①使用“この”的情况\n提起对方不知道的话题时，使用“これ／この～”的形式。\n△新幹線という鉄道があります。これ（この鉄道）は特別な特急列車の路線です。\n（有种叫做新干线的铁路，这<这种铁路）是特殊的特快列车的路线。\n②使用“その”的情况\n陈述与前文所述内容相反或成对比的内容时，使用“その”。\n△陳さんは、以前は全くお酒を飲まなかった。その陳さんが今では毎日お酒を飲んでいるなんて…。\n（陈先生以前滴酒不沾。而就是这个陈先生现在却天天喝酒……）\n“その”还有模糊指代的用法。有的名词，如“範囲”“名前”“数”等，如果不在前面加上限定性词语就不知道具体所指是什么。使用这样的名词时，如果只是模糊地限定，就可以采用前接“その”的形式，如“その範囲”“その名前”“その数”等。通常，“そ”指代前面已经出现过的事物，但是模糊限定用法的“その”通常指代后面即将出现的内容。\n△その値段（＝食材の値段）を聞けばだれもが驚くような食材といえば松茸です。\n（一听说价格谁都会吃惊的食品原材料，那就是松蘑。）\n\n','',419),('0588F432E7216B7E','4EA5515B4B6DC3FC','～に対する～','“Aに対するB”表示动作、感情、态度针对的对象，其中A为对象，B是动作、感情、态度能。这个表达方式也可以使用“～に対しての＋名词”的形式，如果后续谓语成分，则使用“～に対して＋谓语”的形式。\n','△「少子化」の背景には、結婚、出産、育児に対する人々の意識の変化がある。\n△政府に対する国民の批判が高まっています。\n（国民对政府的批判声音越来越高。）\n△地球温暖化に対しての取り組みは国によってさまざまだ。\n（各国应对全球变暖的措施各不相同。）\n通常“に対して”可以替换表示对象的助词“に”，但是很少能够替换表示对象的助词“を”。\n△彼の意見に（＝に対して）多くの人が賛成している。\n（对他的意见，很多人都赞成。）\n△佐藤さんは李さんを愛している。\n（佐藤先生爱着李小姐。）\n×佐藤さんは李さんに対して愛している。\n但是，后续名词时常常使用“～に対する+名词”的形式表示“～を”的语意关系，如“会社を訴える（起诉公司）”可以说成“会社に対する訴え”。\n\n',442),('061E55DDED3E45F8','AA201FD964F99EE4','温泉の多くは','由于一类形容词“多い”不能直接修饰名词，所以要变成“多くの”的形式修饰名词（中级第2课课文）。“多く”有表示“大部分”的含义，所以“～の多く”意思是“～的大部分”。但是，“多くの～”既可以表示“大量的、许多的”的意思，也可以表示“大部分的”的意思。\n','△温泉の多くは自然の豊かな場所にある。\n（大部分温泉都处于大自然多姿多彩的地方。）\n△停留所で多くの人がバスを待っている。\n（公交车站有很多人在等车。）\n△大学の多くは4年制である。\n（大部分大学是4年制。）\n△多くの大学は4年制である。\n（许多大学时4年制。）\n',417),('068EBBD19846C9F3','FB672945F910447F','感じがします','“～感じがします”表示有那样的感觉、有那样的印象。“感じがします”前面除了“難しい”“変な”等形容词外，还可以是“日本人ではないという～”“行ったほうがいいという～”等表示“感じ（感觉）”的内容。“感じます”虽然与“感じがします”的意思很相近，但是“感じます”多表示直接的感受，而“感じがします”多表示留有某种印象。\n','△勉強すればするほど、難しくなる感じがします。\n（我感觉是越学越难了。）\n△北京の町並みがすっかり変わってしまって、不思議な感じがします。\n（北京的街道变化太大了，给人一种不可思议的感觉。）\n△この景色を見ると、日本に来たという感じがします。\n（看到这样的景色，你就会感觉这是来到了日本。）\n',474),('06C3DD51F4614C57','F5957C00A8B967C9','二类型で二类型[并列]','两个以上二类形容词并列使用时，使用二类形容词的“て形”。二类形容词的“て形”是“二类形容词＋で”的形式。一类形容词和二类形容词也可以连接使用。\n','（１）このコンピュータの操作は簡単で便利です。（这台电脑用起来既简单又方便。）\n（２）森さんは親切で優しいです。（森先生为人热情而和蔼。）\n（３）この公園は静かで広いです。（这个公园安静而宽敞。）\n',93),('07460708C4C38D30','4A0DAFF88D198F32','～し、～から、～','“小句（简体形式）+し”是将小句并列起来陈述的一种表达方式（初级第45课），多用于从多个理由中举出一个或几个理由加以陈述的情况。','△あの店はやすいし、美味しいし、とても気に入っています。\n（那家店又便宜又好吃，我非常喜欢。）\n△家には鍵がかかっていたし、窓も閉まっていたし、どうやって犯人が進入したのか分かりません。\n（房门也锁着，窗户也关着，不知道罪犯是如何进屋的。）\n\n“～し、～から～”“～し、～ので～”的说法也很常用。用“～し”表示理由时，包含的意思是不只一个理由，还有其他的。需要明确指出理由时用“～から”“～ので”。\n\n△山田さんは上海支社にいたこともあるし、中国の事情にも詳しいからということでした。\n（说是因为山田在上海分公司也工作过，对中国的情况也比较熟悉。）\n△もうこんな時間ですし、明日も早いので、そろそろ失礼します。\n（都这么晚了，明天还要早起，我这就告辞了。）△陳さんは日本語もうまいし、英語もできるから、安心です。\n（小陈日语又好，还会英语，让人放心。）',507),('075EF6D9C8CAA402','A65B80B2369DA693','动+ていきます／きました[持续][变化]','在第39课学过“动词て形+いきます／きます”表示空间移动的用法，今天主要学习其表示从基准时间观察的动作（一直持续或性质，状态）的变化的用法。动作的持续或性质，状态的变化在基准时间以前时用“～てきました”，在基准时间以后时用“～ていきます”。\n','◆少子化が進んで、日本の人口はだんだん減っていくでしょう。（孩子减少现象日益加剧，日本的人口将会越来越少吧。）\n◆最近、中国へ旅行に行く日本人が増えてきましたね。（最近，到中国旅行的日本人多起来了。）\n',293),('07A4D4321DEA7E43','81FE17AC5DBAE8EB','どんな　名','询问人或事物的性质时用“どんな+名词”。“どんな”相当于汉语的“怎么样的”。\n\n参考“何の”和“どんな”：\n\n“何の”有询问内容和材料两种用法。\n例１：何の　本ですか。\n自動車の　本です。\n（什么书？――关于汽车的书。）〈询问内容〉\n\n例２：何の　料理ですか。\n魚の料理です。\n（什么菜啊？――鱼）〈询问材料〉\n\n“どんな”只用于询问性质。\n例１：どんな　本ですか。\nおもしろい　本です。\n（什么样的书？――非常有趣的书。）\n例２：どんな　料理ですか。\nちょっと　からい　料理です。\n（什么样的菜？――有点儿辣的菜。）','（１）横浜は　どんな　まちですか。（横滨是个什么样的城市？）\nとても　にぎやかな　町です。（是个非常热闹的城市。）\n（２）張さんは　どんな　ひとですか。（小张是什么样的人？）\n親切な　ひとです。（是个很热情的人。）\n\n',55),('08CBD2BEA13C86B3','555BA4813C2BE35E','【表达及词语讲解】～って「“～と”“~と言う人は”的缩略形式」','重复对方谈话中自己有疑问的部分，并将其当作主题、话题请求解释或提问时使用。这种说法很随便。\n','☆ 駅から遠いって、何分くらいですか。（你说离车站远，那大概需要多少分钟？）\n☆ 大きいって、どのくらいですか。（大、到底有多大？）\n\n表示引用的“と”的较为随便的说法。\n☆ 「１０時に来ます。」って言っていました。（他说：“10点来。”）\n☆ 「どうもすみません。」って、言われました。（他对我说了句：“どうもすみません”。）\n☆ 今日は風邪で休むって、お伝えてください。（请转告一下，就说我今天感冒请假了。）\n',202),('09B60B3FF9F4363E','E3046E0A69D0574A','名[工具]　で　动','第6课学习了表示交通工具的助词“で”。“で”还可以用来表示其他手段以及原材料。\n','（１）李さんは　日本語で　手紙を　書きます。（小李用日语写信。）\n（２）手紙を　速達で　送りました。（用速递寄了信。）\n（３）新聞紙で　紙飛行機を　作りました。（用报纸折了纸飞机。）\n（４）何で　うどんを　作りますか。（用什么做面条？）\n',38),('0A48FFF8BB9A9BA2','8377D9FF6994BEB2','この/その/あの　名は　名です','修饰名词时，要用“この”“その”“あの”。其表示的位置关系与“これ”“それ”“あれ”相同。\n参考：\n如上所示，一般要把“このカメラは　スミスさんのカメラです”“その　自転車は　森さんの自転車です”中重复的名词删掉，成为“この　カメラは　スミスさんのです”“その　自転車は　森さんのです”。\n','（１） この　カメラは　スミスさんのです。（这个照相机是史密斯先生的。）\n（２） その　自転車は　森さんのです。　　（那辆自行车是森先生的。）\n（３） あの　ノートは　誰のですか。　　　（那个笔记本是谁的？）',8),('0B710D7CF120B954','4EA5515B4B6DC3FC','～には～がある','“AのBにはCがある”是指存在某种因素时用的表达方式。这个表达方式还可以变为“AのBにはCということがある”的形式。\n','△「少子化」の背景には、結婚、出産、育児に対する人々の意識の変化がある。\n（“少子化”的背景主要包括人们对结婚、生子、育儿的意识发生了变化。）\n△事故の原因には整備不良がある。\n（事故的原因有维修不良的因素。）\n\n',441),('0BD737C06A94E7FF','4A0DAFF88D198F32','分かりました[分かる①]','以往学过的“分かりました”表示理解了某事物（初级第8课）。本课的“分かりました”表示不仅理解对方所说的话，还包含同意并接受对方的建议、劝告或命令的意思。更加明确地表示同意时，可以使用“承知しました”。“承知しました”是自谦语，感觉比较正式。另外，电子邮件等书面语有时使用“了解しました（明白了）”。\n','△山田さん、この仕事をしてもらえませんか。\n——分かりました。\n（山田，能请你来做这项工作吗？——好的。）\n△[部长吩咐工作]この書類のコピーを3部、急いでお願いします。\n——承知しました。\n（这份文件复印3份，急着要呢。——明白。）\n\n',508),('0C0EBED9E3704002','58D08E4B784D012F','【词汇表达】「日記」与「日誌」','二者都表示“日记”之意，「日記」主要用于记载个人的事，「日誌」是文章语，多用于记载一些具有公共性质的事物。如：\n航海日誌（航海日志） 学級日誌（班级日志）\n','',158),('0C1D67827135AD69','4A0DAFF88D198F32','かつて','与“昔（从前）”“以前”等意思相同，多用语书面语，口语中有是音变成“かって”。通常含有“如今不同了”的语感。','△かつて、日本のサラリーマンといえば、朝早く家を出て家に帰るのは深夜になり、残業や休日出勤をするのは当たり前でした。\n（过去，提到日本的工薪族，他们总是早出晚归，加班加点甚至节假日上班也是常有的事。）\n△彼はかつてアメリカの会社で働いていました。\n（他曾经在美国的一家公司工作过。）',360),('0C7F52B19CFE0FB3','01FDFF2EE6CDEAF8','动词意志形','动词意志形是说话人当场表示自已决心，意志的表达形式。这种形式也可以用于表示提议的时候。\n构成方式：\n■一类动词：把基本形最后一个音变成相应的“お”段上的音的长音。\n■二类动词：把基本形的“る”变成“よう”。\n■三类动词：把“来る”变成“来よう”，把“する”变成“しよう”。\n','①.もう11時だから寝よう。（已经11点了，睡觉吧）\n②.仕事が終わってから，飲みに行こうよ。（工作结束后去喝酒吧）\n③.手伝おうか。（我来帮着做吧）',178),('0D01914B19BA3A38','8A6C251024771D43','～屋','△八百屋（やおや）／果蔬店\n△薬屋／药店\n“～屋”可以作为对人的一种带有讽刺意味的称呼。\n△政治屋／政客、玩弄政治的人\n但并不是所有的“～屋”都带有讽刺性。比如下一课提到的“のんびり”（轻松、悠闲），“のんびり屋”表示这人很从容、悠闲自在，是中性词。','',415),('0E677D329B2B8CB9','89C37579C153161E','それぞれ','“それぞれ”是名词，意思是“各自”，也可以用作副词。主要有三种用法：①后续助词“が”充当主语；②后续助词“の”修饰名词；③用作副词直接修饰动词、形容词等。\n','△わたしたちはそれぞれが環境問題を考えなければならない。[用法①]\n（我们每个人都必须考虑环境问题。）\n△これらの部品は、それぞれが独立して働き、１つが壊れても機械は止まりません。[用法①]\n（这些零部件，每件都是独立工作的，即使有一件坏了，机器也不会停下来。）\n△それぞれの方言は発音も文法も語彙も大きく違っている。[用法②]\n△学生たちは自分の意見をそれぞれ述べた。[用法③]\n（学生们分别陈述了自己的意见。）\n\n',436),('0F9617B73A13CAE9','B3FF2B9DDC740413','动 始めます／出します','表示动作或变化的开始。接续方式：动词ます型\n区别：～始めま：一般用于表示动作,变化开始。\n　　　～出します：偏重于表示突然出现了某种情况。\n','◆この本は昨日読み始めたばかりです。（这本书我昨天刚开始看。)\n◆雨が降り始めました。（开始下雨了。)\n◆彼が急に怒り出してびっくりしました。（他突然发起火了，把人吓一跳。)\n',258),('1036CAD9425BFA52','3809055A61E5137B','あまり　ー类形/动（否定）','“あまり”与后面的否定形式呼应，表示程度不高。\n','（１）この　スープは　あまり　あつく　ないです。（这个汤不太热。）\n（２）試験は　あまり　難しく　ありませんでした。（考试不太难。）\n',49),('10436341533F1CBF','A65B80B2369DA693','【表达及词语讲解】～し、～し、','*接续：简体型或敬体型均可。但要注意形容词词干和名次后要加“だ”，敬体时用“です”。\n*意义：表示几个相同事项的并列。\n','①李さんは頑張っているし、能力もあるし、いい人ですね。（小李又努力又有能力，是个好人。）\n②牛丼は手軽だし、うまいし、よく食べます。（牛肉饭又便宜又好吃，我经常吃。）\n③この辺は交通の便もいいし、家賃も安いし、住みやすい。（这一带交通又方便，房租又便宜，很适合居住。）\n④仕事が大変ですし、給料も安いし、やめましょうか。（工作又累工资又低，辞了吧。）\n\n',299),('10BD434D24120E63','6FC489150655EA99','明治時代','指1868年至1912年这段时期。“明治”和“昭和”“平成”等，都是对当时年代的命名，叫做“年号”。在实行“象征天皇制”的日本，年号表示一位天皇的在位期间。在位时期结束，再过一定时间之后就会被称作“”。2007年的年号是“平成”，但是不称作“×平成時代”。平成之前的“昭和”也不称作“昭和時代”，只是从“大正時代（1912年～1926年）”往前才冠以“時代”这种称呼。在“明治時代”，以武士为中心的封建时代结束，开始了日本的近代化进程。这一时期，各种法律得以推行和完善。为了登记新户口，此前只允许特权阶级使用的姓氏也成为了平民百姓必须使用的东西，如此种种，发生了许多社会制度上的变化。\n\n','',353),('11CC19C82F6AB9BC','81FE17AC5DBAE8EB','名　は　二类形　では　ありませんでは　ありませんでした','二类形容词做谓语时的否定形式是“二类形容词+では　ありません”。过去形式的否定形式是“では　ありませんでした”。在日语里“では”一般说成“じゃ”。\n','（１）この　通りは　にぎやかではありません。（这条街不热闹。）\n（２）昨日は　暇じゃありませんでした。（昨天没空。）\n\n',52),('121313BCD24011E6','4A0DAFF88D198F32','“これ”与“この”“このように”[指示上下文内容②]','以“こ”或“そ”开头的指示词除了具有指示眼前事物的场景指示功能外，还具有指示文章中特定内容的上下文指示功能。有时指示前述内容中的词句，有时指示后述内容（中级第1课课文）。这种指示上下文内容的用法，是以“あ”开头的指示词所不具有的。\n①“これ”与“この”\n用于指示前内容的某个要素本身。本课中，“これ”指前述内容中出现的“フレックスタイム制度”。\n△さらに、フレックスタイム制度を導入にする会社も増えています。「これ」は、自分の出勤と退勤の制度を自由に決められる制度です。\n（而且，执行弹性工作时间制度的公司也在增加。这是一项可以由自己自由决定上下班时间的制度。）\n\n本例句为改换其它说法指示前述内容中的某项内容。本课中，前述内容里出现的“週休2日制”，在后面的句子中改换说成了“この制度”。\n△2002年には、小・中学校にこの制度が導入されました。\n（中小学在2002年引进了此项制度。）\n△日本の山では富士山が有名です。この山には毎年30万人が登ります。\n（在日本的山峰当中，富士山很有名，每年攀登此山的人达30万。）\n\n②“このように”的用法\n“このように”常常用作连词连接前后句子，用于指示前述内容，意思是“如前文所述”。除“このように”之外，还有“そのように”“あのように”“どのように”等指示词，但是只有“このように”具有连词功能。而且，“このように”指示前述内容时，往往不是承接一个短句，而是承接一个长句甚至多个句子，然后以总结前述内容的形式出现。课文中，“このように”指示此前陈述的所有内容，然后在“このように”后面概括陈述文章的整体内容。\n△このように、日本のサラリーマンの働き方は、かつてと比べると大きく変化しています。都会での時間に追われるを生活をやめて、田舎に引っ越す人もいます。\n（综上所述，日本的工薪族的工作方式与过去相比有了很大变化。）\n\n③指示后述内容\n上面的①②是指示前述内容的用法，另外还有提前指示后述内容的用法（中级第1课课文）。下例中“佐藤さんの考え方は間違っていると思います”这个意见是后述内容，但使用“”提前指示该意见。\n△これはわたしの個人的な意見ですが、佐藤さんの考え方は間違っていると思います。\n（这是我个人的意见，我认为佐藤的想法是错误的。）\n△こんな話があるのを知っていますか。100年後、日本の人口は今の約半分になるという予測が発表されたのです、\n（知道有这样的说法吗？有预测说100年以后，日本人口将减少到大约现在的一半。）\n\n','',374),('126BA5EC2A7AA67D','07FF15161F8834D0','お＋ 一类动／二类动　します ｜ ご＋ 三类动的汉字部分 します','“お＋一类动词／二类动词的ます形去掉ます＋します”“ご＋三类动词的汉字部分＋します”是自谦语中用得最多的一种表达形式，如“お話します”“ご連絡します”。一类动词和二类动词的“ます形”去掉“ます”以后只有一个音节的动词以及三类动词“来ます”和“します”不能用于这种形式。\n\n　　　　　　　　　　　ます型                    去掉ます型                  お〜します\n一类动词                         話します　　　　  はなし　　　　　　　お話します\n二类动词　　　　　　　見せます　　　　  みせ　　　　　　　　お見せします\n\n　　　　　　　　　　　ます型                    汉字部分                      ご〜します\n三类动词　　　　　　　連絡します　　　  れんらく　　　　　　ご連絡します','◆　お荷物は私がお持ちします。（您的行李我来拿。）\n◆　昨日メールをお送りしたんですが…。\n　　——ええ、拝見しました。先ほど返事をお出ししました。（昨天，我给您发了邮件。——是的，已经拜读了。刚刚给您发了回信。）\n◆　明日の午後、ご連絡します。（明天下午我跟您联系。）\n',315),('130E4CB5FFBE0183','4C3B7B4C3953368C','これを見ると[指示上下文内容⑦]','本课中，“これ”指示图表。通过图表分析出来的内容紧接在其后。\n','△これを見ると、挙式の形式が時代とともに変わってきていることが分かる。\n（从这个图表可以看出婚礼形式随着时代变迁发生了变化。）\n△去年の資料を見ると、あまり大きな数字の変化はないようだ。\n（从去年的资料来看，数字变化好像不大。）\n',465),('1386668CDF05D58C','4E8011325C560697','应答','回答疑问句的时候，可以只用“はい”“いいえ\"也可以在“はい”之后加上“そうです”，在“いいえ”之后加上“ちがいます”，即成“はい、そうです”“いいえ、ちがいます”。不知道时用“わかりません（不知道）”。','森さんは　学生ですか。（森先生是学生吗？）\nはい、そうです。（是，是学生。）\nいいえ、ちがいます。（不，不是。）',3),('13EFAD99E147CDB8','3D1CD54A1EF98BF5','【表达及词语讲解】外来词的造句方式及其使用效果','日 语中的外来词一部分是把外语中的词汇变成日语词。如“インク　ink”“コンピュータ　computer”。对日本人来说，这样的外来词有一种轻松、含 蓄、新颖的语感，因此能把说话人的意图有效地传达给对方。另外，外来词由于用片假名书写，适当地夹杂在汉字和平假名书写的文章中，能给人一种耳目一新的新 的印象。\n\n','\n\n',273),('1422C7D59E605EFD','75B3769B81DC332F','～て初めて','“动词（て形）+初めて”表示某事项成立之后，与之关联的下一阶段的事项才会发生。用于注意到以前没有注意到的事情，或者能够完成以前无法完成的事情等情形。其意思与“～してから～”近似，但通常用于表示“やっと～できるようになる（终于能够）”这样的强烈愿望。这种表达方式多用于表示判断、断定的句子中，其后不能使用命令句。\n','△これらの試験を突破して初めて内定をもらうことになる。\n（只有通过了这些考试才可能获得内定。）\n△大学生になって初めて、その本の本当の価値が分かるようになった。\n（上了大学之后才懂得了那本书的真正价值。）\n\n',453),('142F019DD57E505E','07FF15161F8834D0','【表达及词语讲解】右も左も分かりません','表示新到一个地方，对周围的情况一点儿也不了解。应用课文中，第一天到上海事务所上班的山田，在自我介绍以及寒暄中用以表示自己对工作环境不熟悉。\n\n','◆　大学を卒業したばかりで、右も左も分かりませんが、一生懸命頑張りますので、ご指導よろしくお願いいたします。（我刚刚大学毕业，什么都不懂，但我会努力工作的，请多多指教。）\n◆　日本に着いたばかりで、まだ右も左も分かりませんが、どうぞよろしくお願いいたします。（我刚到日本，还什么都不懂呢，请多关照）\n\n',323),('14F23FBA44124E7D','6FC489150655EA99','谓语表示原因或理由的表达方式[倒装句①]','说明原因、理由时，若不强调结果，而是把重点放在原因、理由上，这时要将表示原因、理由的部分作为谓语。\n','△多くの人が、地名や地形から名字をつけました。自然と関係する漢字が多いのは、そのためです。\n（很多人依据地名、地形取姓氏。与自然有关的汉字十分普遍，正是因为这个缘故。）\n△彼が夜間学校をやめたのは、仕事が忙しくなったためです。\n（他从夜校退学，是因为工作忙了。）△彼は仕事が忙しくなったため、夜間学校をやめました。\n（他由于工作变忙了而从夜校退了学。）①和②表示的意思几乎完全一样，但句子的侧重点不同。②的重点在“学校をやめました（退学）”这个结果。而①的重点则在“仕事が忙しくなったため”这个原因上。\n\n',355),('1580FFCEB521B9CD','4A0DAFF88D198F32','事情','日语中的“事情”有很多种意思，这里的“中国の事情”是指中国的社会文化及其背景。同样“日本事情”就是指日本的社会文化及其背景。','△山田さんは中国の事情に詳しいからということでした。\n（据说是因为山田对中国的情况比较熟悉的缘故。）\n△家庭の事情でしばらく会社を休んでいました。（由于家庭的缘故，曾经请了一段时间的假。）',506),('15B69D08BF4828F1','3809055A61E5137B','“を”和“は”','用“コーヒーを　飲みます（喝咖啡）”中的“を”前面的名词做话题，或者进行对比时，使用第5课、第6课学过的助词“は”，构成“コーヒーは　飲みます”“コーヒーは　飲みますか”“コーヒーは　飲みません”的形式（第5课“语法解释6”，第6课“语法解释6”）。这时候原来的“を”必须去掉，不能变成“×　を　は”的形式。\n','（１）この　本は　李さんに　もらいました。（这本书从小李那儿得到的） [话题]\n（２）わたしは　コーヒーは　飲みません。（我不喝咖啡。） [对比]\n（３）×　わたしは　コーヒーを　は　飲みません。\n',48),('16CABA5C0C7688EF','FB672945F910447F','転勤になった','“転勤”指公司职员或公务员调到该公司或该组织的其他工作地点工作。“～になります”表示不是出于本人意愿，而是由于他人的推动或命令才变成那样的。因为调动工作最终是由公司决定，所以“転勤になります”比“転勤します”更常用。\n','△ええ、こちらに転勤になったんです。\n（嗯，我是调到这里工作的。）\n',476),('172E730D5255AD6F','A65B80B2369DA693','小句１し、小句２し、小句３','表示“并列的叙述几个事项”，し前面可以是简体型，也可以是敬体型。另外，“小句1，小句2”的主语が多用も代替。\n','◆休みだし、天気もいいし、どこかに出かけませんか。（今天休息，天气也不错，去哪儿玩儿玩儿吧？）\n◆にぎやかだし、高いビルが多いし、なんか東京に似ていますね。（又繁华，高层建筑又多，总觉得有点儿像东京啊！）\n\n',295),('19CBBE6F15CC4560','960EA683383B3BA6','娯楽性','日语的“～性”与汉语相同，前接名词时表示具有该名词的性质或属性等。\n','△娯楽性や芸術性の高い作品が次々に制作されるようになった。\n（富含娱乐性且艺术水平很高的作品不断被制作出来。）\n\n',431),('1ADF76094EF85F27','3D1CD54A1EF98BF5','名は名に名を动（ら）れます','物主做被动句主语，一般表示该中物的拥有者受到了某种麻烦或损失。\n','■ 森さんは馬さんのカメラを壊しました。（森先生把小马的照相机弄坏了\n■ 馬さんは森さんにカメラを壊されました。（小马让森先生把照相机给弄坏了)\n■ 李さんは昨日犬に手をかまれました。（小李昨天被狗咬了手)\n■ 森さんは田中さんに本を汚されました。（森先生让田中先生把书给弄脏了)\n',265),('1C28A2B8DE2F5304','6F88B7984B6E72AA','名[人]　は小句（简体形）　と　言いました','向第三者转述他人所说的话时，在所说的话后加“～と　言いました”。\n\n如果想明确指出是向谁说的，则在句子中加入“名词　+　に”\n小野さんは　李さんに　ちょっと　休みたい　と　言いました。（小野女士跟小李说想休息一下。）\n\n参考：\n如果转述某人反复说起的事情时，用“と　言っています”表示。\n来週の　ハイキングに　張さんも　行きたい　と　言っています。（小张说他也想参加下星期的郊游。）\n\n注意：\n“～と　言いました”及“～と　思います”前面出现名词或二类形容词小句时必须加“だ”。\nあそこは　駅だと　思います。（我想那儿是车站。）\n×あそこ　駅　と　思います。\n','（１）陳さんは　パーティーに　行く　と　言いました。（老陈说要去参加联欢会。）\n（２）森さんは　中国語の　試験は　難しかった　と　言いました。（林先生说汉语考试很难。）\n',135),('1C6944EFE65957CC','1D586D9D1E519F51','～ごとに','表示事物有规则地反复时的间隔。\n','△1行は30文字ぐらいで改行し、3～4行ごとに1行あけると読みやすい。\n（每30文字左右换行，如每隔3、4行空一行，则可方便阅读。）\n△1年ごとに、売り上げの目標を作って営業活動を頑張った。\n（一年制定一个销售目标，为营销活动尽了力。）\n另外，“～ごとに”还有“～する時にはいつも”的意思。“ごとに”前接动词基本形时，大多可以替换为“たびに”。\n△クイズ番組で質問に答えるごとに（＝たびに）、点数が増えていった。\n（在智力竞赛节目中每回答一道题，分数都增加了。）',399),('1CA8B5FA4DF94F88','E1550D35E9A6DAE3','お+一类动／二类动ください｜ご+三类动的汉字部份ください','劝说听话人做有益于听话人或有益于公共利益的事情。\n\n\n','どうぞお座りください。（请坐）\nエスカレーターをご利用ください。（请利用电梯）\nこちらのドアからお入りください。（请从这个门进去）',310),('1CD656C9B429859A','75B3769B81DC332F','～際、～','“小句（简体形式）+際”“名词+の際”中的“際”可以替换成“時”（初级第27课）。“際”可以后续“の”“に”“は”等助词。相比而言，“～際”比“～時”正式，而且增添了机会、机遇等语气。\n','△リクルートスーツというのは、希望する会社を訪問する際の服装のことで～\n（所谓“求职服装”，是指去访问期望就职的公司时所穿的服装～～）\n△スピーチの際の注意点を教えてください。\n（请告诉我演讲时的注意事项。）\n△上京する際に、友達がお別れ会を開いてくれた。\n（在去东京前，朋友为我开了欢送会。）\n\n',450),('1DE2AF93D1C4BA45','4A0095AE1A34869A','【课文语法】短语做主语 　','','私は明日乗る飛行機は中国航空です。\n　\n操作が簡単なパソコンが欲しいです。\n　\nあの窓の所にいる人は誰ですか。\n　\nこの会社で歌が一番上手な人は誰ですか。',145),('1E9403B0A9C22999','6FC489150655EA99','主に','“主”是二类形容词，后续动词时用“主に”，后续名词时用“主な”，意思是“主要（的）”。此外，还有“主（しゅ）として”的用法。“主（しゅ）として”也是“主要”的意思，但是不能后续名词。这时的读法为“主（しゅ）として”，不读作“主（おも）として”。\n','△主に営業を担当させていただきます。\n△この会社の主な商品は、バターとチーズです。\n（这家公司的主要产品是黄油和奶酪。）\n△田中先生は主として初級のクラスを担当しています。\n（田中老师主要承担初级班的课程。）\n\n',492),('1EC75F767151D6FC','5491BB05E6440231','动词てあげます','～あげます：给他人物品。 ～てあげあます：为别人做某事。\n\n森さんはお年寄りの荷物を持ってあげました。／森先生帮老年人拿了行李。\n\nお爺さんが孫の本を読んであげました。／爷爷念书给孙子听。\n\n句型：名１は名２に动てあげます。\n','この本をあなたに貸してあげます。／我把这本书借给你(长辈对晚辈)。\n\n×このほんを私に貸してあげます。／(注意，这样说是错误的，あげます是给对方/别人，对象语不能是自己/已方。)',166),('1F23CF7B9284BBE9','8A6C251024771D43','～にて','“～にて”与助词“で”意思相同，是比较郑重的说法，主要用于书面语。\n','△日本航空にてパリ経由、ローマへ[交通方式]\n（乘日本航空经由巴黎前往罗马）\n△明日、大会議室にて会議を行います。[场所]\n（明天在大会议室召开会议。）\n△イベントの最終日は午後5時にて終了させていただきます。[范围]\n（活动最后一天到下午5点结束。）\n△詳細はメールにてご連絡いたします。[联系方式]\n（详细情况将通过电子邮件与您联系。）\n\n',410),('1F4C9241C711E2FC','4F6E7BE0063BF862','～だけで','“3分待つだけで”意思是“仅仅等待3分钟”。“小句（简体形式）+だけで”“名词+だけで”表示少量的某事或某物引发出现后项的事件（初级第35课）。\n','△カップラーメンは、お湯を注いで3分待つだけで、どこでも手軽に食べられる。\n（无论在哪里，碗装方便面只需加入开水等待3分钟就可以吃了，非常方便。）\n△ちょっと見ただけで本物だとわかります。\n（只看一眼就知道是真品。）\n△この薬だけで病気は治ります。\n（只需吃这种药病就可以治好。）\n“小句（简体形式）+だけ（の）～”还可以表示某种行为的量，如“あるだけ持ってくる”就是“把所有的都带来”的意思。\n△容器の材料は、ガラス、紙、プラスチック、金属と、当時考えられるだけのものが集められた。\n（容器材料收集了玻璃、纸板、塑料、金属等当时能想到的所有东西。）\n△あの女優はたった１年で一生暮らせるだけのおかねを儲けたそうだ。\n（据说那个女演员仅用一年时间就挣足了一生用的钱。）\n△食べたいだけ食べてください。\n（你想吃多少就吃多少吧。）\n',401),('20DC6EFB05A146DD','69D7BDD8AB305DA1','たいてい','“たいてい”和“ほとんど”“だいたい”一样，可以后续助词“の”（中级第4课课文）。“たいてい”原本是表示频率的副词，而作为名词使用时与“ほとんど”相同意思为“大部分”。\n','△たいていの人は、畳の上に布団を敷いて寝るような部屋を想像する。\n（多数人就会想到像在榻榻米上铺被褥睡觉那样的房间。）\n△日曜日は、たいていの人が休んで家にいますが、父はいつも仕事に出かけます。\n（星期日，大部分人都在家休息，而我父亲总是要去上班。）\n作为副词使用时，表示虽非总是那样，但频率很高，一般具有那样的倾向。此外，“ほとんど（基本上）”“大部分（大部分）”等也表示数量所占比例很大。\n△平日の夜や休みの日には、たいてい家で読書をしている。\n（平日晚上或休息日，一般在家看书。）\n△この活動に参加している人は、環境問題に関心を持っている。\n（参加此次活动的人大都很关注环境问题。）\n\n',383),('20ED1A430BF0A645','FB672945F910447F','……くらいです（强调程度）','“～くらい／～ぐらい”表示大概的数量（初级第13课）。“小句（简体形式）+くらい／ぐらい”“～くらい／～ぐらい+の+名词”和“小句（简体形式）+くらい／ぐらいです”都是强调某种状态达到何种程度的表达方式。\n','△変化が早くて、わたしたちもついていけないくらいです。\n△これは中学校のテストですが、大人でも分からないくらい難しい問題です。\n（这虽是中学的考试题目，却是连大人都答不上来的难题。）\n△この辺は、静か過ぎて寂しいくらいです。\n（这一带过于安静，甚至有几分寂寥。）\n△財布を忘れましたが、ジュースを買うくらいのお金は持っています。\n（我忘了带钱包，但买瓶饮料的钱还有。）\n\n',479),('21C58DFFC9EBCDD6','670557250FD3D1A3','小句（基本形／ない形） ようにします','表示努力使某种行为，状况变成现实。\n接续：一般接意志性动词的基本形／ない形\n表示平时留心做某种已经成为习惯的行为时，常用“～ようにしています”。\n','陳さんは毎日、英字新聞を読むようにしています。（小陈坚持每天看英语报纸。）\n毎朝、七時に起きるようにしています。（每天早上坚持7点钟起床。）\n',247),('22B6BDEC7EFE2EBC','15D73C404D384B32','名词 に','表示用途时，名词用来说明具体的用途，に 后面一般接「使います」。\n','◆－この写真は何に使いますか。　　－パスポートの申請に使います 。（这张照片做什么用 ?）（申请护照时用 ）--- に 表示用途\n\n表示基准时， に前面的名词是基准，后面一般是表示评价的形容词。\n◆スーパーが近いので、このマンションは買い物に便利です 。（离超市很近，这个公寓出去购物非常方便。）\n◆この本は、 大人に は易しいです。しかし、子供には難しいです。（这本书对大人来说很容易，可是对孩子来说太难了。）\n',228),('22E44F8F71FB4A84','A709A010A089416D','【表达及词语讲解】あと～','“あと”除可后续“少し”以外，还可以后续“１人”“１つ”“３日”等数量词，表示只要再有一个很少的量就可以完成某事或使某事态成立。\n','▲すみません、あと少しだけ待ってください。（对不起，请稍等片刻。）\n▲出発まであと１０分です。（离出发还有10分钟。）\n',220),('230ED3FBCE09CCE8','6F88B7984B6E72AA','小句　小句　[铺垫]  ','第16课我们学习了助词“が”表示转折的用法，“が”还可以用提示接下来要说的内容，我们把这种用法叫做“铺垫”。与第22课学过的表示铺垫的“けど”相经，“が”多用于书面语。\n','（１）東京タワーへ　行きたいんですが、どうやって　行きますか。（我想去东京塔，怎么走好啊？）\n（２）李さんを　さがして　いるんですが、どこに　いますか。（我在找小李，她在哪儿？）\n（３）明日から　連休ですが、どうするか　決めましたか。（从明天开始就是长假了，你想好了怎么过吗？）\n（４）明日から　連休だけど、どうするか　決めた？（从明天开始就是长假了，你想好了怎么过吗？）\n',137),('2340DE8447CDA2D4','AEEAE34F1DB019D5','一类型　します','“一类形容词+します”用于因主语的意志性动作，作用而引起事物发生变化的场合。其构成方式是把一类形容词的词尾“い”变成“く”，再加“します”。\n','（１）テレビの音を大きくします。（把电视机的声音开大一点儿。）\n（２）ジュースを冷たくします。（把果汁冰镇一下。）\n',105),('24185F3CAC81C953','785A27B8EF8FDE03','【表达及词语讲解】祈使,命令','1.动词命令形.\n\n一类动词(五段动词):把原形的最后一个假名变成相应「え」段上的假名\n　　　　　　　　　　読むー＞読め；言うー＞言え\n二类动词(一段动词):把原形的「る」变成「ろ」\n　　　　　　　　　　答えるー＞答えろ；止めるー＞止めろ\n三类动词(カ变动词,サ变动词)\n　　　　　　　　　　来る「くる」－＞来い「こい」\n　　　　　　　　　　するー＞しろ\n\n2.动词连用形+なさい\n\n　読むー＞読めなさい；　答えるー＞答えなさい\n\n3.动词て形\n　もうちょっと急いで\n　ちゃんと話を聞いて\n\n动词命令形,一般用于上级对下属或长辈对晚辈\n　\n(上级对下属)書類を早く提出しろ\n(长辈对晚辈)早くお風呂に入りなさいーお母さん先に入ってよ','',176),('2494487A02E292C0','AEA5C5F658F23202','【表达及词语讲解】２時間ちょっとですね','意思是“两小时多一点儿”。“～ちょっと”常用于口语，除了可以接在时间词后面之外，还可以接在各种数量词后面。\n','▲ 給料は１か月２５万円ちょっとです。（工资是每月25万日元多一点儿。）\n▲ 塩は小さじ２杯ちょっと入れます。（盐要加两小匙多一点儿。）\n',242),('24F89EC75B177D44','555BA4813C2BE35E','ボーナス','除每月的基本工资以外，另外支付的奖金叫“ボーナス”。在日本，一般是在6月份和年底各支付一次。发奖金期间，各种商店往往举办促销活动。\n','',198),('259E96923B709EB6','4A0DAFF88D198F32','省略','本课中“わたしが「金星」プロジェクトの担当者に？”这句话省略了本应该在“担当者に”后面出现的“なるんですか”或“推薦されたんですか”等内容。汉语中有时也有省略句子部分内容的情况，但在日语中这种情况要远远多于汉语。原因在于日语中助词后面的用词在某种程度上是有限的，所以，由于助词的功能，日语的句尾部分往往在可以类推的范围内被省略。如果可以类推而不省略，句子有时反而显得不自然，因此，恰当的省略对于自然流畅的表达而言是非常重要的。\n','△わたしが「金星」プロジェクトの担当者に？\n（我来当“金星”项目的负责人？）\n△鈴木：この仕事は李さんに頼みます。（这事儿就交给小李。）\n　田中：えっ、李さんに？（啊？给小李？）',505),('25CC4F4846C42752','26EBFD4F2855CC56','名1は　名2　わかります/できます','“分かります”“できます”“上手です”“下手です”“苦手です”等有关能力的词语也可以以“[名词1]は　[名词2]　が　[动词]ます/ [一类形容词/二类形容词]　です”的句型使用。','（１）スミスさんは　韓国語　が　分かります。（史密斯先生懂韩语。）\n（２）わたしは　コンピュータ　が　できません。（我不会用电脑。）\n（３）小野さんは　料理　が　上手です。（小野女士擅长做饭。）',59),('2636E9E1C84391D7','89C37579C153161E','～においても','“～において”表示“对于～”“在～方面”“就～而言”等意思，可以后续助词“も”或“は”。\n','△日本語においても、発音、文法、語彙など、地域による言葉の違いがある。\n（日语也一样，在发音、语法、词汇等方面存在着地域差别。）\n△関西方言は、全国的な広がりにおいて、他の方言より知られている。\n（关西方言在向全国扩展方面，比其他方言更加广为人知。）\n',434),('26EF0CF7F8358FC2','F3C87745CEF614B3','名[目的地]に　动','第6课我们学习了表示移动行为的目的地的助词“へ”（第6课语法解释1）。移动行为的目的地既可以用“へ”表示，也可以用“に”表示。\n\n参考：“に”和“へ”\n“に”的用法有：\n表示存在的场所，如“公園にベンチがあります。（公园里有长椅。）”（第4课语法解释1）\n表示时间，如“５時に帰ります。（5点回家。）”（第5课语法解释3）\n表示动作的对象，如“友達に会います。（和朋友见面。）”（第8课语法解释4）\n表示移动行为的目的，如“本を買いに行きます。（去买书。）”（第13课语法解释5）\n表示附着点，如“車に乗ります。”（本课语法解释4）。\n这些用法不能用“へ”来替换，只有表示“行きます”“来ます”“帰ります”等典型的移动动词的目的地时，“に”和“へ”才可以通用。\n\n','（１）李さんは病院に行きます。（小李去医院。）\n（２）李さんは家に帰りました。（小李回家了。）\n',91),('2742E65E6327C951','C9CCCC54B256FC63','「补充知识」もう','「もう」是副词，有以下三个含义。\n接在数量词或部分副词后面，表示追加，相当于汉语的“再……”“还……”的意思。\n\n注意：此时「もう」的音调为０调。\n\n表示“已经”的意思。\n（１）もう遅い。（已经晚了。）\n（２）もう帰りました。（已经回去了。）\n（３）もう帰ってもいいですか。（已经可以回去了吗？）\nはい、帰ってもいいです。（是的，可以回去了。）\nいいえ、まだ帰ってはいけません。（不，还不能回去。）\n\n表示“马上就要……”“快要……”的意思。\n（１）もう来るでしょう。（快要来了吧！）\n（２）もう会社を出ますか。（这就要下班走了吗？）\n注意：以上两种用法中「もう」的音调为１调。','（１）もう一ついかがでしょうか。（请再来一个怎样？）\n（２）ビールをもう一本ください。（请再来一瓶啤酒。）\n（３）もう少しお茶がほしいです。（还想要点儿茶。）\n',86),('28A0A23C3F634C85','5F8595DC86B89AFB','形容词的副词性用法','通俗地说：就是将形容词变得像副词一样，可以修饰动词啦。\n\n规则：\n一类形容词——形容词词干+（い－－く）\n早い—早く／——／ 大きい—大きく\n\n二类形容词——形容动词词干+に\n上手—上手に ／——／ 静か—静かに\n','早く家に帰りましょう。（早点回家吧。）\n書類を早くしろ提出しろ。（快点交文件！）\n罵さんはとても上手にレポートをまとめました。（小马出色地整理了报告。）\n',191),('29714BBA7A1D6F81','5C0F074931E212CC','动词的“た形”','在本课，我们学习用动词“た形”构成的句型。“た形”的变换方式是把“て形”的“て”换成“た”，把“で”换成“だ”。\n\n注意：行きます→いって→いった','',120),('2977B645350C3D18','FB672945F910447F','“～てきました”与“～た”[复习]','“～てきました”表示变化的开始，或不断朝着某个结果进展的状态。\n','△日本語の発音に少し慣れてきました。\n（我对日语的发音渐渐习惯起来。）\n△救急車のサイレンの音がだんだん大きくなってきました。\n（急救车的警笛声渐渐大起来了。）\n△日本語の勉強がおもしろくなってきました。\n（我觉得日语学习变得有趣了。）\n下面的例句表示确认建筑物一点一点地逐渐进入视线的过程。\n△ほら、高層ビルが見えてきたでしょう？\n（瞧，能渐渐看见高楼大厦了吧。）\n与上例相比，下面这个例句的重点不在于变化，而只是单纯地确认是否看得见。\n△高層ビルが見えたでしょう？\n（看见高楼了吧？）\n\n',480),('29914DCFA3370779','3809055A61E5137B','一类形做谓语时的否定形式','一类形容词做谓语时否定形式是将词尾的“い”变成“く”再加上“ないです”或“ありません”。\n注意：“いいです”的否定形式是“よく　ないです”或“よく　ありません”。\n','（１）このスープは　熱く　ないです。（这个汤不热。）\n（２）今日は　寒く　ないです。（今天不冷。）\n（３）この本は　高く　ありません。（这本书不贵。）\n',45),('29EEC69157DA38C3','AEEAE34F1DB019D5','自动词和他动词','日语的动词可分为自动词和他动词。最典型的他动词具有主语作用于宾语而使其发生变化的含义，其宾语用“を”表示。自动词是不带宾语的动词，表示不考虑外力影响的情况下，主语自主地进行动作，或自然地发生变化，其主语用“が”表示。另外，如下所示，日语的一部分自，他动词在词形上有对应关系。\n\n参考：\n第14课我们学习了表示“经过”“离开”的助词“を”。当自动词表示移动行为时，移动的“经过点”和“起点”用助词“を”表示（第14课语法解释5）。这里的“を”不表示宾语。另外，本课“语法解释1～4”中学习的“～なります”是自动词，“～します”是他动词。','（１）窓があきました。（窗子开了。）\n（２）（李さんが）窓を開けました。（小李打开窗户了。）\n（３）タイムサービスが始まります。（时段廉价销售就要开始了。）\n（４）（デパートが）タイムサービスを始めます。（百货公司开始时段廉价销售。）\n',109),('2A0E49590B219600','555BA4813C2BE35E','【表达及词语讲解】お邪魔する','“邪魔する”原意是妨碍别人做某事。但在本课的应用课文中则表示到别人家里去拜访的意思。到别人家里时，进门要说“お邪魔します（打扰您了）”。告辞时则说“お邪魔しました（打扰您了）”。\n','☆ （出门时，在被访者家门厅）では、どうもお邪魔しました。（实在是太打扰您了。）\n——また来てください。（欢迎再来。）\n',200),('2A6EA8C29B76A083','3809055A61E5137B','一类形做谓语时的过去形式','一类形容词做谓语时的过去形式是将词尾的“い”变成“かった”再加“です”。其过去形式的否定形式则是把词尾“い”变成“く　なかったです”或者“く　ありませんでした”。\n\n注意：“いいです”的过去形式是“よかったです”\n','（１）旅行は　楽し　かったです。（旅行很愉快。）\n（２）昨日は　寒く　なかったです。（昨天不冷。）\n（３）昨日は　寒く　ありませんでした。（昨天不冷。）\n描述过去体验过的事物的性质时，日语必须使用过去形式。\nおいしいです。（好吃。）[正在吃的时候]\nおいしかったです。（好吃。）[吃完以后]\n',46),('2B32A4AE5FBFADF0','A709A010A089416D','【表达及词语讲解】どの家でも','和“どこの家でも”意思相同，表示“哪家都”“每家都”的意思。“どの”可后续“会社”“果物”等表示事物的名词。\n','▲ 北京では、ギョーザはどの家でも、自分たちで作って食べます。（在北京家家户户都自己包饺子吃。）\n▲ 最近では、どの会社でも、事務所にパソコンがあります。（近来，任何一家公司的办公室里都有电脑。）\n\n若指“人”时，则不说“×どの人でも”而用“だれでも”，指时间时，也不说“×どの時でも”而说“いつでも”。此外，日语中没有“×毎家”“×毎人”的说法。\n▲ このテレビゲームは簡単ですから、だれでもできますよ。（这个电子游戏很简单，谁都会玩。）\n▲ このお店はいつでも込んでいます。（这个店什么时候客人都很多。）\n',221),('2B5C4052EB93534E','189BFFD6A80BE4F8','席に着く','“席に着く”是指走向自己的座位坐下来。不仅表示“坐”这个动作，而且含有为了做某事而坐下来的意思。这个表达方式除了用于就餐，还用于上课、开会、乘坐交通工具等场合。另外还有“席に座る”和“着席する”的说法，前者只表示单纯地“坐在座位上”，后者则常用于典礼等公开场合。\n','△日本では、レストランへ行って席に着くと、たいてい「おしぼり」が出てくる。\n（在日本，进了餐馆一落座，通常服务员就会递上“湿毛巾”。）\n△総理大臣が席に着いたら、すぐに国会が始まった。\n（总理大臣一落座，国会就开始了。）\n',456),('2B7A17C9A9A0A3FD','AEA5C5F658F23202','【表达及词语讲解】さすが','表示受到高度评价的人或物名符其实，确实如别人所评价的那样。\n','▲ さすが「世界遺産」です。（不愧是“世界遗产”。）\n▲ 東大合格ですか。さすが加藤さんの息子さんですね。（考上了东大呀？不愧是加藤先生的公子。）\n',243),('2BC00E4F29AE13CB','960EA683383B3BA6','～だけで（は）なく～も','“小句（简体形式）+だけで（は）なく～も”“名词+だけで（は）なく～も”的意思是“除了A之外，B也……”。有时也使用“～だけではなく”的形式，而且有时还用“まで”代替“も”。另外，在书面语中还用“～のみならず～も”的形式。\n','△「ちびまる子ちゃん」などの漫画が子供だけでなく大人からも人気を集めている。\n（《樱桃小丸子》等漫画不仅孩子们爱看，也很受大人们欢迎。）\n△新しく導入された新幹線は速いだけでなく、環境にもいいそうだ。\n（据说新引进的新干线不仅速度快，而且环保。）\n△ドイツだけでなく、フランスやイタリアも旅行するつもりだ。\n（不仅打算去德国旅行，还想去法国、意大利等地。）\n\n',425),('2CDE067FE704A8DB','6FC489150655EA99','多くの','使用一类形容词“多い”表示人多时，不能使用“多い人”的说法，而应使用“多くの人”，因为“多い人”的说法不符合日语的表达习惯（初级第9课）。同样，将一类形容词词尾“い”变为“く”再加“の”的用法还有“遠い→遠くの”，“近い→近くの”等。另外，“少ない”需要变为“少しの”。其他的一类形容词一律直接后续名词，如“赤い服”。\n','△中国語の「名字」は、多くの場合、姓と名の両方を指します。\n（汉语里的“名字”多指姓和名。）\n△近くのお寺まで散歩に出かけました。\n（去附近的寺庙散步了。）\n',351),('2D2F053B8F19073A','DDC1F89951E9D2BE','小句（简体形） はずがありません','“〜はずがありません”是“〜はずです”的否定形式，表示根据某种理由做出某种否定性的推断，也可以说成“〜はずはないです”。小句为二类形容词小句和名词小句时把其简体形的“た”换成“である”，使用“二类形容词／名词＋である＋はずがありません”的形式。\n\n','◆　張さんは入院中ですから、旅行に行くはずがありません。（小张在住院，不可能去旅行。）〔听到了小张去旅行的传言〕\n◆　７月のオーストラリアは冬ですから、暑いはずがありません。（7 月的澳大利亚正好是冬季，不可能热。）〔被问到 7 月的澳大利亚是否热〕\n◆　太田さん、遅いですね。\n　 ーーええ。でも、太田さんは責任者ですから、遅れるはずはないんですが…。（太田先生真够晚的。——是啊。太田先生是负责人，不应该迟到呀……）\n◆　森さんはスキーがあんなに上手ですから、初心者であるはずがありません。（森先生的滑雪技术那么好，不可能是初学者。）〔森先生自称是初学者，但实际水平很高〕\n\n\n',277),('2DC86ABEAFC55559','4F6E7BE0063BF862','今では','“今では”和“今”意思相同，但用于现在的状况与以前相比有显著变化的情形。通过比较强调过去是如何，现在又是怎样。“今では”“現在では”包含了从过去到现在变化的过程，含有变化很大的语气。“今”“現在”只表示现在的意思，使用范围更广。在书面语中也用“現在では”，与表示从以前一直持续到现在的“今でも”“今も”（中级第3课会话）意思正好相反。由于形式比较近似，注意不要混淆。\n','△今では、80か国以上の国で食べられている。\n（如今，在80多个国家都能够吃到。）\n△街の様子が今ではすっかり変わっていて、昔の様子を見ることはできません。\n（现在街道已经彻底变样了，完全看不到原来的影子。）\n△あの小さな男の子が、今では大きな会社の社長です。\n（从前那个小男孩，现在可是大公司的总经理了。）\n\n',408),('2DED856566768320','6DA21B8991604E64','名＋の／动（简体形）＋間／間に','“～間”表示某种行为或事态持续的时间段，如“学校が休みの間、アルバイトをします（学校放假期间，我打工）”表示打工所持续的时间段。“～間”多与副词“ずっと”一起使用。\n\n“～間に”表示某种行为或事态发生或完成的时间范围，如“学校が休みの間に、アルバイトをします（学校放假期间，我想打工）”表示“打工”这一行为将发生在假期内。\n\n','◆　学校が休みの間、アルバイトをするつもりなんだ。（我打算在学校放假的时候打工。）\n◆　部屋の中を見ている間、ずっと外で車の音がしていましたよ。（我们在看房间里面的时候，外面一直是过车的噪音。）\n◆　わたしが留学している間に、家の周りもずいぶん変わりました。（我留学期间，我家那一带发生了很大的变化。）\n◆　子供が寝ている間に、部屋を掃除しました。（趁孩子睡觉的时候，我打扫了房间。）\n\n',305),('2E15EE9366E76F69','C2824ED5B5E81097','名1より　名2の　ほうが　一类形/二类形です','比较“名词1”和“名词2”，“名词2”比“名词1”更具有形容词所表示的性质时使用这个句型。\n','（１）日本　より　中国　の　ほうが　広いです。（与日本相比，中国更辽阔。）\n（２）北京　より　東京　の　ほうが　暖かいです。（与北京相比，东京更暖和。）\n（３）大阪　より　東京　の　ほうが　にぎやかですか。（与大阪相比，东京更热闹吗？）\n',65),('2E2547664E2E09A2','FB672945F910447F','助かりました','“助かります”是他动词“助けます（帮助）”的自动词形式，表示“对～有帮助”的意思。可以用助词“が”来表示获得帮助的人，如“わたしが助かります”。下面的例句表示“对某人有益处”，画线部分表示获得益处的理由及条件。\n','△天気がいいので、助かります。\n（因为天气好，可救了我了。）\n△仕事を手伝えば、お父さんが助かります。\n（如果能在工作上给你父亲搭把手，他就能轻松不少。）\n另外，在本课中出现的那样，“助かります”有时还表示感谢的意思。与上面的例句一样，画线部分表示感谢的理由。\n△さっきは、どうもありがとうございました。助かりました。\n（刚才真是太感谢了。您帮了我大忙。）\n△荷物を持っていただいて、助かりました。\n（谢谢您为我拿行李，您可帮了我大忙了。）\n',473),('2EDCEF25B8B89135','C832E4B02E7050D3','名【场所】　へ　动','使用“行きます”“帰ります”等表示移动的动词时，移动行为的目的地用助词“へ”表示，这时的“へ”读做“え”。','（１）吉田さんは　中国　へ　行きます。（吉田先生去中国。）\n（２）森さんは　日本　へ　帰ります。（森先生回日本。）\n（３）李さんは　どこ　へ　行きましたか。（小李去哪儿了？）',27),('2F499E5EB3B27B25','BE4E9B361FCEDE05','公司内部人员的称谓','称呼自己所属公司或组织内部的人员，或与组织外的人谈话中提及本公司或组织内部人员时，在称谓上有许多规定。\n一般来说，在公司内部，对上级称呼头衔，如“社長（总经理）”“部長（部长）”“課長（科长）”等。多个职务相同的人在场时，加姓氏以示区分，如“山田部長”。当面直呼时，与在谈话中提及该人时的称呼相同。称呼同级或晚辈时，一般在姓氏后加“さん”，男性之间也使用“君”。\n对公司外的人也称呼头衔，对无头衔的人则称呼“～さん”。另外，向外人提及本公司内部人员时，只称呼姓氏，不加头衔。本课中，大山向外公司的李秀丽介绍自己公司的佐藤时就只称呼其姓氏“佐藤”，而在面对面称呼佐藤时则要加“さん”，即“佐藤さん”。\n','△こちらは、今度の「金星」プロジェクトの責任者で、佐藤です。\n△[公司内部]あ、部長、この企画、ちょっと見てください。\n（啊，部长，请看一下这个策划方案。）\n△[对公司同级]鈴木さん、さっき課長が探していましたよ。\n（铃木，刚才科长找你了。）\n△[公司外的人来电话]すみません、山本課長はいらっしゃいますか。\n——[对公司外的人]山本は今、出かけております。\n（对不起，请问山本科长在吗？——山本现在出去了。）\n\n',488),('3079B2CD24C225B4','A709A010A089416D','【表达及词语讲解】何かあった','这里的あった不表示物体的存在，而表示发生了某种事情。\n','▲馬さんは元気がないね。何かあったのかな。（小马有点儿没精神，发生什么事儿了吗？）\n▲駅前で何かあったんですか。人が集まっていますよ。（车站附近发生了什么事？聚了很多人哪。）\n',219),('307AD97B49AE2BE6','C8F844267ECA4F3A','名 は いくらですか','询问价钱时，用“いくら”。','（１）これは いくらですか。（这个多少钱？）\n（２）その服は いくらですか。（那件衣服多少钱？）',15),('308B522A99F080D8','4EA5515B4B6DC3FC','日本の人口は減り始めている','“減り始めている”表示现在也处于开始减少的状态。另一方面，如“減り始めた”使用“た形”，则表示过去某个时刻的状况，如“1990年に減り始めた（1990年开始减少）”。\n','△会社の経営が悪くなり昨年から給料が減り始めたが、最近は改善されてきた。\n（公司经营恶化，从去年工资开始减少，不过最近状况改善了。）\n另外，“減り始めた”表示变化发生后，变化意志在持续，而“減った”表示变化完成后的结果。　\n△最近は髪を伸ばす男性が減った。\n（最近留长发的男性减少了。）\n△最近ではそろばんを使う人が減った。\n（近来使用算盘的人减少了。）\n\n',440),('30FBC489A4137C5D','DDC1F89951E9D2BE','小句１（简体形） のに、小句２','表示在“小句 1”的情况下发生的“小句 2”的情况不符合常识常理。如果“小句 1”为二类形容词小句和名词小句时，要用“二类形容词／名词＋な＋のに”的形式。\n\n注意：“のに”前一般不用敬体形。\n✕　電源を入れましたのに、動きませんでした。。\n\n“〜が”、“〜けど”的意思与“〜のに”相近，但其前后的两个小句独立性强，因此“小句１”句尾可以使用“〜です”“〜ます”“〜でしょう”等形式，并且“小句２”可以为命令句。与此相反，“〜のに”前后的两个小句独立性弱，因此“小句１”句尾不可以使用“〜です”“〜ます”“〜でしょう”等形式，并且“小句２”也不可以是祈使、请求的句式。\n\n❍　寒いですが、換気のために窓を開けてください。（虽然寒冷，不过为了换换空气，请打开窗户。）\n✕　寒いのに、換気のために窓を開けてください。\n\n\n','◆　目覚ましをかけておいたのに、今朝は起きられませんでした。（尽管上了闹钟，今天早上还是没起来。）\n◆　今日はこんなに寒いのに、森さんは寒くないと言いました。（今天尽管很冷，森先生却说不冷。）\n◆　この家は駅から近くて便利なのに、買う人がいません。（这个房子离车站近而方便，却没有人购买。）\n◆　田中さんは作家なのに、読書が嫌いです。（田中先生尽管是作家却讨厌读书。）\n◆　森さんは昨日病気だったのに、出勤しました。（森先生昨天生着病却去上班了。）\n\n',275),('315E8185BF5E1CA4','BE4E9B361FCEDE05','介绍某人','在工作场合介绍某人，根据介绍者与被介绍者是否同属一个公司，在介绍顺序和用词上有所不同。首先是将本公司人员介绍给外人，顺序是先上级后下级。然后把外人介绍给本公司人员，顺序也是从上级到下级。关于人的称呼，请参考讲解8.本课中，龙虎酒业公司的大山先向外公司的李秀丽介绍与自己同一公司的佐藤。在介绍中，无论对本公司的人还是外人，都使用“こちら（这/这位）”，不使用“これ”或“この人”这样的称呼。\n','△こんにちは、李さん。紹介します。こちらは、今度の「金星」プロジェクトの責任者で、佐藤です。\n（您好，李小姐。我来介绍一下，这是此次“金星”项目的负责人佐藤。）\n[介绍完毕后]佐藤さん、こちらは、JC企画の李さんです。\n（佐藤，这位是JC策划公司的李小姐。）\n\n',487),('31A826A415A736A5','16B30FDBE23DBEC3','疑问词＋でも','表示在任何情况下事态都相同时，使用“疑问词＋でも”。\n\n注意：\n汉语的“疑问词＋都”肯定，否定时都可以使用，如“谁都明白”“谁都不明白”，但日语中用于肯定和否定的形式不同。肯定时，用“だれでも分ります”而不能说成“≠だれも分ります”。反过来，表示否定时，用“だれも分りません（谁都不明白）”而不能说成“≠だれでも分りません”。\n参考：\n“いつも”表示“常常，经常”的意思，而“いつでも”是“无论任何时候”的意思。两者之间的区别在于“いつでも行きます”的意思是“随时去”或“有必要的话任何时候都去”，而“いつも行きます”的意思是“经常去”或“没有不去的时候”。\n','李さん、何を食べたいですか。（小李，你先吃什么？）\n―何でもいいです。（什么都行。）\nいつでも電話をしてください。（请你随时打电话。）\n―だれでも分ります。（谁都明白。）\n',102),('325E976C281F95AE','4A0095AE1A34869A','【课文语法】用言是动词时，注意两个方面：①用动词的简体形②名词前不能加「の」。','用言是动词时，注意两个方面：①用动词的简体形②名词前不能加「の」。','明天会议用的资料：明日会議で使う資料 （用了动词的原形）\n　\n我明天乘坐的飞机：私が明日乗る飛行機\n　\n在中国买的CD：中国で買ったCD（用了动词的过去式,表示完成了的动作）\n　\n我不认识的人：私が知らない人（动词的否定）\n',142),('32F6907D1A9E7029','555BA4813C2BE35E','动（基本形/ない形）ことになりました','表示由于某种外在的原因导致形成了某种决定。\n注意：\n“～ことにします”“～ことになります”里的“こと”不能用“の”来代替。\n☆ 来月、日本へ旅行に行くことにしました。（我下个月要去日本旅行了。）\n× 来月、日本へ旅行に行くのにしました。\n\n“～ことになりました”也可用于婉转地表述根据自己的意志决定的事情。\n☆ わたしたち、結婚することになりました。（我们要结婚了。）\n☆ わたしは来月から中国へ留学することになりました。（我从下个月起要去中国留学了。）','☆ 来月から給料が 上がる ことになりました。（从下个月起工资涨了。）\n☆ 月曜日から三日間、香港へ出張する　ことになりました。（我从星期一起去香港出差三天。）\n☆ 今週は会議を　行わない　ことになりました。（这个星期不开会了。）\n',195),('3303DC5940BACF7A','C9CCCC54B256FC63','「补充知识」句子的连接方法','日语中句子与句子之间靠接续词起连接作用。本课学习的接续助词「て」是一个连接动作先后或相继发生的形式。但是在叙述多项动作发生时，不能全用「て」，一般只能连接二、三项，这时需要用接续词「それから」来连接。\n','（１）昨日デパートへ行って、着物を買いました。それから、映画館へ行って、映画を見ました。（昨天去百货商店买了衣服。然后去电影院看了电影。）\n（２）図書館へ行って本を借ります。それから、家へ帰って勉強します。（去图书馆借书，然后回家学习。）\n',81),('3355D8A0E2AF7731','BE4E9B361FCEDE05','【课程讲解】～ほうが～です','表示比较的表达形式（初级第12课，初级第18课）除了用于名词的比较外，还用于小句及动词的比较。在“小句（简体形式）+より+小句（简体形式）+ ほうが+形容词です”这个表示比较的形式中，动词可以使用基本形，或者如“～たほうがいいです”（初级第21课）使用“た形”。使用“た形”表示建议的语气较强，而使用基本形则表示一般性的看法。另外，在使用动词“ない形”时，不能使用“～なかったほうが～”的形式。\n本课中“（）”的前半部分被省略了，因为这部分不用明确指出来读者也能明白。△名刺を出す時も受け取る時も両手を使うほうが丁寧です。\n（不论递名片或接名片，用双手更有礼貌。）\n','△食事は（1人で食べるより）大勢で食べるほうが楽しいです。\n（多人一起吃饭<比一个人吃饭>更有乐趣。）\n△ジョギングは、（急ぐより）ゆっくり走るほうがいいそうです。\n（据说跑步时慢跑<比快跑>更好。）\n\n',340),('3395FB52F407E98B','32F0252F6526B44D','【表达及词语讲解】～のではないでしょうか','这个表达形式由：の+ではない+でしょうか构成，ではない表示否定。\nでしょうか是比较礼貌的疑问形式，是“不是～吗?”的意思。\n','アルファベットは分かりにくいので、避けたほうがいいのではないでしょうか。（英语字母比较晦涩，还是避开比较好)\n',284),('340610B74C008FD3','4EA5515B4B6DC3FC','～一方だ','使用“动词（基本型）+一方だ”的形式，向着一个方向不断发展。\n','△世界の人口は増加する一方だが、日本の人口は減り始めている。\n（世界人口不断增长，而日本人口却开始减少。）\n△薬を飲んだのに、頭は痛くなる一方だ。\n（尽管吃了药，但头反而越来越疼了。）\n',439),('34200B82EDFB4EF8','30F01CB5EF64C793','名　か　名','对若干名词进行选择时，名词和名词之间加“か”，相当于汉语的“或者”。\n','（１）わたしは　毎朝　パンか　お粥を　食べます。（我每天早晨吃面包或稀饭。）\n（２）休みは　何曜日ですか。（你星期几休息？）\n――休みは　月曜日か　火曜日です。（我星期一或星期二休息。）',36),('354F2C165AF56443','FB672945F910447F','先ほど','“先ほど”是“さっき（刚才）”的礼貌说法（初级第8课）。“さっき”与“先ほど”意思相同。但是“さっき”只用于口语，“先ほど”可用于书面语。\n','△あのう、失礼ですが、先ほどの方じゃありませんか。\n（嗯，对不起，您就是刚才那位先生吧？）\n△[在电话中约好会面后见面时]こんにちは。先ほどお電話した山田です。\n（您好，我是刚才跟您通过电话的山田。）\n',471),('358B5F1D3101160D','BE4E9B361FCEDE05','今度','“今度”除用于表示“下回”“下次”以外，还如本课中那样用于表示“这次”“这回”的意思。有时还表示“最近”的意思。\n','△今度の「金星」プロジェクトの責任者で、佐藤です。\n（这是此次“金星”项目的负责人佐藤。）\n△今度発売した指輪のデザインは若者に人気があります。\n（最近上市的戒指，款式受到年轻人的青睐。）\n△今度ぜひわたしの家に遊びに来てください。\n（下次请一定来我家玩。）\n\n',486),('35A1B806E817B94C','960EA683383B3BA6','生み出す','这个词的原意为“分娩出来”，但现在很少用这种意思，多用作“新制作出来”的意思。不仅用于某样东西被制作出来，还用于制作出划时代的新物品或产生具有重要影响的新想法。多用于书面语。\n','△高画質のいきいきとした映像が生み出されるようになった。\n△インターネットによって、新しいコミュニケーションの形が生み出された。\n（由于互联网的出现，诞生了一种全新的交际方式。）\n\n',429),('35C3AE1F233FCA24','E3046E0A69D0574A','名[人]　に　会います。','“会います”相当于汉语的“见”。所见到的对象用助词“に”表示。\n','（１）李さんは　明日　長島さんに　会います。（小李明天见长岛先生。）\n（２）わたしは　駅で　森さんに　会いました。（我在车站遇见了森先生。）\n',41),('35CA2AD3C9149AD5','B3FF2B9DDC740413','【表达及词语讲解】お待たせしました。','お待たせしました（让你久等了）－－让别人等待后用语。\n约会迟到时一般用：お待たせして、すみません。应用课文中的すみません。お待たせして。是倒装形式。\n','森　：すみません。お待たせして。（对不起,让你们久等了)\n小野：いいえ、私たちもちょうと前に着いたところです。（没关系，我们也刚到)\n\n（点菜后）\n店員：お待たせしました。どうぞ。（让你久等了，请慢用)\n',261),('35CCDBA7D345D825','07FF15161F8834D0','【表达及词语讲解】“明日（みょうにち）”和“昨日（さくじつ）”','“明日”有“あした”“あす”“みょうにち”三种读法。“あした”最随便，“あす”较郑重，“みょうにち”郑重程度最高，商业用语中常常与敬语形式呼应使用。\n\n“昨日”也有“きのう”和“さくじつ”两种读法，“さくじつ”是比较郑重的说法。\n\n','',321),('370481FD4C0E8FC1','E85C84498A29908F','小句动词简体形+の+は形です','动词小句加“の”使其名词化，表示“做某动作”的意思。这种名词化形式做主语而谓语是表示性质、状态的一类形容词或二类形容词时，主语要用助词“は”来表示。\n\n第11课学习了“好きです”、“嫌いです”、“上手です”、“下手です”等表示好恶、擅长不擅长的形容词（第11课语法1.2）。如果名词化形式是这些形容词的对象时，要用助词“ガ”来表示。\n\n注意：“好きです”等表示好恶的形容词的对象作为话题使用时，要用助词“は”来表示。\n\n（１）絵をかくのは好きですか。/画画你喜欢吗？\n—いいえ、絵をかくのは嫌いです。/不，画画我不喜欢。\n\n','（１）自転車に2人で乗る　の　は　危ないです。/骑自行车带人很危险。\n（２）パソコンで表を作る　の　は　楽しいです。/用电脑制表是很愉快。\n\n（１）李さんは　絵をかく　のガ好きですね。/小李你喜欢画画啊！\nはい，色鉛筆でスケッチするのガ大好きです。/是的，我特别喜欢用彩色铅笔素描。\n（２）わたしは　自転車に乗る　のガ下手です。/我骑自行车技术不行。\n\n',147),('371983F11D33AE8B','960EA683383B3BA6','次々','副词，意思是“接下来”“一个接一个”，用“次々に”“次々と”的形式修饰后面的动词。“次々と”比“次々に”语气稍显正式，多用于书面语。\n','△娯楽性や芸術性の高い作品が次々に制作されるようになった。\n△有名ブランドの化粧品が次々に発売された。\n（名牌化妆品接连不断上市了。）',432),('37ADEB5EFF7CDA80','E1550D35E9A6DAE3','お+一类动／二类动になります','尊他语的另一种表达形式是“お+动词的ます形去掉ます+になります”.\n\n','お客様はもうお帰りになりました。（客人已经回去了）\nお食事はもうお済になりましたか。（你已经用过饭了吗？）\n旅行の日程はもうお決めになりましたか。（旅行日程你已经定下来了吗？）',309),('3818D4F3245CD813','6FC489150655EA99','～といわれています','陈述人们对某事物普遍持有的某种看法，时，使用“小句（简体形式）＋といわれています”或“小句（简体形式）＋と考えられています”的表达方式。这种表达方式在日语中很常用，“表示并非说话人的主观判断，而是一种普遍常识”。\n','△日本で最も多い「佐藤」や「鈴木」は、昔の武士の名字や、地名からつけられた名字だといわれています。\n（人们通常认为，在日本最多的“佐藤”“铃木”是旧时武士的姓氏，或者来自于地名。）\n△正しい敬語を使える人は本当に少ないといわれています。\n（人们普遍认为能够正确使用敬语的人非常少。）\n△日本の人口は減っていくと考えられています。\n（一般认为日本的人口会不断减少。）\n需要注意的是，这种表达方式只用于一般常识，而不能用于陈述特定的事情。\n×田中さんは明日休むといわれています。\n\n',356),('3825E2FB95DA653A','C9CCCC54B256FC63','动词的“て形”','第13课学习了动词的“ます形”。本课学习动词的“て形”。“て形”可以用于各种各样的表达方式。动词的“て形”是动词形式中最为复杂的一个，因此需要反复练习和记忆。\n动词因其形态变化方式不同，可以分为三类。动词的“ます形”去掉“ます”后的最后一个音位于“い段”的动词绝大部分属于一类动词（如：“書きます”“読みます”）；最后一个音位于“え段”的动词（如：“食べます”“寝ます”），以及位于“い段”的一小部分动词（如：“起きます”“見ます”）属于二类动词。“来ます”和“します”两个动词，以及“勉強します”“卒業します”等使用“します”的动词都属于三类动词。\n最后一个音位于“い段”的二类动词，单从词形上看，与一类动词没有区别。但这类动词数量很有限（属于初级的有15个左右），出现时需要特别记忆。\n\n一类动词“て形”的变换方式是“ます形”去掉“ます”后加“て”，加“て”的时候发音会有一些变化。即“き”－“いて”、“ぎ”－“いで”、“び、み、に”－“んで”、“ち、り、い”－“って”、“し”－“して”。\n二类动词和三类动词的“て形”都是“ます形”去掉“ます”后直接加“て”。\n\n※“行きます”属于例外，其“て形”是“行って”。','类别                     ます型                      去掉ます　　　　　て型\n一类动词              書きます（写）        かき　　　　　　　かいて\n　　　　　　　　行きます（去）        いき　　　　　　　いって\n　　　　　　　　急ぎます（急）　　 いそぎ　　　　　　いそいで\n　　　　　　　　飛びます（飞）        とび　　　　　　　とんで\n　　　　　　　　よみます（读）        よみ　　　　　　　よんで\n　　　　　　　　死にます（死）        しに　　　　　　　しんで\n　　　　　　　　待ちます（等）        まち　　　　　　　まって\n　　　　　　　　売ります（卖）        うり　　　　　　　うって\n　　　　　　　　買います（买）        かい　　　　　　　かって\n　　　　　　　　話します（说）        はなし　　　　　　はなして\n\n二类动词              食べます（吃）        たべ　　　　　　　たべて\n　　　　　　　　見ます（看）　　　 み　　　　　　　　みて\n　　　　　　　　\n三类动词              来ます（来）           き　　　　　　　　きて\n　　　　　　　　します（做）           し　　　　　　　　して',76),('38506984EA478F6B','4A0DAFF88D198F32','バランスを取ります','意思是“保持均衡”，类似的表达方式还有“バランスを保ちます（保持平衡）”。消极意义的表达方式有“バランスが崩れます（平衡崩溃）”“バランスを失います（失去平衡）”等。\n','△労働者が自分の仕事と生活のバランスを取りながら、働くことができるように設けられました。\n（它是为了使劳动者在工作时能够把握个人生活与工作的平衡而创制的。）\n△収支のバランスが崩れて、会社は倒産した。\n（因收支平衡崩溃，公司破产了。）',368),('38A623F7C9A452DF','6092F629D9151082','动词的“基本形”','“基本形”是动词的基本形式。词典中的词条都使用这一形式。各类动词“ます形”去掉“ます”的形式和“基本形”的对应关系如下：\n一类动词：“基本形”最后的发音为“う”段，“ます形”去掉“ます”后的发音为“い”段。\n二类动词：“基本形”为“ます形”去掉“ます”后加“る”。\n三类动词：“基本形”分别为“来る”和“する”，“ます形”去掉“ます”后则为“来”和“し”。\n','',114),('395F3CA921C3DE3D','16B30FDBE23DBEC3','名が　欲しいです','表示欲望时，使用“名词1は名词2が　欲しいです”这一表达形式。“名词1”是欲望的主体，“名词2”表示欲望的对象。\n','わたしは新しい洋服　が　欲しいです。（我想有套新西服。）\n（あなたは）何　が　欲しいですか。（你想要什么？）\n—新しいパソコン　が　欲しいです。（想要新的电脑。）\n',98),('3A2137A147271D35','A709A010A089416D','【表达及词语讲解】なかなか「表示程度的副词」','第14课学习了表示程度的副词“なかなか”，“なかなか”还可以和否定形式呼应使用，表示事态的发展并没有所期待的那么简单或者不能轻易地实现。\n','▲ 風邪を引いてしまって、なかなか治りません。（感冒了，好长时间也不好。）\n▲ 本のとおりに作っても、なかなかうまくできないんです。（我照着书做也老是做不好。）\n',223),('3A6737F6EDF72777','4A0095AE1A34869A','小句（动词简体形）+名词　は　名/形　です（动词小句修饰名词而形成的小句做主语）','日语中名词前面常常有很长的定语，例如下面的句子：\n昨日父はデパートで日本製のカメラを買いました、そのカメラはとても安かったです。\n可以变化为一个句子---->\n昨日父がデパートで買った日本製のカメラはとても安かったです。','（１）私が明日乗る飛行機は中国航空です。（我明天乘坐的飞机是中国航空公司的。）\n（２）小野さんが作る料理はおいしいです。（小野做的菜很好吃。）\n（３）森さんが買った本はこれです。（森买的书是这一本。）\n\n第（１）（２）小句，是表示将要发生的动作，所以用了动词的基本型，第三句，已经发生的动作，用了动词的「た」型。\n',139),('3A9BAB716AB7E299','8377D9FF6994BEB2','名の名','の助词“の”连接名词和名词，表示所属\n','わたし　の　かぎ。（我的钥匙。）\n田中さん　の　車。（田中先生的车。）',7),('3ABB2640814DAB9B','AA201FD964F99EE4','～による／～によって[方法、手段]','“名词+による／によって”有表示动作主体（初级第41课），情况差异的用法（中级第6课课文），此外还有表示方法或手段的用法。\n\n“～によって”表示情况差异、方法或手段以及表示原因时都可以用助词“で”替换。但是，“によって”表示被动的动作主体时，不能用助词“で”替换。\n','△広いお風呂でたっぷりのお湯につかったりすることによって、リラックスできるのだろう。[方法]\n△この薬の効果は、多くの実験によって確認されています。[方法]\n（这种药品的功效已经过多次实验得到确认。）\n△自動車のデザインはコンピュータによって行われています。[手段]\n（汽车的外观设计是通过电脑进行的。）\n\n△林さんが行くかどうかによって（＝で）、わたしもどうするか決めます。[情况差异]\n（我的对策依林先生去还是不去而定。）\n△中国語を勉強することによって（＝で）、世界が広がりました。[方法、手段]\n（通过学习中文，世界变得广阔了。）\n△洪水によって（＝で）多くの建物が流されてしまった。[原因]\n（由于洪水，许多建筑物被冲走了。）\n△このレストランは、有名なデザイナーによって設計された。[动作主体]\n（这个餐厅是由著名的设计师设计的。）\n×このレストランは、有名なデザイナーで設計された。',418),('3D2382E918757320','15D73C404D384B32','小句１て / で 小句２','表示：原因 、理由 ；即小句 1 是小句 2 的原因、理由。\n注意：小句 2 不能为祈使句。\n','◆遅くなって、すみません。（我迟到了，抱歉。）\n◆最初は言葉が通じなくて 、こまりました。（开始的时候语言不通，非常困难。）\n◆森さんは頭が痛くて 、会社を休みました。（森先生头疼，休息了。）\n◆説明が上手で 、よく分かりました。（解释的很好，我完全清楚了。）\n◆父は大阪の出身で 、いつも関西弁で話します。（我父亲生在大阪，所以总说关西话。）\n',227),('3D38851668242987','89C37579C153161E','～（という）ことになる','“动词（基本形）+（という）ことになる”“名词+（という）ことになる”表示逻辑推理的结果。\n','△「はし」という言葉の意味は、方言によって変わることになる。\n（“はし”这个词的意思因方言不同而发生变化。）\n△参加者は男性3名、女性2名だから、5名ということになる。\n（参加者中有3名男性，2名女性，也就是说有5人。）\n另外，也可以用于表示自然得出某种结论或结果。\n△そんなにたくさんお酒を飲むと、明日の朝後悔することになりますよ。\n（喝那么多酒，明天早上肯定会后悔的。）\n\n',438),('3D4B35C058116021','7D78B3CD7A1777FC','动なければ　なりません','表示必须。接续方式是将动词“ない形”中的“ない”换成“なければ　なりません”。也可以用“ないと　いけません”的形式代替“なければ　なりません”。\n','（１）李さんは今日早く帰らなければなりません。（小李今天必须早点回家。）\n（２）この薬は毎日飲まなければなりません。（这个药必须每天吃。）\n（３）すぐに書類を送らないといけません。（得马上把文件寄出去。）\n',112),('3DF3D0521115543E','4A0095AE1A34869A','【课文语法】短语做其它成分','注意：动词小句中主语用「が」提示（这个知识点,我们每一期都提醒大家,这次可一定要记住。）\n\n我们可以举个例子加深一下记忆：\n\n父は中国で買ったCDを友達に貸しました。\n\n父亲把在中国买的CD借给朋友。（父亲既是买CD的主语,也是送给朋友的主语。）\n　\n父が中国で買ったCDを友達に貸しました。（父亲是买CD的主语,我是送给朋友的主语。）\n\n这个句子，省略了“わたし”。完整的说法可以是：私は父が中国で買ったCDを友達に貸しました。（我）把父亲在中国买的CD借给朋友。\n\n所以《动词小句中的主语要用「が」来提示。\n','これは明日会議で使う資料です。\n　\nその人は中国でとても人気がある女優です。\n　\n中国で買ったCDを友達に貸しました。\n　\n昨日李さんにもらった本を読んでいます。',146),('3EDBDFA8C6EF73D1','960EA683383B3BA6','想像力','“力”前接名词，表示能够做某事的能力，通常前接表示动作的词语。此外，也可以前接事物名词。表示“～的力量”或“～的能力”。\n','△その豊かな想像力と高い表現力が世界的にも高く評価された。\n（其丰富的想象和高超的表现力在世界上获得高度评价。）\n\n',433),('3EF9E76C45D49E4F','960EA683383B3BA6','～に関する','“名词+に関する”表示“～について（关于）”“～関連して（与……相关连）”等意思。后续名词时使用“～に関する+名词”的形式。虽然“～に関する”可以换说成“～について”，但是“～に関する”更为郑重一些。\n','△会社員の生活や、経済に関するものなど、大人にしか楽しめない内容の漫画も多くある。\n（也有很多是关于公司员工生活、经济方面等专供成年人阅读的漫画。）\n△石油の輸入に関するレポートを読んだ。\n（阅读了与石油进口相关的报告。）\n\n',424),('3F3149B9A7F4985B','26EBFD4F2855CC56','どうしてですか','询问事由时使用“どうしてですか”，相当于汉语中“为什么”。回答时在谓语后面加“から”。\n僕は　来月　また　ここへ　来ますよ。（我下个月还来这里。）','——どうしてですか。（为什么？）\n——ここで　友達の　結婚式が　ありますから。（因为朋友要在这里举行结婚典礼。）',63),('3F4C1AFEE86F9D5C','7D78B3CD7A1777FC','名1　が　名2　です','表示作为话题的“名词2”是什么时，用“名词2は名词1です”的形式。这里“名词2”是旧信息。同样的内容也可以用“名词1が名词2”的形式来表示。在这个句型里“名词1”仍然是新信息，“名词2”仍然是旧信息。新信息做主语时用“が”来表示。\n\n参考：叙述直接观察到的某事情，而不是作为话题在谈论这个事物时，使用“名词が动词”的形式。因为这里也同样是新信息在做主语。\n（１）子供が公園で遊んでいます。（孩子在公园里玩儿。）\n（２）バスが来ました。（公共汽车来了。）\n\n注意：“何”“だれ”“どこ”“いつ”等表示疑问的词做主语时不能用“は”，只能用“が”。因为这些词不能表示旧信息。\n（１）だれがいますか。　“×　だれはいますか。”\n（２）どこが痛いですか。　“×　どこは痛いですか。”\n（３）何が好きですか。　“×　何は好きですか。”','（１）山田先生はどの方ですか。（山田老师是哪位？）\n——山田先生はあの方です。（山田老师是那位。）\n——あの方が山田先生です。（那位是山田老师。）\n（２）吉田課長はいますか。（吉田科长在吗？）\n——わたしが吉田ですが…。（我就是吉田……）\n（３）あなたのかばんはどれですか。（你的包是哪一个？）\n——これがわたしのかばんです。（这个是我的包。）\n',113),('3F5046A2D595617A','4A0DAFF88D198F32','実は','用于句首，相当于“说实话”“实际上”等意思。表示该句话的内容令人意外或表明向听话人说的是实情。\n','△実は、上海支社で進めている「金星」プロジェクトが、思ったより大変な仕事になりそうなんです。\n（是这样，上海分公司正在推进的“金星”项目，似乎比预想的要困难。）△実は、ははが急病なので、あしたの授業をやすみたいんですが。\n（说实话，母亲突然得病了，明天的课我想请假……）',501),('3FED21923D75E700','DDC1F89951E9D2BE','【表达及词语讲解】 早速','表示迅速进行某种行为的情况。“すぐ”也具有相近的语义，但与“すぐ”相比，“早速”倾向于表示说话人或听话人积极主动地开始行动，而不能用于客观描写。\n应用课文中，太田说“早速、企画案を検討してみます（马上组织讨论策划方案）”，给人一种态度积极，热情向上的感觉。\n\n另外，“早速”在书信里有一种习惯用法，这时候的“早速”不能用“すぐ”来代替。\n\n\n\n','◆　早速のお返事、どうもありがとうございました。（你这么快就给我回信了，非常感谢。）\n◆　早速ですが、次回会議の日程をお知らせします。（现在请允许我通知您下一次会议的日程。）\n\n',282),('406B2C94C8CDBD77','A709A010A089416D','【表达及词语讲解】だんだん「表示程度的副词」','表示事物逐渐发生变化，用于变化程度不很显著的状况。常常和“～なります”等表示变化的表达方式呼应使用。\n','▲ 何度も作ると、だんだん上手になりますよ。（多做几次逐渐就会最好了。）\n▲ 秋になると、紅葉の葉がだんだん赤くなります。（到了秋天，红叶就会渐渐变红。）\n',224),('406BC4573ADE6D06','AEEAE34F1DB019D5','一类型/二类型　ほうがいいです','比较两个以上事物的性质，认为其中一个比较好时，可用“一类形容词+ほうがいいです”“二类形容词+な+ほうがいいです”的形式，表示自己的选择或向别人提议。\n\n询问的范围为两种事物时，无论是人是物还是时间，都可以使用“どちらが”。但询问的范围为三种以上的事物时，则不能使用“どちら”。\n','（１）日本語と英語とどちらが難しいですか。（日语和英语，哪个难学？）\n―日本語のほうが難しいです。（日语难学。）\n（２）コーヒーと紅茶とどっちが好きですか。（咖啡与红茶，更喜欢哪个？）\n―紅茶のほうが好きです。（更喜欢红茶。）\n―どちらも好きです。（哪个都喜欢。）\n',108),('40F022C040C33045','BE4E9B361FCEDE05','【课程讲解】仕事の場','“場”这个词比“場所”要稍显陈旧和生硬。“場”不单表示场所，而且还含有将要特别进行某事的场所或时间的语气。将要进行的活动内容用名词表示，并置于“場”之前，如“仕事の場（工作的场合）”“会議の場（开会的场合）”“面接の場（面试的场合）”等。','△特に仕事の場で会った相手には、個人的な質問は避けたほうがいいでしょう。\n（尤其在工作场合结识的人，最好避开私人问题。）\n△戴さんは昨日、会議の場で社長にほめられた。\n（小戴昨天在会上受到了总经理的表扬。）\n\n',341),('4150FD66B14B9BFD','4A0095AE1A34869A','【课文语法】用言是形容动词时,用形容动词的词干+「な」修饰名词。','注意：除了用言以外，名词也可以修饰名词，名词与名词之间，用「の」连接。\n　\n教数学的老师：数学が専門の先生','操作简单的电脑：操作が簡単なパソコン\n　\n这个公司唱歌最好的人：この会社で歌が一番上手な人',144),('42803526C806A2EA','01FDFF2EE6CDEAF8','动词意志形+と思います','说话人向听话人表示自已要做某事的意志，比单独的意志形更加礼貌。\n','　①.今日、会社を休もうと思います。（我今天不想上班）\n　②.もう遅いので、そろそろ帰ろうと思います。（已经很晚了，我该回家了）\n',179),('42B80B0CDE1BC2D3','6FC489150655EA99','それでも','“それでも”是连词，表示暂且认可前句的内容，然后陈述与前句不相符的情况，相当于汉语的“尽管如此”“即使那样”。课文中用“30万近くあります”说明其数量之大，随即又说明尽管如此，出乎意外的是这个数量还不是世界第一，只是世界第二。\n','△日本人の名字の種類は、30万近くあります。それでも世界の第2位です。\n（日本人的姓氏有将近30万个。即使那样还只是世界第2位。）\n△父親が病気で亡くなりました。それでも彼はアルバイトをして大学を卒業しました。（他父亲因病去世了。尽管如此，他打工挣钱完成了大学学业。）\n\n',358),('4341BB8C50E91D7A','78AFF46B36DCBBC1','【表达及词语讲解】しっかり','しっかり有好多种意思，要本课的应用课文中表示“充分，充足”。\n','小野さん、今日はしっかり食べておいてください。（小野，你今天多吃点。)\n',217),('43F2162AD5DD1E7B','0C1BB8EF80985A87','动+てしまいます','“动词て形+しまいます”一般表示该动作所产生的结果是令人不愉快的事情。\n\n\n','◆森さんはボーナスを全部使ってしまいました。（森先生把奖金全都花完了。）\n◆大切な書類をうっかり忘れてしまいました。（把非常重要的文件给忘记了。）\n◆無理をすると、病気になってしまいました。（搞得太累，你要生病的。）\n\n但有时候也只用来表示动作的“完全”而没有结果令人不愉快的意思。这时候动作一般是有意进行的。\n◆この本はもう読んでしまいました。（这本书已经全部读完了。）\n◆最後まで食べてしまいましょう。（全都吃掉吧。）\n',205),('441F7EF0B0C8E0CA','670557250FD3D1A3','小句（基本／ない形） ように、小句','“ように”表示“为了使某种状态成立”的意思。\n\n区别：\nように、ために，二者都表示“为……／为了……”，但其用法不同；\n（1）ように前面一般是非意志性的变化或状态。动词一般为，可能形态的基本形/ない型；\nために表示意志性动作的目的，因为通常接动词的基本形；\n（1）ように前面的主语可以与后面的句子主语不一致.而ために前后句子的主语必须一致。\n\n','よく見えるように、大きく書きました。（为了让人看得清楚，把字写得大大的。）\n風邪を引かないように、気をつけています。（为了不感冒，一直注意身体。）\n',245),('449FC6160B9C4D35','6DA21B8991604E64','名＋の／动（简体形）ようです②[比喻] / 名／动（简体形）みたいです　②　[比喻]','第４４课学习了“～ようです”“～みたいです”表示推测的用法，除了表示推测以外，这两个形式还可以用来表示比喻。表示比喻时多与副词“まるで”呼应使用。\n\n除了用于句尾以外，经常以“～ような／みたいな＋名词”或“～ように／みたいに＋动词／形容词”的形式来修饰名词、动词或形容词。\n◆　まるでテレビのドラマのような出来事ですね。（真好像是电视剧里发生的事情一样。）\n◆　鳥のように空を飛んでみたいなあ。（我想像小鸟一样在天空飞翔。）\n◆　先生みたいに上手に日本語が話せるようになりたいです。（我想像老师那样流利地说日语。）\n\n','◆　これは柔らかくて、まるで本物の毛皮のようです。（这个软软乎乎的，好像真皮一样。）\n◆　まるでヨーロッパの町並みを見ているようですね。（真像看到了欧洲的街道。）\n◆　この野菜、まるで果物みたいですね。（这种菜好像水果一样。）\n\n◆　まるでテレビのドラマのような出来事ですね。（真好像是电视剧里发生的事情一样。）\n◆　鳥のように空を飛んでみたいなあ。（我想像小鸟一样在天空飞翔。）\n◆　先生みたいに上手に日本語が話せるようになりたいです。（我想像老师那样流利地说日语。）\n\n',302),('453FDD64D76A6AE0','6FC489150655EA99','～わけにはいきません','“动词（基本型／ない型）＋わけにはいきません”表示依据社会常识或经验等来看是不可能的事情。与表示不可能的“～することができない”不同，“～することができない”表示“没有……的能力”，而“～わけにはいきません”表示该行为是自己不能选择的。否定形式“～ないわけにはいきません”表示“必然的义务”。\n\n','△名字をつけないわけにはいきません。\n（不能没有姓氏。）\n△ここであきらめるわけにはいきません。\n（不能在这时候放弃。）\n△来週受験なので風邪引くわけにはいきません。\n（下周要考试了，所以现在不能感冒。）类似的表达方式还有“～わけにもいきません”，意思是“也可以考虑选择……，但从常识看来很困难”。与“～わけにはいきません”相比，否定的语气较弱。另外，二者都不能前接过去形式。△質問がたくさんあっても、無視するわけにもいかないので、きちんと答えています。\n（即使问题很多也一个都不能忽视，都做了认真的回答。）\n△お金は足りませんが、予算を増やすわけにもいきません。\n[含有虽想那样做但不能做到的心情]（资金虽然不足，但增加预算又是不可能的。）\n△お金は足りませんが、予算を増やすわけにはいきません。\n（资金虽然不足，但无法增加预算。）\n\n',354),('458213D95CA2469E','F5957C00A8B967C9','まだ+动（否定）','表示还没达到所询问的内容的程度。相当于汉语的“还没（有）”。\n\n此外，对用“もう”提问的句子做否定回答时，使用“まだ～～～ていません”的表达形式。\n小野さんはもう結婚していますか。\n——いいえ、まだ結婚していません。\n（小野女士，你已经结婚了吗？——不，还没结。）\n\n','何年ぐらい日本語を勉強しましたか。\n——二年勉強しました。でも、まだあまりできません。\n（学了几年日语？——学了两年，但还不太会。）\n',97),('45FCD98526FCED85','E3046E0A69D0574A','名1[人]　は　名2[人]　に　名3[物]　を　もらいます。','“もらいます”与“あげます”相反，表示物品以“第三人称→第二人称→第一人称”或“第三人称→第三人称”的形式移动，相当于汉语的“得到”“接受”等意思。物品用“を”表示，赠送者用助词“に”表示。赠送者也可以看成是物品移动的起点，用助词“から”来表示。\n','（１）わたしは　小野さんに　辞書　を　もらいました。（我从小野女士那儿得到一本词典/小野女士给了我一本词典。）\n（２）わたしは　長島さんから　写真　を　もらいました。（我从长岛先生那儿得到了照片。）\n（３）森さんは　長島さんに　パンフレット　を　もらいました。（森先生从长岛先生那儿得到了小册子。）\n\n另外，当第三人称的其中之一是说话人的亲戚时，按说话人的立场处理。\n（１）母は　小野さんに　ハンカチを　もらいました。（小野女士送给母亲手绢。）\n（２）弟は　長島さんから　本を　もらいました。（弟弟从长岛先生那儿得到一本书。）\n',40),('4657E9378FB8CC2C','A709A010A089416D','【表达及词语讲解】本のとおりに','“～のとおりに”是日语中常用的一种固定法说法，表示“～那样”的意思。“本のとおりに”的意思是“书上说的那样。”\n','▲ 本のとおりに作っても、なかなかうまくできないんです。（我照着书做也老是做不好。）\n▲ 昨日は天気予報のとおりに、大雨が降りました。（昨天如天气预报所说的那样下大雨了。）\n',222),('46BF5F0D3C1A9D24','4EA5515B4B6DC3FC','～わけがない','“～わけがない”的意思是“没有理由那样考虑”，表示强烈的否定。“わけ”表示理由。“～わけがない”虽然通常可以换说成“～はずがない”（初级第42课，）但是“～わけがない”表示更强烈的否定，“～はずがない”则是表示基于逻辑依据得出结论的语气更强。\n有时还使用“～わけはない”“～はずはない”的形式。意思与使用“が”的说法相同，表示从逻辑上考虑没有那样的可能性。\n','△人々の意識が簡単に変わるわけはなく、結果が出るまでには、長い年月が必要だろう。\n（人们的意识不会简单地改变，恐怕还需要很长的时间才能看到结果。）\n△冬に海で泳げるわけがありません。\n（冬天，不可能在海里游泳。）\n再来看下面两个句子：\n△笑っている。しかし、うれしいわけはない。[①]\n（他在笑。但是，不可能是高兴的。）\n△笑っている。しかし、うれしいわけではない。[②]\n（他在笑。但是，并不意味着高兴。）\n“～わけはない”与“～わけではない”在形式上非常相似，但是例句①表示不可能会高兴，表达了强烈的否定语气；例句②则是对从“笑っている”推定出来的“うれしい”的否定。',445),('48BA3614F4E8A0DD','623D73458E846EE7','【表达及词语讲解】せっかく','“せっかく～”译成汉语为“特意”“好不容易”等，其含义是对某种行为或事态的价值应充分利用。应用课文中表示既然来了北京就应该充分利用在北京逗留的时间参观一些地方。\n\n“せっかく”一般用来修饰动词，但也有用在“です”前面的情况，如“せっかくですから”“せっかくですが...”。当别人劝说自己做某事时，接受其好意时用“せっかくですから”，拒绝时则用“せっかくですが...”。\n','◆　せっかく北京来て、ここを見ないで帰ることはできませんよ。（好容易来到北京，不看看这儿是不能回去的。）\n◆　コーヒー入れましたから、どうぞ。\n　ーーせっかくですが、時間がないので、失礼します。（咖啡冲好了，请。——谢谢，不过我没时间了，这就告辞了。）\n',255),('494FBDB45965E614','30F01CB5EF64C793','名　を　动','动作的对象用助词“を”表示，这里的“を”读做“お”。\n','（１）李さんは　毎日　コーヒー　を　飲みます。（小李每天喝咖啡。）\n（２）わたしは　毎日　ジョギングを　します。（我每天慢跑。）\n（３）わたしは　新聞を　読みません。（我不看报。）\n（４）李さんは　毎朝　なにを　食べますか。（小李每天早晨吃什么？）\n',33),('49D7065670559983','FB672945F910447F','【课程讲解】～は～の１つです','“ＡはＢの１つです”表示Ａ属于Ｂ范围当中的一种。\n','△世界的に有名な新幹線もJRの路線の1つです。\n△日本はアジアの国の1つです。\n（日本是亚洲国家之一。）\n',326),('4A8CE9B9203C7825','58D08E4B784D012F','名と会います','第8课学习了“～に会います”中的“に”表示对象的用法，而使用表示互动行为的动词时，进行同一动作的另一方要用“と”来表示。如“結婚します”、“けんかします”等表示互动行为的动词只能用“と”。\n','仕事で、楊さんと会っていたんですよ。（因工作我和杨先生见面来着。）\n田中さんは佐藤さんと結婚しました。（田中先生和佐藤女士结婚了。） \n',156),('4ACF23758097A982','01FDFF2EE6CDEAF8','【表达及词语讲解】そろそろ','用于表示做某事或某事态发生的时间渐渐迫近时。\n','▲そろそろ勉強の時間ですよ。\n▲もう８時ですね、そろそろ失礼します。\n“そろそろ＋～ましょう（意志形）か”表示随着时间的迫近该一起做某事，提醒或催促对方和自己行动的一种说法。\n▲——もう９時ですよ、そろそろ出発しようか。\n　——ええ、そうしましょう。\n',182),('4AFA3878FC8AA09B','4C3B7B4C3953368C','行った','“行う”是表示“做”“干”等意义的郑重表达方式。与“する”相比，“行う”用于所做的事极其顺序都很具体、清楚的情况。意思近似的词还有“実施する”。“行った”既可以读作“いった”，也可以读作“おこなった”。此时，需要根据前后文的意思判断是“行く”的意思还是“行う”的意思。\n','△このグラフは、ある出版社が首都圈の夫婦400組に対して行ったアンケートの結果をまとめたものである。\n△先週行われた結婚式では、有名なアナウンサーが司会を務めた。\n（上周举行的婚礼由一位著名播音员做主持人。）',464),('4B47F1EF302EDB46','E1550D35E9A6DAE3','尊他语的特殊形式','\n\n','先生、何を召し上がりますか。（先生你吃点什么）\nもう、その資料をご覧になりましたか。（你看了那份资料了吗？）\n小野さん、木村部長、何時に戻るっておっしゃいましたか。（小野，木村部长说几点回来？）\n木村部長ですか。先ほど戻るっていらっしゃいましたよ。（部长刚才已经回来了呀。）\n\n\n',311),('4C065FE60DEAB0EE','0C1BB8EF80985A87','【表达及词语讲解】相変わらずですね[惯用句]','“你还是老样子啊”\n','',209),('4C1578826F503837','FB672945F910447F','【课程讲解】～的（～てき）','表示抽象意义的汉语词后续“的（てき）”，作为二类形容词使用。主要有三种意思：\n①表示场所范围，如“世界的”“国際的”等；\n②表示具有某种性质或倾向，如“消極的”“積極的”；\n③表示某种状态“抽象的”；','△世界的に有名な新幹線もJRの路線の1つで、日本の主要な都市と都市を結んでいます。\n（世界闻名的新干线也是JR的线路之一，连结着日本的主要城市。）\n△彼はどんな事でも積極的です。\n（他无论做什么事都很积极。）\n△よく分からないので、もっと具体的に説明してください。\n（不是很明白，请说得再具体些。）',336),('4D547B0FB092A323','6FC489150655EA99','～名','此前已经学过表示人数的量词“人”（初级第13课）。“名”和“人”一样也是表示人数的量词，而且二者的意思和功能完全相同，但“名”较为庄重，无论书面语或口语，大都用在正式的场合。\n','△今回の「金星」プロジェクトは、私を含めて4名のスタッフが担当いたします。\n△このヨットの定員は7名です。\n（这条游艇的核定载客量为7人。）\n',491),('4D7FAD0EA2F18254','AF2518D6F15596F5','动词的简体形','注意：\n简体的会话中常常省略助词。另外，“ありません”的简体形是“ない”。','森さんは　毎晩　テレビを　見る。（森先生每天晚上看电视。）\n\nコーヒー、飲む？（喝咖啡吗？）\n――ううん、飲まない。（不，不喝。）\n\n昨日　テレビ、見た？（昨天看电视了吗？）\n――ううん、見なかった。（不，没看。）',126),('4E49D3E656440E78','6FC489150655EA99','よろしくお願いいたします','比“よろしくお願いします”（中级第2课会话）更礼貌的说法是“よろしくお願いいたします”。“いたします”是“します”的自谦语。比“よろしくお願いいたします”更礼貌的说法还有“よろしくお願い申し上げます”。\n','',493),('4FE0FE2CF379CB26','960EA683383B3BA6','～に夢中になる','“～に夢中になる”表示被什么东西吸引而专心致志投入其中的状态，多用“夢中になって～する”的形式。另外还有“拼命地”“努力地”等意思。\n\n另外，由于“夢中”原本就是名词，所以还有“夢中だ”的用法。这时吸引人的事物用助词“に”表示。而且，“夢中だ”变为“夢中で”的形式还可以修饰动词。\n','△日本に来た外国人は、電車などでサラリーマンが夢中になって漫画を読んでいる光景を見て、驚くという。\n（据说来到日本的外国人，看到一个个公司职员在电气列车等地方聚精会神地阅读漫画的情景都会感到十分惊讶。）\n△昔の子供は学校が終わると、外で遊ぶのに夢中になったものです。\n（以前的孩子一放学，就跑到外面疯玩去了。）\n\n△うちの子供は中学校に入ってからは、サッカーに夢中です。\n（我家孩子从上中学以后就迷上了足球。）\n△田中さんは今仕事に夢中だから、しばらく結婚はしないでしょう。\n（田中先生现在一心扑在工作上，暂时不会结婚把。）\n',421),('501C63C13EF0A03C','53D9A724DD6F152C','小句（简体形）らしいです','らしいです可以表示根据观察到的情况进行推测，也可以用来婉转地叙述听来的消息。\n','◆今度の社員旅行は韓国へ行くらしいです。（下次的全社旅行好像是去韩国。）\n◆李さんは頭が痛いらしいです。（小李好像头痛。）\n\n',288),('50CA76F5AE9CB8B1','16B30FDBE23DBEC3','动ませんか','动词的否定形式“～ません”加上表示疑问的“か”，表面上是一种疑问形式，但其语法功能是表示提议。\n','いっしょにお茶を飲みませんか。（一起喝茶好吗？）\n少し休みませんか。（休息一下怎么样？）\n明日故宮へ行きませんか。（明天去故宫怎么样？）\n',100),('5108EB94F5674E67','4C3B7B4C3953368C','～を占めていた','“数量词+を占める”的形式表示某人或某事物在整体当中所占的数量比例。\n','△以前はホテルと結婚式場が4分の3近くを占めていた。\n（以前宾馆和婚礼会场占到将近四分之三。）\n△この大学では、外国人留学生が全体の20％を占める。\n（在这所大学，外国留学生占总体的20%。）\n\n',469),('52239E3F624FBC3F','A65B80B2369DA693','【表达及词语讲解】～ば～ほど～','*接续：“ば”前面接动词、形容词的假定形，“ほど”前接动词、形容词的终止形。\n*意义：表示一方面的条件或情况的程度越高，另一方面的相关情况的程度也会相应提高。也就是说两个相关事项的条件互相成正比例的关系。\n\n','①頑張れば頑張るほど、成績がよくなります。（越努力成绩越好。）\n②食べれば食べるほどおいしいです。（越吃越好吃。）\n③声は高ければ高いほど、元気が出てきます。（声音越大越能打起精神。）\n\n*如果是形容词的话有两种接续：“词干+なら+词干+なほど”或者“词干+であれば+词干+なほど”。\n\n例：\n①静かなら静かなほど勉強にいいです。（越安静越有利于学习。）\n②静かであれば静かなほど勉強にいいです。（越安静越有利于学习。）\n\n',300),('525B3E338878792F','189BFFD6A80BE4F8','助词“で”用法小结','表示某种状况的助词“で”用来修饰主体动作的状况，有各种各样的用法。\n','△注文の前にお茶や冷たい水が無料で出てくる。\n（在点菜前会送上免费茶水或冰水。）\n①动作进行的场所\n②手段、工具及材料\n③原因或理由\n④主体或对象的状况\n⑤数量单位的集合\n⑥限定范围\n\n',457),('528D6FE8D736BDDD','6FC489150655EA99','数值表达方式总结','数值表达方式包括概数表达方式，比基数或预想值大或小的表达方式等。概数表达方式中，具代表性的有“約～”“ほぼ～”“だいたい～”“～程度”“～ほど”“～ぐらい”。“約～”“ほぼ～”“だいたい～”后续数量词，而“～程度”“～ほど”“～ぐらい”前接数量词。有时还使用组合表达形式，如“だいたい～ほど”。“～以上”表示大于该数值（含该数值）的范围；“～以下”表示小于该数值（含该数值）的范围。\n表示比基数或预想值大或小的表达方式。其中，“～近く”表示未达到该数值但接近该数值；“～を超える”表示超过该数值；“～を上回る”与“～を超える”意思相同，而“～を下回る”正好相反。','△日本人の名字の種類は、30万近くあります。\n（日本人的姓氏有将近30万个。）\n△その数は160万を超えています。\n（其数量超过160万。）\n△一方、最も少ないのが韓国で300程度しかありません。また、世界でいちばん人数の多い姓は「李」で、約1億人いるそうです。\n（另一方面，姓氏最少的是韩国，仅有300个左右。此外，全世界人数最多的姓氏是“李”，据说约有1亿人。）\n\n',357),('52E35B7FC996F6ED','1D586D9D1E519F51','～などという','举出具有代表性的两个以上的事例，暗示还有其他多个事例时使用的表达方式。\n','△「こんにちは」「はじめまして」などという、メールの内容の分からない表現は避ける。\n（避免使用“こんにちは”“はじめまして”之类不明白邮件内容的词句作为邮件名。）\n△「はいはい」「そうそう」などという返事やあいづちは場合によっては失礼になる。\n（“はいはい”“そうそう”等回答或随声应答因场合不同有可能不礼貌。）\n“～などの”只用于列举两个以上的事例，而“～などという”还用于引用或者相当于引用的处理方式把作为特殊事件或问题的事情提示出来。\n△ラーメン、餃子、春巻などの中華料理は、日本でも日常的に食べられている。\n（即使在日本也能经常吃到拉面、饺子、春卷等中国菜。）\n△ラーメン、餃子、春巻などという中華料理は、日本でも日常的に食べられている。\n（像拉面、饺子、春卷这样的中国菜，即使在日本也能经常迟到。）\n△警察官が強盗をするなどということはあってはならない。\n（决不能发生警察抢劫之类的事情。）\n×警察官が強盗をするなどのことはあってはならない。',397),('534095E8A71E1316','623D73458E846EE7','小句1（简体形）ために、小句2　②　[原因、理由] / 名＋の＋ために、小句　②　[原因、理由]','表示“小句 1”是“小句 2”的原因、理由。“小句 1”表示的是非意志性的事态或状态。“小句 1”为二类形容词小句时使用“二类形容词＋な＋ために”的形式。多用于书面语或比较郑重的场合。\n\n与“〜から”　“〜ので”　“〜て”相比，“〜ために”更多的用于表示不情愿的事情的原因。\n❍　部長になったから、給料が増えました。（因为单个部长所以工资增加了。）\n❍　部長になったので、給料が増えました。（因为单个部长所以工资增加了。）\n❍　部長になって、給料が増えました。（因为单个部长所以工资增加了。）\n✕　部長になったために、給料が増えました。\n\n另外，“〜から”　“〜ので／んで”和“〜て”可以用来结句，而“〜ために”没有这种用法。\n—　遅かったね。（你来晚了。）\n—　❍　うん、事故があったから。（嗯，出事故了。）\n　　❍　うん、事故があったんで。（嗯，出事故了。）\n　　❍　うん、事故があって。（嗯，出事故了。）\n　　✕　うん、事故があったために。\n\n参考：第34课学习了“〜ために”表示目的的用法，表示目的时，“ために”前面为意志性动词的基本形，而且“小句 1”和“小句 2”的动作主体相同。\n◆　海外旅行をするために、貯金しています。（为了去海外旅游，一直在攒钱。）\n\n','◆　事故があったために、電車が遅れたんです。（由于发生事故，电车晚点了。）\n◆　明日マラソン大会があるために、この道路は通行禁止になります。（明天有马拉松大会，所以这条路禁止通行。）\n◆　この村は交通が不便なために、住んでいる人が少ないです。（这个村子因为交通不便，居住的人很少。）\n\n前接名词时，用“名词＋の＋ために”的形式。\n◆　道路工事のために、道が込んでいます。（因为施工，道路非常拥堵。）\n',250),('5376BBDC7BBB8AEB','58D08E4B784D012F','【词汇表达】「困る」与「苦しむ」','二者意思相近，「苦しむ」比「困る」所表示的程度高。为寻找某种解决方法而煞费苦心时要用「苦しむ」，「困る」只是「苦しむ」前阶段的精神状态，并没有积极地做出某种行为。如：\n道に迷って困った / 迷路大伤脑筋 （稍微停住脚步的状态）\n道に迷って苦しんだ　/　迷路吃了不少苦 （到处转悠着寻找的状态）\n此外，「困る」可以表示“麻烦”“讨厌”等说话人不希望发生的行为或状态，「苦しむ」则没有这个用法。如：\nそれは困った（苦しんだX）　/　这可不好办了\n困った（苦しんだX）問題　/　麻烦的问题\n','',163),('53B16A650EA4541E','4A0DAFF88D198F32','～てもらえませんか','“～てもらいます”“～てくれます”是表示受益的表达方式（初级第28课）。\n\n“～てもらいます”以动作的接受者为主语。例①中，“私”是让“山田さんがこの仕事をします”这一行为的主语，做出该行为的“山田さん”用“に”表示，受益者是“私”。例②中，由于出现了对方的名字“山田さん”，所以虽表示“能请您做这项工作吗？”的意思，但“あなた（＝山田さん）”被省略了。像这样，请听话人做事时经常省略掉“～に”的部分。\n使用“～てくれます”的例③中，实施动作的“山田さん”是主语。例④是使用“～てくれます”表示请求别人进行某行为的表达方式。主语依旧是“山田さん”。例⑤中，“李さん”是“推薦する”这一行为的主体，而“私”是“推薦する”这一行为的受益者。\n“～てもらう”“～てくれる”在用于请别人做事时，使用上面讲过的疑问形式。“～てもらう”说成“～てもらえませんか”“～ていただけませんか”，采用了可能形式，是由于问的是说话人自己获益的可能性。而“～てくれませんか”“～てくださいませんか”不用可能形式。\n\n','△山田さん、（私があなたに）この仕事をしてもらえませんか。[②]\n（山田，<我>能请<你>来做这项工作吗？）\n△山田さんがこの仕事をしてくれます。[主语：山田さん][③]\n（山田帮我做这项工作。）\n△山田さん、（あなたが）この仕事をしてくれませんか。[④]\n（山田，你能帮我做这项工作吗？）\n△李さんが、私を推薦してくれたんですか。[⑤]\n（是李小姐推荐我的吗？）\n',504),('53EB260B90CA150C','B3FF2B9DDC740413','动 終わります','表示动作或行为的结束，用于该动作行为具有一定的量，而且即将结束。接续方式：动词ます型。\n','◆その本はもう読み終わりました。（把那本书看完了。)\n◆先週もらった薬はもう飲み終わりました。（上周拿到的药已经吃完了。)\n',260),('541E4395ED914FCC','555BA4813C2BE35E','今度の日曜日','日语的“今度”与汉语的“这次”相比，语义范围要广得多。有时相当于汉语的“下次”。例如本课出现的“今度の日曜日”就指说话时间之后的星期天。\n','☆ 今度の日曜日に遊園地に行くつもりです。（这个星期天打算去游乐园。）\n☆ 今度の会議は午前十時からです。（下次的会议上午10点开始。）\n',197),('5428B14D868D2013','BE4E9B361FCEDE05','【课程讲解】～ものです[性质]','“AはBものです”表示“A本质上具有B的性质”。另外，由此也引申出“A应当是B”的意思（理所当然）。B使用动词、一类形容词的基本形以及二类形容词后续“な”的形式。表示本质时，否定形式为“～ない＋ものです”；表示理之当然时，否定形式为“～ものではないです”。在口语中，有时也用“～もんじゃないです”的形式。△気持ちがこもっているかどうかは、予想以上に相手に伝ってしまうものです。[本质]\n\n\n拓展：～ものです“小句（简体形式）+“可以表示说话人的感慨（中级第2课会话）、事物的本质以及理所当然的事情，此外还可以表示回顾过去。到底属于哪种用法，需要根据上下文来确定。表示回顾时，其形式为“た形+ものです”。△時間の経つのは早いものですね。[感慨]\n（时间过得真快呀！）△赤ん坊はよく泣くものです。[本质]\n（婴儿就是爱哭。）△子供の時、よく川で遊んだものです。[回顾]\n（小时候经常在河里玩耍。）\n△新入社員の時、よく林部長と飲みに行ったものです。[回顾]\n（记得刚进公司时，经常和林部长一起去喝酒。）','△山の天気は変わりやすいものです。[本质]\n（山里的天气多变。）\n△人の心は分からないものです。[本质]\n（人心是难以捉摸的。）\n△約束の時間に遅れる時は、相手に連絡するものです。[理所当然]\n（比约定时间晚到时应当和对方联系。）△そんな失礼なことはいうものではありません。[理所当然]\n（那种无礼的话是说不得的。）',350),('5458FA1AE0FA5481','F5957C00A8B967C9','小句が，小句[转折]','表示两个小句的转折关系时，用助词“が”。意思相当于汉语“但是”“可是”。\n','（１）3か月パソコンを勉強しましたが、まだあまりできません。（我学了3个月电脑，但还不太会用。）\n（２）このレストランはおいしいですが、ちょっと高いです。（这家餐厅的饭菜好吃，但是有点贵。）\n',96),('5547441A89AA35C3','C8F844267ECA4F3A','ここ/そこ/あそこ は名です（这里/那里/那里/这个/那个/那个 是什么什么 ）','指示场所时，用“ここ”“そこ”“あそこ”。所表示的位置关系与“これ”“それ”“あれ”相同。','（１）ここ は　デパートです。（这里是百货商店。）\n（２）そこ は　図書館です。（那里是图书馆。）\n（３）あそこ は　入り口です。（那儿是入口。）',10),('554EC416E1589941','6FC489150655EA99','使用“～が、～”“～けど、～”的说法[铺垫①]','“～が”（初级第16课）“～けど”（初级第22课）不仅用于表示转折，有时还用于不具有任何转折意义的单纯铺垫。需要注意的是，“～けど”只用于口语，不用于书面语。\n','△わたしにとっては、初めての海外旅行でしたが、紹興で飲んだ紹興酒の味は今でも覚えていますよ。\n△すみませんが、今お話してもいいでしょうか。\n（对不起，现在和您谈话方便吗？）\n△李さんも日本語が上手ですけど、王さんも上手ですね。\n（李小姐的日语很好，王先生也很棒呀！）\n△ちょっと伺いますけど、この近くに博物館はありませんか。\n（向您打听一下，这附近有博物馆吗？）\n\n',495),('5574E65DA17F39DB','670557250FD3D1A3','【语法复习】','1.「...ように」为了...\nよく見えるように、大きく書きました。（为了能让人看得清楚，把字写得大大的。）\n\n2.「...ようになります」表示某种能力（状况，习惯）变成了某种状态\nけがが治って、歩けるようになりました。（伤已痊愈，能够走路了。）\n\n3.「....ようにします」表示努力使某种行为（状态）变为现实\n毎朝、七時に起きるようにしています。（每天早上坚持7点起床）','',248),('573EE6A4FBB0F47B','4C3B7B4C3953368C','～が分かる[分かる②]','这里的意思不是“理解了”，而是表示“可以看到”或“可见”的意思。这种表达方式主要用于报告或论文当中，阐述通过分析之后新发现的信息。在说明所发现的信息时，经常与“～と”“～ということから”“～より”等表示信息来源的表达方式一起使用（初级第8课，中级第4课会话）。\n','△これを見ると、挙式の形式が時代とともに変わってきていることが分かる。\n△とげがないということから、この植物に毒がないことが分かる。\n（从没有刺这点来看，可以知道这种植物是没有毒的。）\n△実験の結果より、この薬は非常に有効であることが分かった。\n（实验结果表明，这种药疗效十分显著。）\n\n',466),('57A639853CFD93A8','01FDFF2EE6CDEAF8','【表达及词语讲解】それじゃ','是“それでは（那么）”的比较随便的说法，用于口语。\n','▲ 甲：どうして昨日来なかったんですか。（昨天为什么没来啊？）\n乙：熱があったんです。（发烧了。）\n甲：それじゃ、仕方ないですね。（那样的话，就没有办法了。）\n',183),('57B8AFC8F7CD2B92','B3FF2B9DDC740413','动　続けます','表示动作或状态不间断的持续。 接续方式：动词ます型。\n','◆3時間歩き続けました。（持续步行了3个小时。)\n◆車のオイルが漏れ続けています。（汽车的油一下在漏着。)\n',259),('57E45F9C062D65DD','0C1BB8EF80985A87','自动＋ています','自动词后续“～ています”し时，如该自动词是表示动作的，“～ています”表示动作正在进行。如该自动词是表示变化的，“～ています”表示结果的存续。在词形上有对应关系的自动词后加“～ています”时均表示结果的存续。\n\n“自动词て形+います”和“自动词+た形”都可以表示结果存续，不过“自动词た形”偏重表示变化的完成，而“自动词て形+います”则偏重表示变化完成后形成的结果状态。\n\n◆部屋の電気が消えています。（房间的灯灭着。）<结果的状态>\n◆部屋の電気が消えました。（房间的灯灭了。）<瞬间的状态>\n\n','◆部屋の電気が消えています。（房间的灯灭着。）\n◆壁には大きな絵が掛かっています。（墙上挂着一张大画。）\n◆この自動車は壊れています。（这辆车坏了。）\n',204),('5812B1A567E400D3','C9CCCC54B256FC63','「补充知识」なかなか','「なかなか」属于程度副词，表示对事物程度超出平均水平或自己预想的程度的含义。相当于汉语的“很”“相当”“非常”的意思，由于含有评价对方的含义，故对上级或长辈不用，只用于同辈、晚辈或部下等。\n','（１）田中さんの中国語はなかなか上手ですね。（田中的汉语非常好。）\n（２）この教室はなかなかきれいです。（这个教室相当干净。）\n（３）去年の冬はなかなか寒かったですね。（去年的冬天相当冷啊！）\n',83),('582BD4EBF0AA59F7','DDC1F89951E9D2BE','小句（简体形） はずです','表示根据某种理由做出某种推断。用于对所推测的内容非常有把握的情况。小句为二类形容词小句和名词小句时，分别使用“二类形容词＋な＋はずです”“名词＋の＋はずです”的形式。\n\n由于“〜はずです”表示的是根据某种理由做出的判断，因此既可以用于说话人自身经历过但记忆已经不十分准确，也可以用于实际情况与自己的考虑不一致。\n◆　たしか、書類は机の上に置いたはずです。（我记得文件应该是放在桌子上了。）\n◆　清水さんはまだ来ていませんが、今日は来るはずです。（清水先生还没有来，不过今天应该会来。）\n\n','◆　会議は５時までですから、もうすぐ終わるはずです。（会议５点钟结束，应该快完了。）\n◆　この映画は人気がありますから、観客は多いはずです。（这部电影很受欢迎，看的人应该很多。）\n◆　キムさんはこの大学の学生のはずです。（金女士应该是这所大学的学生。）\n\n\n',276),('5906FB58E49937DF','7D78B3CD7A1777FC','动ないで　ください','表示否定的命令时，使用“～て　ください”的否定形式。其构成方式为“ない形+で+ください”。\n','（１）部屋のかぎを忘れないでください。（请别忘了房间钥匙。）\n（２）この部屋には入らないでください。（请不要进入这个房间。）\n（３）無理をしないでください。（请不要勉强。）\n',111),('599F334524F463F5','3809055A61E5137B','表示程度的副词','とても、たいへん、少し、ちょっと、あまり、全然。\nとても／たいへん＞少し＞ちょっと＞あまり～ません＞全然～ません\n\n注意：汉语中形容词前面的“很”有时并不表示程度很重，而日语中如使用“とても”等，则强调程度非常重。\n','（１）この　料理は　とても　おいしいです。（这个菜非常好吃。）\n（２）この　スープは　すこし　からいです。（这个汤有点辣。）\n（３）試験は　全然　難しく　ありませんでした。（考试一点儿也不难。）\n',50),('5A491141EF1AE807','FB672945F910447F','【课程讲解】どんどん【表示样子的副词】','表示事物发展无阻碍、进展十分顺利的拟态词，这里作副词使用。在本课中，表示JR的线路在包括山阳地区、东北地区、九州地区等日本全国各地不断延伸的情况。\n','△山陽新幹線、東北新幹線、九州新幹線など、路線がどんどん延びています。\n（山阳线、东北线、九州线等，线路在不断延伸。）\n△佐藤さんの中国語はどんどん上手になっています。\n（佐藤的汉语越来越好了。）\n△遠慮しないで、どんどん食べてください。\n（不要客气，多吃点。）\n\n',328),('5A8E09F989FF6F05','189BFFD6A80BE4F8','～によって','“～によって”是表示原因的表达方式之一。此外，表示原因的表达方式还有“～ために”“～ための”“～ゆえに”“～ゆえの”等，其中，“～ために”可以使用“名词+のために”和“小句（简体形式）+ために”的形式。\n“～ゆえ”与“～ため”意思相同，但是“ゆえ”直接前接名词，不能前接动词等谓语。“名词+のための” “名词+ゆえの”意思是“因～原因引起的”“因～原因导致的”。 “ゆえ”是书面语，口语中不用。\n\n','',459),('5AE2488B36AB8EEE','C8F844267ECA4F3A','名 は 名　[场所]です','表示“名词”存在于“名词”【场所】。\n\n注意：\n“小野さんは事務所です”的汉语译文是“小野女士在事务所。”不能译为“小野女士是事务所。”日语的“は”比汉语的“是”更为广泛的含义。在这里表示小野女士在什么地方。\n“トイレは　ここです”意思是“厕所在这儿。”是将“トイレ”作为话题来阐述。而不是将“ここ”作为话题来阐述，意思是“这里是厕所。”','（１）食堂 は デパートの７階 です。（食堂在百货商店的７层。）\n（２）トイレ は ここです。（厕所在这儿。）\n（３）小野さん は 事務所 です。（小野女士在事务所。）',11),('5B408B1AB0A89FC3','4F6E7BE0063BF862','～末','“名词+の+末”“动词（た形）+末”表示在经历某个过程之后，最终取得某种结果或取得成功。“工夫の末”意思是“工夫した結果（想尽办法后的结果）”，多于“ようやく”“やっと”等副词一起使用，这时强调“经过多方反复思考、想尽各种办法后的结果”。也可以前接小句，使用“～た末（に）+谓语”“～た末の+名词”的形式表示最终结果。\n\n拓展：\n（１）～たあげく（に）\n结果，最后。表示该状态持续了相当长的一段时间之后有了最终的结果。前后项无因果关系，一般用于消极事情。\n例：苦労したあげく、結局失敗した。\n　　一時間も道に迷ったあげく、やっと目的地に着いた。\n\n（２）～た結果\n结果。前后项有因果关系，且强调前项动作时后项结果的直接原因，多用于书面语。\n例：確かめた結果、小包が届いていないことが分かった。\n　　辞書を調べた結果、間違えて覚えていたことが分かった。','△さまざまな工夫の末、「発泡スチロール」が採用された。\n△何度も失敗した末、ようやく開発に成功した。\n（历经多次失败后，终于开发成功了。）\n△長い話し合いの末に、やっと皆の意見がまとまった。\n（经过长时间协商，大家终于达成了一致意见。）\n△これはみんなで話し合った末の結論です。\n（这是大家讨论后得出的结论。）\n\n',407),('5D439CF2B921ED3E','FB672945F910447F','……へは与……は','助词“は”有表示主题、添加对比意义等功能（初级第1课，第5课，第6课）。助词“が”“を”后续助词“は”时，需要去掉“が”“を”变成“は”。助词“へ”后续“は”时，“へ”可以省略也可以不省略，而助词“に”“で”“と”“から”“より”等后续“は”时，成为“には”“では”“とは”“からは”“よりは”等形式。\n','△上海へは、お仕事でいらっしゃったんですか。\n（您到上海是来工作的吗？）\n「が」+「は」=は\n△この駅の駅弁はおいしいです。\n（这个车站卖的盒饭很好吃。）\n「を」+「は」=は\n△お酒は飲みません。\n（酒我是不喝的。）\n「へ」+「は」=は/へは\n△京都は（へは）行きませんでした。\n（京都我没有去。）\n「と」+「は」=とは\n△李さんとはどこで待ち合わせましたか。\n（你和小李是在哪里碰头的？）\n「から」+「は」=からは\n△外からは中にだれがいるのか分かりません。\n（里面有什么人，从外面无法知道。）\n',475),('5D9C353118846C07','A709A010A089416D','【表达及词语讲解】去熟人家做客','在住宅状况不太好的日本，一般认为请客人到一个拥挤、脏乱的家里是不礼貌的事情。因此，要邀请客人来，就应当把家里收拾得像个样子。这样，邀请客人对主人来说往往会形成很大的心理负担。日本人的这种心态，同中国人不十分关注房间的状况而更多地去考虑把客人请到家里建立或增强友谊的心理形成鲜明的对比。\n\n另外，招待客人的方式中日两国也有所不同。在日本，招待客人时时刻在考虑客人在想什么，自己怎么做才能使客人满意。比如续茶时要等客人的杯子空了，向客人征询“您还需要再加一点吗？”而得到肯定的回答后才斟加。这一点，也同中国主人一再热情地给客人满茶的做法不大一样。\n\n此外，日本人家一般都要在门厅里脱了鞋再进屋子，这种习惯自古以来就有。\n','',226),('5E378A918A9F7409','FB672945F910447F','【课程讲解】こんな「指示上下文内容①」','“こんな”是指示代词“このような”的比较随便的说法。通常指示词多用于指示前述词语或内容，而本课中指示“～あります”后面的句子内容。和“こんな”一样，指示后述内容时，使用“この”“これらの”等以“こ”开头的指示词。\n','△そこで、こんななぞなぞがあります。「日本で一番高い駅はどこでしょう。」\n（于是，有这样一则谜语：“日本最高的车站在哪里？”）\n△これは秘密だけど、大川さんは昨日会社を休んでコンサートへ行ったらしいです。\n（这件事不要告诉别人，大川好像昨天请假去听音乐会了。）\n\n',335),('5E4C20DD9CB12A0D','58D08E4B784D012F','动ています','“动词て形+います”除了可以表示动作正在进行和动作的结果、状态，还可以和表示反复或习惯性的动作。在表示习惯性动作时可以用动词“ます形”来代替\n','北京行きの飛行機は一時間に一便飛んでいます。（飞往北京的飞机每小时飞一架。）[反复]\n私は毎日散歩しています/散歩します。（我每天散步。）[习惯]\n',154),('5E765DF8133A83CA','5491BB05E6440231','てもらいます','森さんは李さんに北京を案内してもらいました。(森请小李带他游览了北京。)\n句型：名１は 名２に 动てもらいます。\n\n上一例句中，名词１：请求的一方(森さん)，名２：被请求的一方(李さん)。\n\n係の人に切符を交換してもらいました。／请工作人员帮我换了票。\n\n林さん、もう少し待ってもらいたいのですか。／林先生,想请你稍微等一下。\n','',168),('5E875F9E726601F3','15D73C404D384B32','小句 ( 动词简体形 / 形容词 / 形容动词 + な ) + のが＋見えます / 聞こえます','','◆空港の入り口に 警 ( けい ) 官 ( かん ) が立っているのが見えます。\n◆－隣の部屋で子供たちが 騒 ( さわ ) いでいるのが聞こえますか。\n　－はい、聞こえます。\n◆彼が車に乗ったが見えました 。\n',231),('5F6DDA01C8484B17','AEA5C5F658F23202','名１ とか　 名２ とか／小句１ とか 小句２ とか','用于列举同样性质的例子。\n','パーティーで、戴さんとか楊さんとか、いろいろな人に会いました。（联欢会上，碰到了小戴，小杨等许多人。）\nコートとか靴とか、たくさん買いました。（买了外套 ，鞋等好多东西。）\n',239),('5FA4A3CA986D0756','58D08E4B784D012F','动词ます形 「ながら」:一边....一边....','表示同一个主体同时进行两个动作,其中后面的动作是主要动作。接续方式为动词的ます形(动词ます 去掉 ます的形式 )\n','李さんはテレビを見ながら、食事をしています(小李一边看电视,一边吃饭--\"吃饭\"是主要动作)\nそのことを考えながら歩いていました(一边考虑着那件事,一边走着--\"走\"是主要动作)\n',152),('5FAE3120A77D601F','FB672945F910447F','【课程讲解】～とは','“～とは”是“～というのは”的省略形式。用于提出某个名称，并就其进行说明或询问。\n△JRとは、Japan Railwaysの略です。\n（JR这个名称是Japan Railways的简称。）\n△宮保蝦仁というのは、エビとピーナッツと唐辛子を炒めた料理です。\n（宫保虾仁是用虾仁、花生米和辣椒炒出来的一道菜。）\n\n“～とは”还有下定义的用法，表现形式为“～とは～のことです”。\n△おせち料理とは、正月に食べるお祝いの料理のことです。\n（所谓“”，就是过年时吃的庆贺新年的饭菜。）\n\n拓展：\n～というものは／～ということは\n与“～とは”说法类似的有“～というものは”“～ということは”。“～というものは”前接事物名词，用于说明该事物的本质特性。“～ということは”前接行为动词，用于说明该行为的本质或性质特征。\n△人間というのものは1人で生きていくことはできません。\n（人是不能一个人独立生存下去的生物。）\n△幸運というものはいつ訪れるか分かりません。\n（幸运这种东西何时到来是不可预知的。）\n△子供を育てるということは、とても楽しいことです。\n（养育孩子是一件非常愉快的事情。）\n△1人で生活するということは、大変なことです。\n（一个人独自生活是很艰难的事情。）\n\n此外，还有前接小句的用法，根据发生的事件推测该事件发生的原因或归纳出符合逻辑的结果。\n△彼が怒ったということは、きっとひどいことを言われたのでしょう。\n（他发火了，大概是因为有人对他说了非常过分的话吧。）\n△車に5人しか乗れないということは、だれかがバスで行かなければならないということです。\n（车上只能乘坐5人，也就是说必须有人乘公交车去。）','',325),('606D6D1791E7077D','E1FB3F6BAD791828','一类形　かったり　一类形　かったりです / 二类形　だったり　二类形　だったりです /  名　だったり　名　だったりです','用于表示状态或状况有多种可能时，其构成方式是将一类形容词、二类形容词和名词的过去简体形的“～かった”“～だった”中的“た”变成“たり”。\n一类形容词、二类形容词出现的状态一般是反义。如“暑い――寒い”“高い――低い”“静か――にぎやか”。\n','（１）行機の　チケットは　高かったり　安かったりです。（飞机票有时贵，有时便宜。）\n（２）マンションの　部屋は　広かったり　狭かったりです。（公寓的房间有大有小。）\n（３）この　公園は　時間によって　静かだったり　にぎやかだったりです。（根据时间，这个公园有时寂静，有时热闹。）\n（４）日本語の　先生は　中国人だったり　日本人だったりです。（日语老师既有中国人，也有日本人。）\n',132),('60E0A4584C85526D','4A0DAFF88D198F32','ご都合','“都合”的意思是“情况”“状况”。谈及对方的情况而非自己的情况时，前接前缀“ご”表示尊敬，成为“ご都合”的形式。\n△山田さんのご都合はいかがですか。\n（山田先生您方便吗？）\n提出疑问时用“ご都合はいかがですか”“ご都合はどうですか”。回答时用“都合がいいです”“都合が悪いです”。','△月曜日はちょっと都合が悪いです、火曜日なら都合がいいんですが。\n（星期一不太方便，星期二的话倒是方便的。）',499),('61AAEC76518EF436','4E8011325C560697','名は名です','相当于汉语的“～是～”。“～は”是主语部分。“～です”是谓语部分。助词“は”用于提示主题，读做“わ”。','李さんは　中国人です。（小李是中国人。）',0),('63816DD81BDCBDE9','C9CCCC54B256FC63','动て　ください','请求某人做某事时使用“动词て形＋ください”。\n','（１）ここに　住所と　名前を　書いて　ください。（请在这里填写住址和姓名。）\n（２）この　荷物を　航空便で　送って　ください。（请用航空方式寄这件包裹。）\n',79),('63A1835150D81D1F','5491BB05E6440231','名１は名２に名３[物]をくれます','名词2 指说话人或者说话人一方。「くれる」是指物品由外->内的“给”。\n','馬さんは私に地図をくれました。／小马给了我一张地图。\n\n小野さん、この本を私にくれますか。／小野，这本书是给我的吗？\n\n昨日、馬さんが妹に旅行のお土産をくれました。／昨天，小马把旅行时买的礼物给了我妹妹。',165),('64E1EBFC2C569476','785A27B8EF8FDE03','动词的命令形','命令形是说话人对听话人下命令时使用的表达形式。其构成形式如下：\n\n一类动词：把基本形的最后一个音变成相应的“え”段上的音。\n\n二类动词：把基本形的“る”变成“ろ”。\n\n三类动词：把“来る”变成“来い”，把“する”变成“しろ”。\n','●電気を消せ。（关灯！）\n\n●書類を早く　提出しろ。（快交文件！）\n',170),('656EEA2BDB2E1381','E3046E0A69D0574A','名１[人]　は　名２[人]　に　名３[物]　を　あげます。','“あげます”相当于汉语的“给”，通常在物品以“第一人称→第二人称→第二人称”或“第三人称→第三人称”的形式移动时使用。物品用助词“を”表示，接受者用助词“に”表示。\n','（１）わたしは　小野さんに　お土産　を　あげます。（我送给小野女士礼物。）\n（２）小野さんは　森さん　に　チョコレート　を　あげました。（小野女士给了森先生巧克力。）\n（３）另外、当第三人称的其中之一是说话人的亲戚时，按说话人的立场处理。\n（４）弟は　小野さんに　花を　あげました。（弟弟送花给小野女士。）\n（５）母は　長島さんに　ワインを　あげました。（母亲送葡萄酒给长岛先生。）\n',39),('65968FEB319A6E70','39A948AC1B316420','試験は　いつ　始まりますか。','いつ+动词+ますか\n询问某动作或事态进行的时间用“いつ”，询问的时间很具体时，在表示时间的词语后面加“に”如“何時に”“何曜日に”“何日に”，另外在句尾还要加上“か”，变成“ますか”的形式。\n\n附注：\n询问持续性动作或事态的起点或终点时，用“いつから”“何曜日まで”等。\n例句：\n展覧会は　いつから　はじまりますか。（展览会什么时候开始？）\n張さんは　何曜日まで　休みますか。（小张休息到星期几？）——火曜日までです。（休息到星期二。）','仕事は　何時に　終わりますか。（工作几点结束？）',25),('66373D207DFCBB5B','15D73C404D384B32','动词 のに ( 基准、用途 )','这个语法点和上面的一样，只不过名词用 に，动词要用其原形 + のに。\n','◆この写真はパスポートを申請するのに使います。（这张照片申请护照时用。）\n◆このフライパンは 卵焼 きを作るのに使います。（这个平底锅是煎鸡蛋用的。）\n◆このマンションは買い物するのに便利です。（这个公寓出去购物非常方便。）\n',229),('668756B1DCBED580','1D586D9D1E519F51','书面语的特点①（条目式文体）','本课中列举了4项写电子邮件的注意事项，每项都编有序号，并加了小标题，然后分别说明。这是因为，与其将电子邮件的写法纯粹用文章形式书写，不如按照内容，分小标题逐条写出来更能使读者一目了然。小标题既可以动词结尾，也可以名词结尾，标题应尽量简洁。\n\n','',396),('66B90785CB83C6A7','960EA683383B3BA6','その後','表示“以后”“后来”“其后”等意思，一般只用于句首，不能用于句中。多用于书面语。\n','△その後、デジタル技術の開発が進むとともに、高画質のいきいきとした映像が生み出されるようになった。\n（之后，随着数码技术的发展，栩栩如生的高画质影像诞生了。）\n△まず、テレビアニメが人気を呼び、その後、映画も作られた。\n（首先是电视动画片聚集了人气，之后，又被拍成了电影。）\n\n',426),('66C574BA38DE9048','4A0DAFF88D198F32','これまで','“これまで”也“今まで”意思相同（中级第3课会话），但“今まで”可以表示非常临近现在的极其短暂的过去，如1秒钟之前，而“これまで”只用于较大时间范围的过去。△これまで（＝今まで）この制度を利用するのは、ほとんどが女性でした。\n（以往利用这项制度的基本上都是女性。）\n','△今まで晴れていたのに、急に雨が降り出しました。\n（刚刚还是晴天，却突然下起雨来了。）\n×これまで晴れていたのに、急に雨が降り出しました。\n△映画が始まる直前だったので、今までトイレの前に行列ができていました。\n（由于电影就要开演了，刚才厕所前面出现了排队现象。）\n×映画が始まる直前だったので、これまでトイレの前に行列ができていました。',369),('670D1D009ED61399','E1550D35E9A6DAE3','动られます','动词的被动形式也可作为尊他语的一种。\n','周先生は明日日本へ行かれます。\n今朝何時に起きられましたか。\n部長は毎朝公園を散歩されるそうです。',308),('678900A55E1EAF3A','30F01CB5EF64C793','名　を　ください','买东西或者在餐厅点菜时，用“～を　ください”的形式。此形式既可以用于花钱购物，也可以用于不花钱的索取。\n','（１）コーラと　ケーキを　ください。（请给我可乐和蛋糕。）\n（２）申込書を　ください。（请给我一张申请书。）\n（３）この本を　ください。（我买这本书。）',37),('68E3FAC317E6F648','6FC489150655EA99','一方','“一方”用于句首，表明所述内容与前述内容是对立或对比关系。\n','△第1位は多民族国家のアメリカで、その数は160万を超えています。一方、最も少ないのが韓国で300程度しかありません。\n（居第1位的是多民族国家美国，其数量超过160万。另一方面，姓氏最少的是韩国，仅有300个左右。）\n△A社の業績はとてもいいです。一方、B社の業績はあまりよくありません。\n（A公司的业绩非常好，而B公司的业绩就不是很好了。）',359),('695776163D55C891','78AFF46B36DCBBC1','动 てみます　尝试做某事','','太田さんは中国語で手紙を書いてみました。\nおいしそうですね、食べてみます。\nそれはおかしい、もう一度調べてみてください。\n',213),('69679A4EEAF0E2A8','BE4E9B361FCEDE05','【课程讲解】～よりも','表示比较对象的助词“より” 经常后续助词“も” 。“よりも”意义和“より”相同，但比较的语气更加强烈一些。△日本人は、握手よりもお辞儀をするのが一般的です。\n（相比握手而言，日本人鞠躬更为普遍。）△日本人は、握手よりお辞儀をするのが一般的です。\n（日本人鞠躬比握手更普遍。）△わたしはズボンよりもスカートのほうが好きです。\n（相比裤子而言，我更喜欢穿裙子。）\n“より”还有表示起点的用法，如“会議は３時より始めます（会议3点开始）”这种用法不能后续“も”。\n','',337),('696C4B27FF5C0771','7D78B3CD7A1777FC','一类型　なります','第14课我们学习了动词的“て”形（第14课语法解释1），本课学习动词的“ない”形。“ない”形的变换方式如下：\n一类动词：把“ます形”去掉“ます”后的最后一个音变成相应的“あ段”音，后加“ない”。如果最后音为“い”时，把“い”变成“わ”后加“ない”。（注意：此时不能将“い”变为“あ”。）\n二类动词：把“ます形”的“ます”去掉后加“ない”。\n三类动词：把“きます”变成“こない”，把“します”变成“しない”。','',110),('69B44E795A71E730','117F3F00E08406AC','疑问词+も+动（否定）','表示全面否定。\n','教室に　だれも　いません。（教室里谁也没有。）\n冷蔵庫に　なにも　ありません。（冰箱里什么也没有。）',20),('69CCC66136E9126B','3809055A61E5137B','一类形 + 名','一类形容词可直接修饰名词。\n\n注意：形容词和名词之间不能加“の”。“×おいしい　の　料理”\n','（１）広い　国（幅员辽阔的国家）      \n（２）青い　海（蓝色的大海）\n（３）おいしい　料理（可口的饭菜）          \n（４）白い　紙（白纸）\n',47),('6AC565769BDE6B39','E3046E0A69D0574A','もう','表示完了。意思基本相当于汉语的“已经”。\n','（１）昼ごはんを　食べましたか。（你吃过午饭了吗？）\n――　ええ、　もう　食べました。（是的，我已经吃过了。）\n',43),('6B2348CAE5BB7188','AA201FD964F99EE4','“～のだ”与“～のだろう”','表示理由或说明的“～のです”“～んです”（初级第24课，中级第6课会话）的简体是“～のだ”。含有说明背景或叙述已定事实的意思。还用于文章或演讲中将到此为止叙述的内容换一种说法总结、陈述的情况。\n','△「スーパー銭湯」は忙しい人たちのちょっとしたいやしの場になっているのだ。\n△彼の考えは間違っていたのだ。\n（他的想法原来是错误的。）\n△これは必ずやらなければならないことなのだ。\n（这是必须要做的事情。）\n另外，“～のだろう”是“～のだ”的推测形式。在表示理由时，尤其是在书面语中，不用“～のだ”直接断定，而往往使用“～のだろう”这种委婉的推测表达方式。\n△広いお風呂でたっぷりのお湯につかったりすることによって、リラックスできるのだろう。\n△大勢の人が集まっているところを見ると、かなり大きい事故なのだろう。\n（从聚集了那么多人来看，大概是很大的事故吧。）\n△祖母はほとんどでかけない。年寄りが1人で出かけるのは、やはり不安なのだろう。\n（祖母几乎不出门，或许是由于老年人独自外出毕竟会感到不安吧。）\n\n',420),('6B91AA6245FACADB','B3FF2B9DDC740413','动　たばかりです','动作或事情刚刚结束，与“动 たところです”用法基本相同。\n\n注意：“～たばかりです”可以表示动作行为结束后经过了较长时间的事态，\n　　　“～たところです”一般用于表示动作行为结束后经过的时间极短的事态。\n\n','◆このモノレールは去年開通したばかりです。（这条单轨铁路是去年刚开通的。)\n◆私は先月中国に着たばかりです。（我上个月刚来中国。)\n◆この本は昨日読んだばかりです。（这本书我昨天刚看完。)\n',257),('6BCB5583C227992C','07FF15161F8834D0','ございます／ 名 でございます','“あります”的更为礼貌的说法是“ございます”。“～です”的更为礼貌的说法是“～でございます”。\n','◆　すみません、この近くにコンビニがありますか。（请问，这附近有便利店吗？）\n　　——はい、ございます。ホテルの前の道を右に行かれますと、左にございます。（有。沿着宾馆前面的路向右走，便利店在左边。）\n◆　社長、１つお伺いしたいことがございます。（经理，我有一个问题向您请教一下。）\n◆　はい、ＪＣ企画上海事務所でございます。（喂，您好。这里是JC策划公司上海事务所。）\n◆　あのう、お客様、おつりでございます。（对不起，这是找您的钱。）',319),('6C4C3B14CD5DF628','BE4E9B361FCEDE05','【课程讲解】～から～まで','“～から～まで”表示时间或场所的范围。意思是“从～到～”。在日语中，表示事物的范围也可以使用“～から～まで”。在本课中，修饰“もの=（お辞儀）”的成分有“首を曲げるだけの軽い”“深く頭を下げる”等，句子结构比较复杂，需要特别注意。','△お辞儀の角度には、首を曲げるだけの軽いものから深く頭を下げるものまで、いろいろあります。\n（鞠躬的幅度从简单的点头致意到深深弯腰低头的深鞠躬，不一而足。）\n△この映画は、子供から大人まで人気があります。\n（这部电影大人小孩都爱看。）△この工場では、ゴムの製造から加工まで行っています。\n（这个工厂从橡胶的制造到加工都在做。）\n',338),('6C4F473C1EB69F66','AF2518D6F15596F5','名词谓语形式的简体形','','今日は　曇りだ。（今天是阴天。）\n\n明日は　水曜日だね？（明天是星期三吧。）\n――水曜日じゃ　ないよ、木曜日だよ。（不是星期三，是星期四。）\n\n昨日、スキー場は　雪だった？（昨天滑雪场下雪了吗？）\n――ううん、雪じゃ　なかったよ。いい　天気だった。（没有下雪啊，天天气挺好的。）',129),('6D4192E378A710BA','C9CCCC54B256FC63','动てから　动[相继发生]','表述两个以上的动作依照时间顺序相继发生时，也可以使用“动词て形＋から＋动词”的表达形式。其语义和“动词て形＋动词”基本相同，但“てから”不能在一个句子中反复使用两次以上。\n','（１）李さんは　毎晩　ラジオを　聞いてから　寝ます。（小李每晚听了收音机后睡觉。）\n（２）昼ご飯を　食べてから、出かけます。（吃了午饭后出门。）\n（３）家へ　帰ってから、もう　一度　日本語の　勉強を　します。（回家后，再学一遍日语。）\n',78),('6D5AB5BDE432EF54','5C0F074931E212CC','动[た形]　ことがあります','表示过去的经历。大致相当于汉语的“曾经～过”。通常用于至少半年以前发生的事情，而在叙述“昨天”等离现在很近的以前的经历时，不能使用用本句型。本句型既可用于叙述经历的时间，次数，也可只用于谈及某种经历。其否定形式是“动词た形+ことがありません”。强调完全没有某种经历时，有时候可以加“一度も”。疑问的表达形式是“动词た形+ことがありますか”。疑问句一般只问有无某种经历。回答时，可以重复问句中的部分词语，也可以只说“はい、あります”“いいえ、ありません”。而不能说“ はい、ことがあります”“ ことがありません”。\n','（１）私はすき焼きを食べたことがあります。（我吃过日式牛肉火锅。）\n（２）北京へ行ったことがありますか。（你去过北京吗？）\n——いいえ、一度も行ったことがありません。（没有，一次也没有去过。）\n——いいえ、ありません。（不，没有。）\n',121),('6D7B539944918A19','DDC1F89951E9D2BE','【表达及词语讲解】 こちらこそ','第１课学习了当对方说“どうぞよろしくお願いします（请多关照）”时，应该紧跟着回应“こちらこそ”的说法。\n应用课文中，太田向森道歉说“すみませんでした”之后，森回答说“いえ、こちらこそ”。这里的“いえ”是针对对方的道歉而说的，表示“不值得道歉”。“こちらこそ”后面省略了“すみませんでした”，是就自己事先没有联系好就贸然前去拜访表示歉意。\n\n\n','◆ 〔路上擦身而过碰着了肩〕\n　あっ、すみません。（哎呀，对不起。）\n　——いえ、こちらこそ。（哪里，是我不好。）\n\n',281),('6DD6569CB3B16348','83F54A28D2A512CD','名[时间]に　名[次数]+动','表示在一定时间内进行若干次动作时，使用这个句型。\n','（１）李さんは　一週間に　二回　プールへ　行きます。（小李一周去游泳池游泳两次。）\n（２）この　花は　二年に　一度　咲きます。（这种花每两年开一次。）\n',72),('6E5D221B3BF41EF4','DDC1F89951E9D2BE','【表达及词语讲解】 目覚ましをかけます','“目覚まし”是“目覚まし時計（闹钟）”的省略说法。设定时间一般说“目覚ましをかけます（上闹钟）”。也可以说“目覚ましをセットします（上闹钟）”“アラームをセットします（上闹钟）”。\n','',278),('6F4A312D20B7E6AD','E3046E0A69D0574A','よ　[提醒]','助词“よ”用于提醒对方注意其不知道、不了解的事情，读升调。根据使用场景的不同，分别表示告知、提醒、轻微的警告等。\n','（１）すみません、　李さんは　いますか。（请问，小李在吗？）\n――　もう　帰りましたよ。（已经回去了。） [告知]\n（２）わたしは　毎日　アイスクリームを　食べます。（我每天都在吃冰淇淋。）\n――　太りますよ。（那你要发胖的。） [提醒、轻微的警告]\n',42),('6F6A2C859CFC91C0','8377D9FF6994BEB2','だれですか　なんですか','不知道是什么人时用“だれ”，不知道是什么事物时用“なん”询问，分别相当于“谁”和“什么”。句尾后续助词“か”，一般读升调。\n\n注意：\n汉语里，句子中有“谁”“什么”时，句尾不用“吗”，但在日语里，句子中即便有“だれ”“何”，句尾仍然要用“か”。\n\n参考：\n“だれ”的比较礼貌的说法是“どなた”。“だれ”通常用于对方与自己地位相当或比自己地位低时。对尊长或比自己地位高的人用“どなた”询问。\n（３） スミスさんは　どなたですか。（史密斯先生是哪一位？）','（１） それは　なんですか。（那是什么？）\n（２） あの人は　だれ ですか。（那个人是谁？）',6),('706278D3E2DD51A5','E85C84498A29908F','小句动词简体形かもしれません','表示有可能发生某，其可能性一般为百分之五十左右。动词小句和一类形容词小句用简体后续“かもしれません”。二类形容词小句和名词小句则把简体形的“だ”换成“かもしれません”即可。\n\n注意：与“～でしょう”相比“かもしれません”表示的概率较低。\n\n','（１）森さんは今日会社を休むかもしれません。/森先生今天也许不来公司上班了。\n（２）あの2人は仲がいいですね。/那两个人关系很好呀。\n—あの2人は結婚するかもしれません。/也许他们会结婚吧。\n（３）クレジットカードを落としたかもしれません。/也许我把信用卡弄丢了。\n（４）来週は暇かもしれません。/下星期也许有空。\n（５）明日は雪かもしれません。/明天也许下雪。\n',150),('70E21F6F90AF64EE','AF2518D6F15596F5','二类形容词谓语形式的简体形','现在将来形式的肯定疑问句用去掉简体形中的“だ”的形式（名词也一样）。','この　ネクタイ、派手？（这条领带花哨吗？）\n――ううん、全然　派手じゃないわ。（不，一点都不花哨。）\n\n森さんの　アパート、静か？（森先生居住的公寓安静吗？）\n――うん、静かだよ。（嗯，很安静。）\n',128),('710C483DD6B26A66','960EA683383B3BA6','～という','“～という～”表示引用，但是以的“～ということだ”形式用于句尾时，则与“～そうだ”相同表示传闻。在文章中，有时以“～という”的形式用于句尾表示传闻（中级第4课会话）。\n\n','△日本に来た外国人は、電車などでサラリーマンが夢中になって漫画を読んでいる光景を見て、驚くという。\n△レポートの締め切りは来週の月曜日だということです。\n（据说报告的截止日期是下周一。）\n△海外に留学を希望する学生が増えているという。\n（听说希望到海外留学的学生在不断增加。）\n\n',422),('7136EBBF38AE7DAC','A65B80B2369DA693','【表达及词语讲解】～てきました','*接续：接在非意志性动词的第二连用形后。\n*意义：表示某种状态的开始或出现。\n\n','①眠くなってきました。（想睡觉了。）\n②雪が降ってきました。（下雪了。）\n③コーヒーが出てきました。（咖啡煮好了。）\n④人が入ってきました。（有人进来了。）\n\n',298),('72BBA0CDDAE781D4','76BA20FE199B0157','～ほか、～も','“小句（简体形式）＋ほか”和“名词＋の＋ほか”都表示“除～之外”的意思。在补充说明时，还可以用“～のほか、～も”的表达方式。\n','△材料は木や竹、プラスチックのほか、玉や金属のものもある。\n（所用材料除木头、竹子、塑料外，还有玉和金属等。）\n△週末はランニングをするほか、美術館にも行きます。\n（周末除了跑步以外，还去美术馆。）\n△この店には緑茶、ウーロン茶のほか、紅茶もあります。\n（这家店除了绿茶、乌龙茶外，还有红茶。）\n△この地域では、金属やガラスのほか、発泡スチールやビニールも不燃ごみとして出します。\n（这个地区，除了金属跟玻璃，泡沫苯乙烯及塑料薄膜也要按非燃烧垃圾来扔。）',390),('72E0DD26C4562257','01FDFF2EE6CDEAF8','【表达及词语讲解】まあ','表示不十分理想，但还能过得去的程度，用于调控自己或对方的不满情绪。\n','▲報告書ができました。これでいいですか。（报告写好了，这样行吗？）\n▲時間もないから、まあ、いいでしょう。（没有时间修改了，恩，就这样吧。）\n',184),('730E6E593A676CB0','AEA5C5F658F23202','「ば」型：','表示假定条件，分为动词的「ば」型和形容词「ば」型；\n变化规则：\n\n五段动词 (１类动词）：把基本型的最后一个音变成相应的「え」段上的音，再加上「ば」；\n一段动词（２类动词）：把基本型的「る」变成「れば」；\nカ变／サ变动词（３类动词）：把「くる」→「くれば」；「する」→「すれば」。\n\n类型 　　　　基本形 　　　　ば 形\n五段动词（１类动词）\n書く　　　　かく 　　　　　 かけば\n急ぐ 　　　いそぐ 　　　　いそげば\n飛ぶ 　　　とぶ 　　　　　とべば\n読む 　　　よむ　　　　　よめば\n死ぬ 　　　しぬ 　　　　　しねば\n待つ 　　　まつ 　　　　　まてば\n売る 　　　うる 　　　　　うれば\n買う 　　　かう　　　　　 かえば\n話す　　　はなす　　　　はなせば\n\n一段动词（２类动词）\n食べる 　　たべる　　　たべれば\n見る 　　　みる 　　　　みれば\n寝る 　　　ねる　　　　 ねれば\n\nカ 变 / サ 变动词（３类动词)\n来る　　　くる 　　　 くれば\nする 　　　する　　　 すれば\n\n形容词也有 ば 形，它的变化规则是：将形容词尾的 い 变为 ければ；\nない——なければ\n楽しい——楽しければ\n','',235),('7446C710B543A15C','5491BB05E6440231','【房地产相关用语】','アパート：公寓\nマンション：（高级）公寓\n建売り（たてうり）：建房出售\n一戸建て（いっこだて）：独栋楼房\n賃貸（ちんたい）：出租（房） 　\n新築（しんちく）：新建房屋\n築～年（ちく～ねん）：建后～年　\n畳（たたみ）：量词，用以说明日式房间面积\nＬＤＫ：带起居室、餐厅和厨房的居室\n１Ｋ：带厨房的1居室　\nユニットバス：整体浴室　\n家賃（やちん）：房租\n敷金（しききん）：押金 　\n礼金（れいきん）：酬谢金\n管理費（かんりひ）：管理费','',169),('752EF044FFE4FB0F','8A6C251024771D43','～のだろうか','“～のだろうか”用于描述说话人感到疑惑的心情。与“～だろうか”表示单纯的疑问相比，“～のだろうか”是说话人基于上下文的信息或某种状况得出的疑问。\n','△海外旅行に来る東洋人は中国、韓国、日本の順になっているのだろうか。\n（出国旅行来这里的东方游客数量是中国、韩国、日本这样排序的呀。）\n△明日は晴れるのだろうか？[报纸上说是晴天，但看天空的样子觉得很难说等，基于某种状况的疑问]\n（明天会是晴天吗？）\n△明日は晴れるだろうか？[不知道会不会是晴天，单纯的疑问]\n（明天会不会是晴天啊？）\n\n',411),('75B12B7F0666DCCF','4A0DAFF88D198F32','さらに','在第1课学过表示单纯并列关系的连词“また”（中级第1课课文）。而连词“さらに”具有在前述内容基础上并列地补充新内容的功能，相当于汉语的“而且”“加之”等。“また”则没有这种功能。\n','△日本の企業の89％が、週休2日制を実施しています。さらに、フレックスタイム制度を導入する会社も増えています。\n（89%的日本企业实施了双休日制度。而且，执行弹性工作时间制度的公司也在增加。）\n\n△この国では農業が盛んです。さらに、工業も発展しています。\n（这个国家农业很兴盛，而且工业也很发达。）\n',366),('76C51C1405637F7B','01FDFF2EE6CDEAF8','动词意志形+と思っています','向听话人表达已经意志了一段时间的事。\n\n注：动词意志形+と思います和动词意志形+と思っています的区别在于：\n\n①.动词意志形+と思っています是表示已经在脑子里想了一段时间的事了。\n动词意志形+と思います是表达当场的意志。\n②.动词意志形+と思っています有未完成的语感。\n\n','①.明日、病院ヘ行こうと思っています。（我明天想去医院）\n\n②.今度、長江下りをしようと思っています。（我想下次坐船游览长江两岸的风光）\n',180),('774C31059CAEBA94','07FF15161F8834D0','自谦语','自谦语是通过压低说话人自身或说话人一方的形式表示敬意的表达方式。如果别人谈到自己的家人或自己公司的上级时，也使用自谦语。\n','',314),('79229E804903DA55','A65B80B2369DA693','动／形＋ば 动／形＋ほど +小句','表示：某性质的程度与其相关的动作，性质成正比关系。\n','◆商品は安ければ安いほど売れるんでしょう？（商品越便宜越好卖吧？）\n◆住めば住むほど上海のよさが分かりますよ。（越住越能体会到上海的好。）\n◆結婚式のスピーチは、短ければ短いほどいいと言われていますね。（大家都说结婚典礼上的致辞越短越好。）\n\n',296),('796BAD3B2CEAF4FA','89C37579C153161E','“投げ返す”与“聞き間違える”[复合动词①]','“投げ返す（扔回去）”“聞き間違える（听错）”是分别由“投げる+返す”“聞く+間違える”结合而成的新动词，称为复合动词。其中，“投げる”和“返す”，“聞く”和“間違える”分别表示具体的动作。“間違える”和其他动词结合也可以构成复合动词，如“書き間違える（写错）”“言い間違える（说错）”等。只用一个动词不足以充分表达意思时，可以使用各种各样的复合动词来表达更为复杂、丰富的意思。\n','△「投げる」だと解釈して、ごみを投げ返して怒られたという話がある。\n（有这么一个故事，误以为是“”，就将垃圾扔回给对方，令对方很生气。）\n△「保管して」と聞き間違えて、要らないものを大切に保管してしまったという話もある。\n（还有一个故事，被误听成“”，于是将不要的东西小心地保管起来了。）\n',437),('797D9CB8252C353A','76BA20FE199B0157','“和”与“洋”','日语中，有的词用“和～”表示“日本式の（日本式的）”“日本風の（日式风格的）”，用“洋～”表示“西洋式の（西式的）”“欧米式の（欧美式的）”“西洋風（西式风格的）”，如“和食”“洋食”等。此外还有“和室（日式房间）→洋室（西式房间）”“和服（和服、日式服装）→洋服（西式服装）”“和菓子（日式糕点）→洋菓子（西式糕点）”“和式（日式）→洋式（西式）”“和風（日式风格）→洋風（西式风格）”等用法。\n\n','',387),('79A6BFF944D860E7','C8F844267ECA4F3A','名 は 名 ですか、名 ですか','答案有多种可能，而询问其中的一种时，可以重复使用谓语“～ですか”。因为这里询问的是哪一种，不能用“はい”或“いいえ”来回答。','（１）かばん売り場 は1階ですか、2階ですか。（卖包的柜台在1层还是2层？）\n（２）今日は 水曜日ですか、木曜日ですか。（今天是星期三还是星期四？）\n（３）林さんは　韓国人ですか、日本人ですか、中国人ですか。\n――日本人 です。（林先生是韩国人？日本人？还是中国人？——是日本人。）',14),('79A7E54274531363','5F8595DC86B89AFB','小句１ と小句２“～と”','用于表示恒常状态，真理，反复性状态，习惯等；\n\nこのボタンを押すと、電源が入ります。（按下这个按钮，电源就接通了）恒常状态。\n食べ物を食べないと、人間が生きることができません。（不吃食物，人就没法活）真理。\n私はその店へいくと、いつもコーヒーを飲みます。（我去那个店的时候，总要喝咖啡） 反复的状态。\n\n另外，“～と”还可以表示由于某种行为而发现了新的情况。\nこの道をまっすぐ行くと、デパートがあります。（沿着这条路走，有一家百货商店。）\nカーテンを開けると、美しい山が見えました。（打开窗帘。就看见了美丽的山。）\n\n注意：用“～と”的复句，“小句2”不能是自己的意志，愿望或向听话人提要求，劝诱等内容。\n√　夜になると、電気が付きます。\n×　夜になると、食事に行きましょう。\n','夜になると、電気が付きます。',189),('7B3488B7A327FF71','39A948AC1B316420','今　～時　～分です。','表示现在的时间。译为：现在～点～分。\n\n附注：\n「30分」（さんじゅっぷん）可以用「半」（はん）来替代。因此上句中的「八時　三十分です。」＝「八時半です。」另外，在我们平时说时间时，一般都说“现在是早上8点”，日语中也一样，日语中的「午前」（ごぜん）表示“早上”，「午後」（ごご）表示“下午”。','今　何時　ですか。/现在几点？\n八時　三十分です。/8点30分。',21),('7B3F581A1B15A73D','BE4E9B361FCEDE05','いらっしゃいました','对来宾要用尊敬的表达方式。“来ます”的尊敬表达方式有“いらっしゃいます”“来られます”等（初级第47课）。但一般来说，“いらっしゃいます”比“来られます”尊敬的程度更高，所以多使用“いらっしゃいます”。\n','△JC企画の李さんがいらっしゃいました。\n（JC策划公司的李小姐来了。）\n\n',484),('7B55EC5F9EDBBB5C','4A0DAFF88D198F32','思ったより','“より”含有比较意思，表示超出了作为基准事物的量或范围。动词“思った”后续“より”，表示超出预想的水平或范围，还可以使用“思っていたより”的形式。除“思う”外，“より”还可以前接“予想”“想像”等词。前接动词时，动词需要变为“た形”或“～ていた”的形式；前接名词时则直接使用“名词＋より”的形式。类似的表达方式有“～以上に”（中级第2课叙述），但“～以上に”比“～より”更正式，表示比较的程度也更强一些。此外，“思ったより”常常作为一个固定表 达方式来使用。','△思ったより大変な仕事になりそうなんです。\n（这项工作似乎比预想的要困难。）\n△北京は思ったより暖かいですね。\n（北京比我想象的要暖和嘛！）\n△試験は、思っていたより難しくありませんでしたよ。\n（考试并没有想象的那么难。）△今月の給料は予想よりすくなくて、がっかりしました。\n（这个月的工资比预想的要少，很失望。）△アフリカ旅行は思った以上に楽しかったです。\n（非洲旅行远比预想的要好玩多了。）△上海の変化は想像以上にはやいですね。\n（上海的变化比想象的快多了啊。）',502),('7B8A92476C596490','AEA5C5F658F23202','【表达及词语讲解】買っちゃった','基本课文Ｄ中的“ちゃった”是第３３课学过的“～てしまった”的口语形式，其语义与“てしまった”基本相同，但令人不愉快的语气比“～てしまった”弱。\n','▲ 見ちゃった。今、こっそりつまみ食いしたでしょう。（看见了。（你）刚才偷吃零食了吧？）\n▲ あっ、財布を忘れちゃった。（啊！忘带钱包了。）\n',241),('7BCA6EFF1D6C4817','78AFF46B36DCBBC1','动　ておきます　','为做某种准备而有意识地进行的动作。为了某种目的而将动作的结果或效果留存下来。\nお客さんが来る前に、部屋を掃除しておきます。\n明日は忙しいです、今夜はゆっくり休んでおいてください。\n訪問する前に、一度電話しておきます。\n','－－帰りの切符を買っておきますか\n－－いいえ、買っておかなくてもいいです。\n',212),('7C08FA5A0CCC4F3A','785A27B8EF8FDE03','动词基本形+ な　表示[禁止]','用于禁止听话人做某事。\n','●ここに車を止めるな。（ 不要在这儿停车！）\n　　\n●タバコを吸うな。（不要吸烟！）\n',172),('7CF2FA123A5CE61C','C2824ED5B5E81097','名1の　中で　名2が　いちばん　一类形/二类形です','在某个范围内，表示“名词2”最具有形容词的性质时使用这个句型。“名词1”为表示“名词2”所属范围的名词。\n\n参考：\n如“名词1”表示场所或时间，则后面不加“の中”，而使用“名词1[场所/时间]で　いちばん　一类形/二类形　名2は　名3です”的句型。\n（１）日本で　いちばん　高い　山は　富士山です。（日本最高的山是富士山。）\n（２）一年で　いちばん　寒い　月は　2月です。（一年当中最冷的月份是2月份。）\n注意：\n日语中的“いちばん”虽然相当于汉语“最”的意思，但两者用法不同。汉语的“最”可以用于不明确指出比较对象或范围的情况，日语的“いちばん”只能用于“～の　中で”“～で”等明确指出比较对象或范围的情况。\n','（１）スポーツ　の　中で　サッカー　が　いちばん　おもしろいです。（在各种体育活动中，足球最有意思。）\n（２）日本料理　の　中で　寿司　が　いちばん　おいしいです。（日式饭菜中，寿司最好吃。）\n',67),('7CF9EFF66E5A92EF','32F0252F6526B44D','【表达及词语讲解】お手伝い「动词转换为名词]','お手伝い是动词お手伝います的“ます”去掉形。再接表示尊敬的“お”构成的名词。\n','',283),('7D9230159D761367','FB672945F910447F','【课程讲解】大～','“大”加在某些词的前面，表示巨大、优越、排位靠前、程度高等意思。需要注意的是，根据后续词不同，它的读法有“たい”“だい”“おお”三种。\n①读作“だい”时，后续词一般为两个字的汉语词，如“大事件”“大地震”“大成功”等。\n②读作“たい”时，“大”一般已经成为了词语的一部分，不能分离，如“大変”“大切”等。\n③读作”おお”时，后续词一般为日语固有的词，如“大金持ち”“大雨”“大汗”等。\n但是，还必须注意，不是所有的名词前都可以加“大”，如“大感謝”在日语中是不说的，因此不能滥用。另外，只有“大規模”是二类形容词，常用“大規模な”的形式修饰名词，但一般不用“大規模だ”的形式结句。\n','△大都市（だいとし）には大きな私鉄がたくさんあります。\n（大城市有很多大型民营铁路。）\n△さっき社長から、今回の企画案がいいとほめられて、大感激（だいかんげき）です。\n（刚才总经理表扬这次的策划方案做得很好，我非常激动。）\n△中国では大規模（だいきぼ）な都市開発計画が進んでいる。\n（在中国，大规模的城市发展计划正在推进当中。）',329),('7E3B6EE2FB155AB9','E85C84498A29908F','小句动词简体形+の+を动','动词小句加“の”的名词化形式还可以做宾语。\n\n注意：这种名词化形式做宾语时“の”和“こと”可以互换。\n\n（１）李さんは部長に報告するの（＝こと）を忘れました。\n\n如果句尾的动词是“知らせます”（告诉）“伝えます”（转告）“話します”（说）等表示语言行为的动词时，要用“こと”而不能用“の”。\n\n（１）李さんは森さんガ休むことを伝えました。/小李转告了森先生请假的事情。\n\n句尾的动词是“見ます（看）”“聞きます（听）”等表示感知的动词或“手伝います（帮忙）”“やめます（停止）”“防ぎます（防御）”等表示直接作用于动象的动词时，则要使用“の”而不能用“こと”。\n\n（１）李さんは森さんガ車から降りるのを見ました。/小李看见森先生从车上下来了。\n\n','（１）手紙を出す　のを忘れました。/我忘了寄信。\n（２）森さんガ　発言する　のを聞きました。/听了森先生的发言。\n（３）林さんは　掃除する　のをやめました。/林先生不做扫除了。\n（４）李さんは　小野さんガ料理を作るのを手伝います。/小李帮小野女士做菜。\n',148),('7F511C85457C7725','117F3F00E08406AC','名　と　名 【并列】','助词“と”加在两个名词之间表示并列，意思相当于汉语的“和”。','時計　と　眼鏡（表和眼镜）\nビール　と　ウイスキー（啤酒和威士忌）\n居間に　テレビ　と　ビデオが　あります。（起居室里有电视机和录象机。）',17),('808EEC7CAA45613A','15D73C404D384B32','【表达及词语讲解】ほんと＝本当。','ほんと是口语形式。\n','',232),('80D49F2C922DB33E','6092F629D9151082','动[基本形]　前に、～～～','表示一个动作在另一个动作之前发生时，使用这个句型。\n','（１）こちらへ来る前に電話をかけてください。（来之前请打个电话。）\n（２）毎日寝る前にシャワーを浴びます。（每天睡觉前淋浴。）\n这个句型也可以以“名词+の+前に”的形式使用。\n（１）会議の前に資料をコピーします。（开会之前复印资料。）\n',117),('8179E558828B243D','960EA683383B3BA6','～とともに、～','“Aとともに、B”有两种用法。用法①：A是原因，随着A的动作、变化，B的动作、变化也同步进行。用法②：A与B同时进行。接续形式为“动词（基本形）／名词+とともに”。\n','△その後、デジタル技術の開発が進むとともに、高画質のいきいきとした映像が生み出されるようになった。[用法①]\n△経済の発展とともに、公害が問題になっている。[用法①]\n（随着经济的发展，公害成为了问题。）\n△原因を調査するとともに、再発を防ぐための努力もしなければならない。[用法②]\n（在调查原因的同时，必须努力防止再次发生。）\n',427),('81F90988BC933FC0','78AFF46B36DCBBC1','他动 てあります','表示有意进行的动作结果的存续状态。这个句型不涉及动作的主体只涉及动作的对象。\n','壁にカレンダーが掛けてあります。\n窓が開けてあります。\nパスポートはバッグの中に入れてあります。\n壁に私がカレンダーを掛けました。\n壁にカレンダーが掛けてあります。',211),('837B93E28015CF55','8377D9FF6994BEB2','どれ/どの　名','“どれ”“どの”是在三个以上的事物中，不能确定是哪一个时所用的疑问词。单独使用时，用“どれ”，修饰名词时用“どの”。','（１） 森さんの　かばんは　どれ　ですか。（森先生的包是哪个？）\n（２） 長島さんの　傘は　どれ　ですか。　（长岛先生的伞是哪一把？）\n（３） 小野さんの　机は　どの　机　ですか。　（小野女士的桌子是哪一张？）',9),('83D30904F4C6208F','C832E4B02E7050D3','名【场所】から 动','使用移动动词时，移动的起点用助词“から”表示。这里的“から”和第五课学过的表示时间起点的“から”是同一助词。','（１）李さんは　先月　北京　から　来ました。（小李上个月从北京来。）\n（２）あの方は　どこ　から　来ましたか。（那个人是从哪儿来的？）',28),('83E034512E1E6050','E85C84498A29908F','小句动词简体形でしょう「推测」','表示说话人对自已和听话人都不能断定的事情进行推测，常与“たぶん”呼应使用。动词小句和一类形容词小句用简体形后续“でしょう”，二类形容词小句和名词则把简体形的“だ”换成“でしょう”就可以了。“でしょう”的简体形是“～だろう”。\n','（１）明日の朝は大雨になるでしょう。/明天早晨会下大雨吧。\n（２）森さんは知らないでしょう。/森先生不知道吧。\n（３）この本の値段はわかりませんガ，たぶん高いでしょう。/我不知道这本书的价格，大概很贵吧。\n（４）桜の季節ですから，京都はたぶんにぎやかでしょう。/现在正是观赏樱花的季节，京都大概很热闹吧。\n（５）今年はたぶん豊作だろう。/今年大概是个丰收个吧。\n（６）これはたぶんだれかの忘れ物だろう。/这大概是谁忘记的东西吧。\n（７）会議はもう終わっただろう。/会议已经结束了吧。\n',149),('83E23950D3C91759','76BA20FE199B0157','やや','“やや”意思是“略微”“一点儿”。用于书面语，口语中不使用。\n','△韓国のはしは中国より少し短く、やや平らな形をしている。\n（韩国的筷子比中国的要短一些，形状略显扁平。）\n△こちらのジーンズのほうがややスマートに見えるようだ。\n（穿这条牛仔裤看起来更苗条一点。）\n\n',391),('83F34CFBFFF06F7D','4A0DAFF88D198F32','～ところ','这里“ところ”不表示场所，意思是“在那种情况下”。表示给对方添麻烦或向对方提出勉为其难的请求时对对方状况的体谅。本课中的意思是“您一定很忙，在这样的情况下请您过来，非常抱歉”。“ところ”还用于“お休みのところ（您休息的时候）”“お疲れのところ（您很劳累的时候）”等。另外，还可以后续“を”用“ところを”的形式。但是需要注意的是，这样的表达方式并不适合于所有的动词，除了这里介绍的作为寒暄语使用的情形外，其他场合基本上不用。','△お忙しいところ、すみません。\n（百忙之中打扰您，不好意思。）\n△[给休假中的上司打电话]お休みのところ、申し訳ありません。\n（在您休假当中打扰您，十分抱歉。）△[对正帮助自己做工作的同事]お疲れのところを、手伝ってもらって、すみません。\n（你很累了还来帮我，真不好意思。）',500),('840DBE5758499047','69D7BDD8AB305DA1','～のうち','“～のうち”相当于汉语“在～～当中”，用于从两个以上的要素中选出一个，如“ABCのうち，Bは～”。有时也用于组织或团体等名词，如“日本の国立大学のうち、～（在日本的国立大学中，～～）”。\n','△さらに、和語、漢語、外来語のうち、二つ以上を組み合わせてできた言葉を混種語と呼ぶ。\n（此外，由和语词、汉语词、外来词中两种以上复合而成的词叫做混合词。）\n△航空便で送ったグラスのうち、半分が割れていた。\n（航空邮寄去的玻璃杯，半数都打破了。）\n△参加者のうち、賞品がもらえるのは三位までだ。\n（参加者当中，能够获得奖品的是前三名。）',381),('8444D3E6D3542057','6092F629D9151082','名[人]　は　动[基本形]　ことができます','“动词基本形+ことができます”表示能力。在回答别人的询问时，肯定的情况下可以单用“できます”，否定的情况下可以单用“できません”。\n','（１）スミスさんはピアノを弾くことができます。（史密斯先生会弹钢琴。）\n（２）森さんは中華料理を作ることができますか。（森先生会做中国菜吗？）\n————はい、できます。（是的，会做。）\n',115),('84B02C83E79E11DC','4F6E7BE0063BF862','すると','表示紧接着前项事件发生了某事。常用于在观察某事物时发现意外事情的场合。这种情况下，一般句末用过去形式“～た”。\n','△インスタントラーメンを試食してもらった。すると、相手は紙コップを使い、インスタントラーメンをフォークで食べ始めた。\n（请大家品尝方便面。于是，对方就用纸杯代替大碗，用叉子吃了起来。）\n△段ボール箱のふたを開けた。すると、中からネズミが飛び出してきた。\n（我一打开纸箱盖，从里面跳出一只老鼠。）\n△鞄からたべものを出した。すると、一匹の猿が近寄ってきた。\n（刚从包里掏出食物，就有一只猴子凑了过来。）\n\n',402),('84D813313254AF7A','3D1CD54A1EF98BF5','名は(名に)动（ら）れます','表示被动时，动作对象做主语，而动作主体用助词“に”表示。\n','■ 部長は李さんをほめました。(部长表杨小李了)\n■ 李さんは部長にほめられました。(小李受到了部长的表杨)\n■ 森さんは小野さんに食事に誘われました。(森先生被小野邀请去吃饭了)\n■ 李さんは部長にほめられませんでした。(小李没有被部长表杨)\n',264),('85AB10D57DB12C20','C2824ED5B5E81097','名1は　名2ほど　一类形く　ないです/二类形では　ありません','比较“名词1”和“名词2”，“名词1”比“名词2”更不具有形容词的性质时使用这个句型。句尾必须使用否定形式。\n','（１）東京の　冬は　北京の　冬　ほど　寒く　ないです。（东京的冬天没有北京的冬天那么冷。）\n（２）神戸は　大阪　ほど　にぎやか　では　ありません。（神户没有大阪那么繁华。）\n（３）わたしの　部屋は　王さんの　部屋　ほど　きれい　では　ありません。（我的房间没有小王的房间那么整洁。）\n',66),('873089768115BE5C','4A0DAFF88D198F32','私にですか','交谈时，在互相都清楚谈话内容的情况下，可以用“～です”的形式代替动词（初级第5课，初级第8课）。本课中，“わたしに話したいのですか”的画线部分被省略，变成了“わたしにですか”。','△わたしに（話したいの）ですか。\n（和我<谈话>吗？）\n△どこへ行くんですか。（去哪儿？）\n——東京（へ行くの）です。（<去>东京。）\n△トラックの免許はいつ取りましたか。（你是什么时候取得卡车驾照的？）\n——去年の5月ごろ（に取ったの）です。（是去年的5月份左右<取得的>。）',498),('8776672FB42447B5','670557250FD3D1A3','小句（基本形/ない形） ようになります','表示能力，状态，习惯等变成了某种状态。\n接续：非意志性动词的基本形／ない形；意志性动词的可能形式的基本形／ない形\n','けがが治って、歩けるようになりました。（伤已经痊愈，能够走路了。）\n平仮名を間違えないようになりました。（已经不会搞错平假名了。）\n',246),('8791E74FD1D0476C','C9CCCC54B256FC63','「补充知识」～てくださいませんか','「てくださいませんか」是动词连用形接「て」后接「くださいませんか」。是表示请示的礼貌表达方式，一般用于对长辈、上级、客人的请求。相当于汉语的“请……”的意思。\n','（１）ちょっと待ってくださいませんか。（请稍微等一下。）\n（２）速達で出してくださいませんか。（请寄快件。）\n（３）明日もう一度来てくださいませんか。（请明天再来一趟。）\n',84),('8808918C95074541','69D7BDD8AB305DA1','～ような～／～ように～','“名词+の+ような～”“二类形容词+な+ような～”“小句（简体形式）+ような～”都表示“像（是）～的～”“类似～的～”等意思（初级第46课）。有时表示具体内容，如“人が死ぬような事故（死人的事故）”，有时则举出一个具体事例，如“昨年発生したような事故（类似去年发生过的那样的事故）”。另外，后续谓语成分时使用“～のように”的形式。\n','△たいていの人は、畳の上に布団を敷いて寝るような部屋を想像する。\n△この子供がいたような絵は一億円もするらしい。\n（这个孩子画的画，听说值一亿日元呢！）\n△東京のような大都市では、家賃が高くて大変だ。\n（在像东京这样的大城市，房租贵得令人受不了。）\n△東京のようにたくさんの人が住む都会に行きたい。\n（想去像东京那样人口众多的城市。）\n△将来は、アナウンサーのようにテレビに出る仕事はつきたいと思っています。\n（将来我想从事像电视播音员那样的工作。）\n△鳥が飛ぶように空を飛んでみたい。\n（好想如鸟儿飞翔那样在天空中自由翱翔。）\n\n',384),('8858C4292A15848B','69D7BDD8AB305DA1','～を～と呼ぶ','“AをBという”表示用别的名称B来命名A，这是为读者或听话人说明陌生词语的表达方式。书面语中使用“～を～と呼ぶ”的形式。\n','△さらに、和語、漢語、外来語のうち、二つ以上を組み合わせてできた言葉を混種語と呼ぶ。\n△土曜日と日曜日など、一週間に２日休日があることを週休２日制と呼ぶ。\n（星期六和星期日等，一周休息两天的制度叫做“每周双休制”。）',382),('8867318AD8D0B11A','AEEAE34F1DB019D5','二类型/名 にします','和本课“语法解释2”的情况相同，这个句型表示因主语的意志性的动作，作用等而引起事物发生变化。\n\n参考：\n在餐馆里回答服务员的点餐询问时，可以使用“～に　します”这一形式。例如：“カレーにします（我要咖喱饭）”“コーヒーにします（我要咖啡）”。这是把自己决定的事情告诉对方的一种表达方式。\n（１）日本でいちばん高い山は富士山です。（日本最高的山是富士山。）\n（２）一年でいちばん寒い月は2月です。（一年当中最冷的月份是2月份。）','（１）部屋をきれいにしてください。（请把房间打扫干净。）\n（２）会議室を禁煙にします。（会议室里禁烟。）\n',107),('887E04DC4A05F4E7','BE4E9B361FCEDE05','【课程讲解】怖い顔をして','“表情形容词+顔をする”是表示面部表情的表达方式。“顔をする”还可以和表示情感的动词一起使用，如“びっくりしたような顔をする（表现出吃惊的表情）”“あきれた顔をして（表现出惊愕的表情）”等。△いくら丁寧な言葉であいさつしても、怖い顔をしていては、相手にいい印象を与えることはできません。\n','△彼女は私を見ると、びっくりしたような顔をしました。\n（她一看到我，脸上现出吃惊的表情。）　\n\n',346),('88B2344BC8809604','39A948AC1B316420','七時に　起きます。','名词【时间】+に+动词\n表示动作发生的时间时，要在具体时间词语后面加上助词“に”，如“三時に”“九時に”。\n\n附注：\n叙述包含数字的时间时后续助词“に”，要说成“三月十四日に”“２００８年に”，但“今”、“昨日”、“今日”、“明日”、“每日”、“去年”、“来年”等词后不能加“に”。星期后一般加“に”，如“日曜日に”，但也可以不加。','学校は　八時半　に　始まります。（学校8点半开始上课。）',23),('88BBC1BD948C04BC','C9CCCC54B256FC63','动て　动[相继发生]','表述两个以上的动作依照时间顺序相继发生时，可以使用“动词て形+动词”的形式来表示。\n','（１）昨日　デパートへ　行って、買い物しました。（昨天去商场买东西了。）\n（２）家へ　帰って、宿題を　します。（回家，然后做作业。）\n（３）図書館へ　行って　本を　借りて、家へ　帰ります。（去图书馆借书，然后回家。）\n',77),('88E18998A46AB965','A65B80B2369DA693','动+てきました[出现]','除这外句型还有表示某种状态的开始或者出现，不过，只限于前面接动词的非意志型。\n','◆ずっと本を読んでいたので、目が疲れてきました。（一直在看书，眼睛累了。）\n◆お母さん、雨が降ってきたよ。（妈妈，下起雨来了。）\n\n',294),('894FE01DAD8C73C1','07FF15161F8834D0','【表达及词语讲解】何のお構いもしませんで[寒暄语 ⑨]','客人离开时，主人往往要说一些没能好好招待之类的话，这时候，常用的一句是“何のお構いもしませんで（招待不周）”，表示没能好好招待、非常抱歉的心情。\n\n同样的内容也可说成“何のお構いもできませんで（招待不周）”。\n','◆　〔客人（甲）要走时〕\n甲：そろそろ失礼いたします。どうもお邪魔いたしました。\n乙：何のお構いもしませんで。（我该告辞了。真是打搅了。——招待不周，请原谅。）\n◆　〔上周拜访过乙的甲再次见到乙时表示感谢〕\n甲：先日はいろいろとごちそうになりました。どうもありがとうございました。\n乙：いいえ、何のお構いもできませんで。（前几天承蒙款待，非常感谢。——哪里，招待不周，非常抱歉。）\n',322),('8A3D55B5C5D5A714','4EA5515B4B6DC3FC','～ており、～','前面学过以“ます形”去掉“ます”的形式连接句子的用法（中级第2课课文），但是如果动词是“～ています”的情况，则需要变为用“～ており”的形式再连接后面的句子。这种用法是“～ていて”的郑重说法，通常用于书面语。\n','△自分の意志で結婚しない人も増えており、「非婚率」も上がっている。\n（按照自己的意愿不结婚的人也在增加，而导致“非婚率”上升。）\n△自分では、この方法がいちばんいいと思っており、やり方を変えたくありません。\n（我自己认为这个方法是最好的，不想改变这种做法。）\n\n',444),('8BD6E836FD573927','75B3769B81DC332F','书面语的特点③[条目式文体]','条目式文体只需写出必要事项，如果是向对方传达信息的文体，有时也使用“～します”等敬体形式，但是学校或公共机关等的招贴公告，一般不用敬体而使用“～する”“～である”等简体形式。（本课讲解2）。\n','△面接は話す場であり、文を読む場ではない。\n（面试是发表意见的场所，而不是照本宣科的地方。）\n△会社の建物に入り、出るまでが採用試験である。\n（从踏入公司办公楼直到离开，都属于录用考试。）\n',447),('8BF583120F7ED2AC','58D08E4B784D012F','【词汇表达】けんかする（喧嘩する）　「名・自動３」　吵架，打架，争吵','惯用表现：\n喧嘩を売る　/　找茬儿打架；寻衅\n喧嘩を買う　/　接受挑衅而打架\n喧嘩に花が咲く　/　越吵越凶\n喧嘩は降り物　/　吵架是随时都会发生的\n喧嘩両成敗　/　打架的双方都要处罚\n','',164),('8BFC73370D37A666','15D73C404D384B32','名词 + ばかり：表示所列举的事物都是相同的 / 动词 + てばかり ：表示总是发生同样的事情或总是进行同样的动作','注意：「 ばかり」「だけ」 都是表示限定的，他们有什么区别呢？\n１.だけ 可以用来限定数字， ばかり 不能；用 ばかり 接数字在语法上没错 ，但是意义就变了，而不表示限定了。\n如：\n三つだけ食べました。／只吃了 3 个。\n三つばかり食べました。／另外吃了三个。\n\n２.だけ 可以与否定呼应，ばかり 不能\n３.だけ 只表示没有例外，ばかり 可以表示反复进行的动作。\n另外，ばかり 有不太理想的含义。\n','◆--- 何で野菜ばかり食べているんですか。\n　--- 今、ダイエット中なんです。\n◆林さんはカラオケで古い歌ばかり歌います。\n\n◆張さんは毎日お酒を飲んでばかりいます\n◆森さんはいつも失敗してばかりいます\n',230),('8C5AA5EE295254BA','4A0095AE1A34869A','动词小句+名　を/に/から　动词ます（动词小句修饰名词形成的短语,也可做主语以外的其它句子成分。）','注意：修饰名词的动词小句中的主语,要用「が」来提示。\n','（１）中国で買ったCDを友達に貸しました。（我把在中国买的CD借给朋友了。）\n（２）中国へ転勤した友達に手紙を書きます。（我给调到中国工作的朋友写信。）\n（３）私が知らない人から手紙が来ました。（一个不认识的人给我来了信。）',140),('8CC60B221E7DA765','189BFFD6A80BE4F8','決して～ない','副词“決して”与后面的否定表达方式搭配使用，是对否定的强调，意思是“绝对不是这样”“绝对不那样做”等。由于表示否定的判断，一般不用于观察事实。\n','△決してキツネの肉が入ったうどんではない。\n（绝对不是放了狐狸肉的乌冬面。）\n△彼は決してうそはつきません。\n（他绝对不会撒谎。）\n△だれにも決して分からない場所にお金を隠した。\n（将钱藏在了谁都不可能知道的地方。）\n\n',460),('8DED20D5B7E88409','75B3769B81DC332F','～こと','向对方吩咐必要的事情或者书写注意事项等，常在句尾使用“动词（基本形／ない形）+こと”的形式。这种表达方式一般用在书面语和正式文体的文章里，在条目式文体中也经常使用。没有“しますこと”这样的敬体形式。\n','△清潔感のある、きちんとした服装をすること。\n（要注意服装整洁而正式。）\n△風邪の予防のため、うがい、手洗いをすること。\n（为预防感冒，要漱口、洗手。）\n',449),('8E06B2B70059BF12','0C1BB8EF80985A87','日语的动词可分为自动词和他动词','最典型的他动词具有主语作用于宾语而使其发生变化的含义，其宾语用“を”表示。自动词是不带宾语的动词，表示不考虑外力影响的情况下，主语自主地进行动作，或自然地发生变化，其主语用“が”表示。另外，如下所示，日语的一部分自，他动词在词形上有对应关系。\n\n日语中在词形上有对应关系的一部分自、他动词，其自动词的词尾部分是“aru”[ある]，而他动词的词尾部分是“eru”[える]。(如：掛（か）かるー＞掛（か）ける)\n\n还有一部分其自动词的词尾部分是“eru”“ru”[える、る]他动词的词尾部分是“su”[す]　(消（き）えるー＞消（け）す)\n\n上面说的这两种情况是主要对应规则，还有一些对应关系不十分规则，(如：割（わ）れるー＞割（わ）る)\n\n为了更形象的表现自动词和他动词，亲们要仔细看下面的表格捏~^_^~\n\n','◆ 窓があきました。（窗子开了。）\n◆（李さんが）窓を開けました。（小李打开窗户了。）\n◆ タイムサービスが始まります。（时段廉价销售就要开始了。）\n◆（デパートが）タイムサービスを始めます。（百货公司开始时段廉价销售。）\n',203),('8EBB34017617467E','E1550D35E9A6DAE3','敬语','敬语用于对会话中涉及的人物或者听话人表示敬意。现代日语的敬语可粗略地分为以下三类：\n尊他语：用抬高会话中的人物或听话人一方的方式表示敬意。\n自谦语：用压低说话人自身或说话人一方的主式表示敬意。\n礼貌语：通过使用～です，～ます等礼貌的说法，表示对听话人的敬意。\n','',307),('8F6140B026900628','16B30FDBE23DBEC3','名を　动たいです','表达相当于汉语“想～”的意思时，使用“名词1は名词2を　～たいです”。“名词1”是愿望的主体，“名词2”表示希望进行动作的对象。“たい”前接动词“ます形”去掉“ます”的形式。使用“欲しいです”或“～たいです”的时候，如果是陈述句，则第一人称“わたし”是主语。如句子是疑问句则第二人称“あなた”是主语。这两种情况的主语都可以从句子的前后关系中判断出来，因此常常省略。\n\n注意：\n如“わたしはお茶が飲みたいです”所示，“たい”的对象有时不用“を”，而用“が”表示。但“欲しい”的对象只能用“が”来表示。\n水　を　飲みたいです。（我想喝水。）\n水　が　飲みたいです。（我想喝水。）\n水　が　欲しいです。（我想喝水。）\n\n参考：\n全面否定“名词＋を＋动词”时，使用“疑问词＋も＋动词否定形式”。全面否定“名词＋に/から/と＋动词”时，在这些助词后面加“も”成“疑问词＋にも/からも/とも＋动词否定形式”。全面否定“名词＋へ＋动词”时，既可以使用“疑问词＋も＋动词否定形式”，也可以使用“疑问词＋へも＋动词否定形式”。\nだれに会いたいですか。（你想见谁？）\n—だれにも会いたくないです。（谁也不想见。）\nどこへ行くたいですか。（你想去哪儿？）\n—どこへも行きたくないです。（哪儿也不想去。）','（わたしは）映画　を　見たいです。（我想看电影。）\n今日はお酒　を　飲みたくないです。（今天不想喝酒。）\n（あなたは）何　を　したいですか。（你想做什么？）\n—何　も　したくありません。（什么都不想做。）',99),('90A32D5ADA08FE5D','39A948AC1B316420','森さんは　七時に　起きます。','森さんは　先週　休みました。\n动词ます/动词ません\n动词ました/动词ませんでした\n肯定地叙述现在的习惯性动作，状态以及未来的动作，状态时，用“～ます”，其否定形是“～ません”。肯定地叙述过去的动作时“ます”要变成“ました”。其否定形式是“ませんでした”这四种都是礼貌的表达形式。\n\n此类句子的疑问句就是直接在句尾+「か」。\n例句：森さんは先週休みましたか。（森先生上周休息吗？）','（１）森さんは毎日働きます。（森先生每天工作。）\n（２）田中さんはあした休みます。（田中先生明天休息。）\n（３）田中さんは今日働きません。（田中先生今天不工作。）\n（４）森さんは明日やすみません。（森先生明天不休息。）\n（５）森さんは先週休みました。（森先生上周休息。）\n（６）私は昨日働きませんでした。（我昨天没上班。）\n',22),('9105A6D359A7DB6D','AF2518D6F15596F5','敬体形和简体形','在口语里，日语的谓语形式根据说话人和听话人之间的上下关系、亲疏关系的不同而不同。迄今为止学习的“～ます”“～です”是对长辈或关系不太亲密的人使用的形式。这种形式我们称做“敬体形”。与此相反，如对方是自己的同辈或是晚辈，或者关系较密切时则使用“简体形”。“简体形”是不使用“ます”“です”的形式。\n\n动词本身即具有“敬体形”和“简体形”，如以前学过的“～ます”“～ません”“～ました”“～ませんでした”等四种礼貌的表达形式即是“敬体形”，而以前所学的动词的“基本形”“ない形”“た形”都属于“简体形”。但一类形容词、二类形容词和名词本身没有“敬体形”和“简体形”之分，只有在做谓语时，其谓语形式才具有“敬体形”和“简体形”。以下“语法解释2～5”里我们将分别予以说明。\n\n','',125),('91368482F54458FD','555BA4813C2BE35E','【表达及词语讲解】ずっと（副詞）','第十二课学习了副词“ずっと”表示程度差异很大的意思，本课学习其表示在某一期限内动作、状态一直持续的用法，“連休中はずっと～”意思是“连休期间一直～”。\n','☆ 天気予報によると、連休中はずっと晴れだそうですよ。（天气预报说，连休期间一直是晴天。）\n☆ 佐藤さんは先月からずっと入院しています。（佐藤先生上个月起就一直在住院。）\n',199),('925A7769E7B33CB0','07FF15161F8834D0','动 ていただけますか　[请求　③]','“～ていただきます”用于请求对方为自己做某事时要变成“～ていただけますか”的形式。这里的“～ていただけます”是“～ていただきます”的可能形式。“～ていただけますか”的更礼貌的形式是“～ていただけませんか”。\n\n','◆　この服、ちょっと小さいので、取り替えていただけますか。（这件衣服小了点儿，能给我换一下吗？）\n◆　この服、ちょっと小さいので、取り替えていただけませんか。（这件衣服小了点儿，能给我换一下吗？）\n◆　教えていただけますか。（您能教我一下吗？）\n◆　教えていただけませんか。（您能教我一下吗？）',317),('92FE4B6AB1E4F631','623D73458E846EE7','【表达及词语讲解】絶対','“絶対”既可以修饰否定的内容，也可以修饰肯定的内容。应用课文中的“絶対来たい”里的“絶対”是用来修饰肯定的内容的。有时后面加“に”成“絶対に”，但意思不变。\n','◆　わたしは映画を見て、絶対来たいと思っていたんです。（我就是看了电影，才想一定来这儿看看的。）\n◆　森さん、約束の時間は７時です。絶対に遅れないでくださいね。（森先生，约好的时间是 7 点。请千万别迟到呀！）\n',254),('940B4D0348E71435','AEEAE34F1DB019D5','二类型/名　になります','和本课“语法解释1”的情况相同，用“二类形容词/名词+に　なります”的形式来表示性质或状态的变化。\n','（１）もう元気になりました。（已经恢复健康了。）\n（２）息子は医者になりました。（儿子当医生了。）\n（３）来年社会人になります。（明年将成为社会的一员。）\n',106),('940EB7ED2D28A253','53D9A724DD6F152C','【表达及词语讲解】試験に合格しました。','意思是“考试考中了”，这里的“に”表示“成功”或“失败”的对象。\n','',290),('94A91EAD611DC006','E1FB3F6BAD791828','动　たり　动　たりします','用于表示列举若干种有代表性的动作时。其构成方式是将动词“た形”中的“た”变为“たり”。\n','（１）小野さんは　休みの日、散歩したり　買い物に　行ったり　します。（周末或节假日，小野女士有时候去散步，有时候去买东西。）\n（２）吉田さんは　日曜日には　何を　しますか。（吉田先生，你星期天都做什么？）\n――家の　掃除を　したり　洗濯を　したり　します。（打扫打扫房间，洗洗衣服。）\n',131),('95022E3EBF5EDFA4','C832E4B02E7050D3','名【交通工具】　で　动','交通手段用助词“で”表示，不使用交通工具而步行时用“歩いて”。\n','（１）上海まで　飛行機で　行きます。（到上海坐飞机去。）\n（２）私は　バスで　家へ　帰ります。（我乘公共汽车回家。）\n（３）李さんは　歩いて　アパートへ　帰りました。（小李步行回到公寓。）\n（４）京都へ　何で　来ましたか。（你怎么来京都的？）',30),('9510373900040F32','6FC489150655EA99','場合','“場合”表示状况、情况或事态等意义，接在小句的最后，有连接前后句子内容的功能，接续形式为“名词＋の場合”“二类形容词＋な場合”“小句（简体形式）＋場合”。使用“～場合（は）”还可以表示假定条件，其意义与“～ば、～”（初级第37课）相同，是比较正式的表达方式。此外，“場合”还可以作为名词单独使用，如“場合によっては～”。','\n△中国語の「名字」は、多くの場合、姓と名の両方を指します。\n△ボタンを押しても切符が出ない場合、駅員を呼んでください。\n（如果按键后不出车票，请找车站工作人员。）\n△都合が悪い場合は知らせてください。\n（没时间的话，请告诉我。）\n△平日は7時に閉店しますが、場合によっては9時まで営業することもあります。\n（平时7点关门，有时也营业到9点。）\n\n',352),('9698DAE6E1783B8D','C2824ED5B5E81097','名1と　名2と　どちらが　一类形/二类形ですか','询问两种事物当中哪一种更具有形容词的性质时使用这个句型。“どちら”是二者选一时使用的疑问词。回答时使用“～の　ほうが…”。如果两者程度相当，则使用“どちらも　～です”。“どちら”在口语中有时说成“どっち”。\n','（１）日本語　と　英語　と　どちらが　難しいですか。（日语和英语，哪个难学？）\n―日本語　の　ほうが　難しいです。（日语难学。）\n（２）コーヒー　と　紅茶　と　どっちが　好きですか。（咖啡与红茶，更喜欢哪个？）\n―紅茶の　ほうが　好きです。（更喜欢红茶。）\n―どちらも　好きです。（哪个都喜欢。）\n询问的范围为两种事物时，无论是人是物还是时间，都可以使用“どちらが”。但询问的范围为三种以上的事物时，则不能使用“どちら”。\n',68),('96E818EEFDAC35E3','E1550D35E9A6DAE3','【表达及词语讲解】～てくださって','気にいってくださって（满意就好）课文中表示一种对总经理欣赏自己选定的事务所表示感谢的含义。它是てくれて的礼貌说法。\n\n注意：「～てくれます、～てくださいます」必须在得过别人的恩惠，从而想人感谢对方的场合下用，否则不自然。\n\n','',313),('975AE59260AA0409','AEA5C5F658F23202','【表达及词语讲解】条件表达方式小结','第31课学习了“～と”，第35课学习了“～たら”，本课学习了“～ば”和“～なら”。在此我们将这些表达方式归纳、比较如下：\n\n（１）“～たら”和“～ば”表示“如果”“要是”之类的假定条件时，多用“～たら”或“～ば”。“～たら”的使用条件没有限制，而“～ば”则不同。用“～ば”时，当前面的小句表示动作或变化时，后面的小句则不能是“～たいです”“てください”等表示意志、请求的形式。\n▲○ 雨が降ったら、窓を閉めてください。（要是下雨，请关窗户。）\n　Ⅹ 雨が降れば、窓を閉めてください。\n\n另外，当“～たら”后面的小句是过去形式时，表示发现了某种情况，但“～ば”没有这种用法。\n▲○ 窓を開けたら、富士山が見えました。（打开窗户，看到了富士山。 ）\n　Ⅹ 窓を開ければ、富士山が見えました。\n\n小句为二类形容词小句和名词小句时，把其简体形“～だ”换成“～なら”。\n▲ 明日晴れなら、わたしも行きます。（如果明天是晴天，我也去。）\n\n（２）～と。“と”用于前项一旦成立，后项就必然成为现实的复句里。在这种复句里使用“～たら”也不算错，但是不够自然。另外，“～と”的后面不能使用表示意志或请求的表达方式。\n\n○ スイッチを押すと、電気がつきます。（一按开关灯就亮了。）\n△ スイッチを押したら、電気がつきます。（按了开关，灯就亮了。）\n○ スイッチを押したら、すぐ部屋を出てください。（按了开关，请马上离开房间。）\nⅩ スイッチを押すと、すぐ部屋を出てください。\n\n此外，和“～たら”一样，“～と”也可以用于表示发现了某种情况，这时后面句子的句尾使用过去形式。\n○ 窓を開けると、富士山が見えました。（一打开窗户，就看到了富士山。）\n\n（３）～なら。“～なら”多用于以对方的某种意志或愿望为前提而提出某种建议。这种用法“～たら”“～ば”“～と”都不具备。\n\n▲ 新鮮な魚を買いたんですが。（我想买新鲜的鱼……）\n○ 魚を買うなら、駅前のスーパーがいいですよ。（买鱼的话，车站附近的超市很好。）\nⅩ 魚を買ったら、駅前のスーパーがいいですよ。\nⅩ 魚を買うと、駅前のスーパーがいいですよ。\nⅩ 魚を買えば、駅前のスーパーがいいですよ。\n\n不过如果前项不是交谈对方的意志或愿望，而只是其某种兴趣或嗜好时，则“～なら”和“～たら”可以通用。\n「看见朋友不吃蔬菜」\n○ 野菜が嫌いなら、食べなくてもいいですよ。（不喜欢吃蔬菜的话，不吃也可以。）\n○ 野菜が嫌いだったら、食べなくてもいいですよ。（如果不喜欢吃蔬菜，不吃也可以。）\nⅩ 野菜が嫌いだと、食べなくてもいいですよ。\n','',240),('976F9E8AC0E4FE50','5C0F074931E212CC','动[た形]　後で、～','表示一个动作在另一个动作之后发生时，使用这个句型。\n\n注意：第20课我们学过了“～前に”（第20课语法解释4），“～前”的后面必须是“に”，而“～後”的后面必须是“で”。“～前に”前面的动词形式必须是“基本形”，而“～後で”前面的动词形式必须是“た形”。\n','（１）会社が終わった後で、飲みに行きます。（公司下班后去喝酒。）\n（２）映画を見た後で、食事をしました。（看完电影后吃了饭。）\n这个句型也可以以“名词+の+後で”的形式使用。\n',122),('97866112EA3E4DF6','58D08E4B784D012F','【词汇表达】おおぜい（大勢）「名」　许多（人），众多（人），一群人','「大勢」只能用于形容人多，不用于形容其他事或物。\n','',157),('9852C29B357B4789','4A0DAFF88D198F32','～てきます','“动词て形+きます”表示某种变化或动作不断发展或处于某种状态。也可以使用“动词て形きました+”“动词て形+きています”的形式表示从过去一直持续到现在（初级第45课）。\n\n表示变化或动作一直在持续的表达方式还有“～ています”“～ていきます”。“～てきました”表示从过去到现在为止变化一直在持续，“～ていきます”表示从现在开始变化将会持续下去。“～ていきます”有时还用作“～てゆきます”。\n\n\n','△近年、週休2日制の導入や労働時間を減らす取り組みなどが実施され、サラリーマンの生活は変化してきました。[变化当中]\n△世界の人口は増え続けてきました。[变化当中]\n△この店は昔から食器を扱ってきています。[以前状态的持续]\n（这家店很久以来一直在经营餐具。）\n△頭が痛くなってきました。[变化开始]\n（头疼起来了。）\n\n△世界の人口は現在も増加しています。\n（世界人口今天仍在不断增长。）\n△世界の人口はこの50年間急激に増加してきました。\n（世界人口在这50年间急剧增长起来。）\n△世界の人口はこれからも増加してゆきます。\n（世界人口今后仍将继续增长。）',364),('986C02C614034C33','C2824ED5B5E81097','どの　名／いつ／どれ／だれ／何が　いちばん　一类形/二类形ですか','询问三个以上事物当中哪一个更具有形容词的性质时，根据所询问对象的不同，需区别使用几种疑问词；是人则使用“だれが”，是物则使用“どの　～が”“どれが”或者“何が”，是时间则使用“いつが”。\n','（１）この　中で　どの　料理　が　いちばん　おいしいですか。\n―この　料理　が　いちばん　おいしいです。\n（在这些菜当中，哪个菜最好吃？——这个菜最好吃。）\n（２）季節の　中で　いつ　が　いちばん　好きですか。\n―わたしは　春　が　いちばん　好きです。\n（四个季节当中，你最喜欢哪个？——我最喜欢春天。）\n\n被选择的事物已见于上下文或存在于眼前时，使用“どの　～が”或“どれが”，反之则使用“何が”。\n（１）リンゴ　と　ナシと　バナナの　中で　どれが　いちばん　すきですか。（苹果、梨和香蕉当中你最喜欢什么？）\n（２）果物の　中で　何が　いちばん　好きですか。（水果当中你最喜欢什么？）\n',69),('99AA39E3A11A4733','5F8595DC86B89AFB','动词（基本形／ない型）+ことがあります','有时会发生某种事态，往往与「たまに」「時々」等副词呼应使用。\n\nそのパソコンは　たまに フリーズする　ことがあります。（那台电脑偶尔会死机。）\n時々 寝坊する　ことがあります。（有时睡懒觉。）\nたまに　朝ごはんを食べない　ことがあります。（偶尔不吃早饭。）\n\n注：“～たことがあります” 曾经……\n　　“～～ことがあります” 有时……\n这是两个不一样的句型，大家不要弄混了奥～\n','',190),('9A80C056A2429BFB','75B3769B81DC332F','ごく一部','“ごく”具有强调后续词语的作用，表示“极其”“非常”等意思，经常用于表示范围小或数量少。如“ごく一部”“ごくわずか”“ごく少量”“ごく微量”等。“ごく”通常用于强调量小或量少，因此，尽管可以说“ごく少ない量”，但是不说“ごく多い”“ごく多量”。\n','△自分の希望する会社に就職できる人は、ごく一部しかいない。\n（能到自己心仪的公司工作的只是很少一部分人。）\n△彼が助かる可能性はごくわずかだと医者に言われた。\n（医生说能治好他的可能性非常小。）\n\n',452),('9B66E84041567C50','C832E4B02E7050D3','名【场所】　から　名【场所】　まで　动','表示移动的范围时，范围的起点用“から”，范围的终点用“まで”。\n','（１）森さんは　東京から　広島まで　新幹線で　行きます。（森先生从东京乘新干线去广岛。）\n（２）李さんは　駅から　アパートまで　歩いて　帰りました。（小李从车站走回公寓。）\n',31),('9C00EC2CE045CF53','BE4E9B361FCEDE05','こちらにお願いします','“お願いします”是请求别人帮忙做事时使用的礼貌用语。听话人很清楚请求的内容时，说话人可以省略表示具体动作的词语。\n\n本课中李秀丽来拜访大山，接下来的话题是希望把她请进来，而对此大山及其同事都很清楚，所以大山没有说“こちらに案内してください（请带到这里来）”，而是说“こちらにお願いします”。同样，佐藤使用“今回もよろしくお願いします（这次还请您多关照）”这种说法的前提也是双方都很清楚请求的内容，即希望协助做事、一起好好合作。这种说法也经常用于初次见面时的寒暄。在这种场合仅用“お願いします”则意思不够明确，要在前面加上“こちら（の方）に”或“よろしく”之类的话，以免产生误解。\n如上所述，“お願いします”可以与各种各样的词搭配，用来替代具体的动词。由于这是极其常用的表达方式，要特别注意不能把意思弄错了。\n','△[在咖啡厅]コーヒーをお願いします。（持ってきてください）\n（我要咖啡。<请送来>）\n△[指着文件]サインをお願いします。（書いてください）\n（请签名。<请写>）',485),('9C46A554E81DD5D6','81FE17AC5DBAE8EB','名 は　二类形 です/でした','二类形容词是不以“い”结尾的形容词。做谓语时要在后面加“です”。过去形式是“でした”。\n','（１）京都の　紅葉は　有名です。（京都的红叶很有名。）\n（２）この　通りは　静かです。（这条街很安静。）\n（３）この　町は　にぎやかでした。（这个城市从前很热闹。）\n',51),('9D93F4A55657589A','E1FB3F6BAD791828','小句+か','用于表示某种不确定的内容。\n\n一、小句+か　どうか\n将不包含疑问词的疑问句作为一个长句中的一部分时，将动词、一类形容词的敬体形变为简体形，并在其后面加“か　どうか”。\n（私は）　今年の夏、北京へ　行きますか。＋私は　分かりません。\n→私は　今年の夏、北京へ　行くか　どうか　分かりません。（我今年夏天去不去北京，还不知道。）\n（２）この　料理は　辛いですか。　＋　私は　知りません。\n→私は　この　料理が　辛いか　どうか　知りません。（我不知道这道菜辣不辣。）\n（３）小野さんに　仕事が　終わったか　どうか　聞いてください。（问一下小野女士，工作完了没有。）\n\n另外，也可以重复使用动词的“基本形”和“ない形”，表达的含义与上面的句子相同。\n（１）私は　今年の　夏、北京へ　行くか　行かないか　分かりません。（我今年夏天去不去北京，还不知道。）\n（２）私は　この　料理が　辛いか　辛くないか　知りません。（我不知道这道菜辣不辣。）\n\n如果“か　どうか”的前面为名词或二类形容词时，“～か　どうか”直接接在名词或二类形容词后面，其间不加“だ”。另外，“～か　どうか”小句中的主语后面必须用“が”，而不能用“は”。\n（１）金さんは　中国人ですか。＋私は　知りません。\n→私は　金さんが　中国人か　どうか　知りません。（我不知道金女士是不是中国人。）\n→私は　金さんが　中国人か　中国人ではないか　知りません。（我不知道金女士是不是中国人。）\n×私は　金さんが　中国人だ　か　どうか　知りません。\n\n二、疑问词小句+か\n将包含“何”“だれ”“どこ”等的疑问句，作为一个长句中的一部分使用时，需将疑问词小句的动词、一类形容词的敬体形变为简体形，再加“か”。\n（１）鍵が　どこに　あるか　教えてください。（请告诉我钥匙在哪儿。）\n（２）昨日　何を　食べたか　忘れました。（忘记昨天吃什么了。）\n（３）どの　料理が　辛いか　知りません。（不知道哪道菜辣。）\n与上面的“～か　どうか”相同，“か”前面出现名词或二类形容词时，“～か　どうか”直接接在名词或二类形容词后面，其间不加“だ”。\nこの　歌が　誰の　歌か　知っていますか。（你知道这是谁的歌吗？）','',133),('9E0832433310EF30','117F3F00E08406AC','あります和います','表示事物的存在时，最常用的谓语是あります和います。あります用于花、草、桌子等不具有意志的事物。います用于具有意志的人、动物或昆虫。使用あります和います的句型有以下两种。\n句型（１）表示存在，相当于汉语的“～有～”。\n句型（２）表示位置，相当于汉语的“～在～”。\n（１）名【场所】に　名【物/人】が　あります/ います。\n部屋に　机が　 あります。（房间里有桌子。）\nここに　本が 　あります。（这里有书。）\n庭に　何が　 ありますか。（院子里有什么？）\n部屋に　猫が 　います。（房间里有一只猫。）\n公園に　子供が 　います。（公园里有孩子。）\nあそこに　だれが 　いますか。（那里有谁？）\n\n（２）名【物/人】は　名【场所】に　あります/ います。\nいすは　部屋に　あります。（椅子在房间里。）\n本は　ここに　あります。（书在这儿。）\n図書館は　どこに　ありますか。（图书馆在哪儿？）\n吉田さんは　庭に　います。（吉田先生在院子里。）\n子供は　公園に　います。（孩子在公园。）\n犬は　どこに　いますか。（狗在哪儿？）\n\n第3课我们学习了“～は　どこですか。”的用法。这外句型也可以用“～は　どこに　ありますか　いますか。”来表示。　','小野さんの家は　どこですか。（小野女士的家在哪里？）\n小野さんの家は　どこに　ありますか。（小野女士的家在哪里？）\n林さんは　どこ　ですか。（林先生在哪里？）\n林さんは　どこに　いますか。（林先生在哪里？）',16),('9E09D50541D8351A','6F88B7984B6E72AA','～のです　/　んです','一、～のです　/　んです\n“～のです　/　んです”表示所讲的内容与前句或前项内容有关联。用于说明状况或解释原因，理由。“～のです”多用于书面语，而“～んです”是“～のです”的口语形式。“～のです　/　んです”前接简体形，但是名词和二类形容词的现在将来形的肯定形，“だ”要换成“な”。\n\n二、どうして　～のですか　/　んですか\n第11课学习了询问理由的“どうしてですか”。询问理由的更完整的形式是“どうして　～のですか　/　んですか”。回答此问题时也要用“～のです　/　んです”的形式。','一、\n（１）すみません、頭が　痛いんです。（对不起，我头疼。）\n（２）タバコは　やめたほうか　いいですよ。（烟还是戒了为好。）\n――　そうなんですが、やめる　ことが　できないんです（是啊，但就是戒不掉。）\n（３）すごい　人気ですね。\n――　ええ、あの　歌手は　日本では　とても　有名なんです。（他可真受欢迎啊，——是，那个歌手在日本非常有名。）\n（４）これ、京都の　お土産なんです。どうぞ。（这是京都的特产，请收下。）\n\n二、\n（１）どうして　食べないんですか。（为什么不吃？）\n――　もう　おなかが　いっぱいなんです。（已经吃饱了。）\n（２）昨日、どうして　休んだんですか（昨天为什么休息了？）\n――　頭が　痛かったんです。（我头疼了。）\n（３）どうして　遅刻したんですか。（为什么迟到了？）\n――　寝坊したんです。（睡懒觉了。）',136),('9E580307BA2A9709','83F54A28D2A512CD','名[数量]+で','用于不称重量而以数个的方式售物。\n不过，数量是1个时，不加“で”。\n\n【参考】　数词和量词\n日语中，数的数法有两种：一种是依据汉字的发音的数法，即“いち、に、さん、し、ご…”另一种是日本独特的说法，即“ひ、ふ、よ、いつ、む、なな、や、ここ、とお”。数词与量词的读法，由于组合不同有时候会发生变化。\n“～台”“～枚”“～番”等属于读法不会发生变化的类型。“～個”“～回”“～階”等与数字“１、６、８、１０”结合，数字读音会发生促音变。“～本”“～杯”“～匹”与数字“１、３、６、８、１０”结合，数字与量词的读音都会发生变化。\n\n※：“7人”也可以读作“しちにん”。\n※：上表只是1~10和几个常用量词的搭配表。','（１）この　ケーキは　三個で　五百円です。（这种蛋糕3个500日元。）\n（２）この　ケーキは　一個　二百円です。（这种蛋糕1个200日元。）\n',75),('9E691369CF860DB1','07FF15161F8834D0','【表达及词语讲解】おります／～ております','“います”的更谦和的说法是“おります”。相应的“～ています”的更为谦和的说法是“～ております”。\n','◆　午後はずっと社におりますが…。（下午我一直在公司。）\n◆　ご両親はどちらにいらっしゃいますか。\n　　——両親は名古屋におります。（您父母亲在什么地方？——我父母在名古屋。）\n◆　いつもお世話になっております。（承蒙多方关照。）\n◆　吉田課長にお会いしたいんですが。\n　　——申し訳ございません。吉田はただ今外出しております（我找吉田科长。——非常抱歉。吉田刚才出去了。）',324),('9EA6DB3D728EABE9','78AFF46B36DCBBC1','小句 ために 小句','表示目的，前后两个小句的主语相同；\n','運動をするために新しい靴を買いました\n林さんは駅へ行くためにバスに乗りました\n\n接名词前，用\"名词+のために\"的形式；\n留学のために、日本のを勉強しています\n健康のために、毎日歩いています\n',214),('9EA755FE8134681F','75B3769B81DC332F','少しでも','以“少しでも～”的形式修饰谓语。本课中，“少しでも早い時期”的意思是尽可能早的时间、越早越好。比较随便的说法有“ちょっとでも～”。“少しでも～ように”用于表示目的的小句中，“少しでも～しよう”“少しでも～してください”用于表示意愿、命令的句子中，但一般不用于表示单纯过去发生的事情。\n','△学生たちは、少しでも早い時期から就職活動の準備を始めて、希望の会社に就職できるよう努力している。\n（学生们总是尽可能早地开始准备求职活动，为能进入心仪的公司而努力。）\n△少しでもいい席が取れるように、会場の前には朝早くから多くの人が並んでいる。\n（我想向尽可能多的人呼吁和平。）\n\n',454),('9ED751F4965501F8','F3C87745CEF614B3','动ても　いいです','表示许可时，使用“动词て形＋いいです”。\n','（１）家で仕事をしてもいいです。（在家里工作也可以。）\n（２）ここで写真を撮ってもいいですか。（这儿可以拍照吗？）\n——いいですよ。（可以。）\n（３）家に帰ってもいいですか。（可以回家吗？）\n——はい、帰ってもいいです。（是的，可以回家。）\n\n答句中的“はい、帰ってもいいです”常常简略说成“はい、いいです”。表示说话人的许可时，使用“いいですよ”。在句尾加“よ”可以使语气变得柔和。这里的“よ”须读升调。\n注意：这种表达方式一般不用于尊长，因为那样显得很傲慢。\n\n',88),('9F36F18BFD613F5E','3D1CD54A1EF98BF5','名は名によって动（ら）れます','事物做主语的被动句，主体是特定的。\n','■ この車は日本の有名なデザインナーによって設計されました。（这款车是由日本著名设计师设计的)\n■ この本は山田先生によって書かれました。（这本书是由山田先生所著)\n\n\n',267),('9F4535F67889A8D1','BE4E9B361FCEDE05','【课程讲解】～ほうがいいでしょう','“动词た形＋ほうがいい”是想对方提出某种建议使用的表达方式。虽然也含有不做也行的语气，但是通常表示如果不那样做的话，就会导致不好的结果。其后使用“でしょう”则语气比“～たほうがいいです”要柔和，是委婉提出建议的说法。如“個人的な質問は避けたほうがいいでしょう（最好避开私人问题）”。','△特に仕事の場で会った相手には、個人的な質問は避けたほうがいいでしょう。\n△栄養があるものをたくさんたべたほうがいいでしょう。\n（最好多吃些有营养的东西。）',342),('9F7F68AF6B5BA89D','FB672945F910447F','自动词与他动词[复习]','本课中出现了“これ、落ちましたよ”这种说法，但在日语中，使用自动词“落ちます”的“これ、落ちましたよ”和使用他动词“落とします”的“これ、落としましたよ”两种表达方式（初级第18课，第33课）都是可以的。在日语中，句子陈述的焦点常常落在主语上，“これ、落ちましたよ”陈述的重点是掉落的东西，而“これ、落としましたよ”陈述的重点是掉落东西的人或掉落东西这一行为。像本课中这样的场景，将陈述重点放在“掉的东西”上面比放在“谁掉了（东西）”上面更加自然，所以一般使用自动词的形式。需要注意的是，对于像“自動ドアが閉まります（自动门关闭）”这种自然发生的事情，使用他动词“建物に入ると、自動ドアを閉めます”就显得很不自然。另外，在汉语中有像“闹钟叫醒了我”这种无生命物体充当主语的他动词句子，而在日语中，当存在相应的自他动词时，不能用无生命物体充当主语。因此，这句话应该说成“わたしは目覚まし時計で起きました。”。\n','',470),('9FFB87D5405F9E5B','81FE17AC5DBAE8EB','“でも”和“そして”','“でも”是表示转折关系的连词。一般只用于口语，而不用于正式的书面语。\n','（１）わたしの　部屋は　狭いです。でも、きれいです。（我的房间很小，但是很干净。）\n（２）わたしの　部屋は　狭いです。そして、汚いです。（我的房间很小，而且很脏。）\n',57),('A01F264E3A3B4408','DDC1F89951E9D2BE','小句１（动词 た 形／ない 形）まま小句２ / 名＋の＋まま小句','表示将理应改变的状态保持着去进行另外的动作。“まま”前为肯定形式时用“动词 た 形＋まま”，“まま”前为否定形式时用“动词 ない 形＋まま”。\n\n注意：“まま”前不能用敬体形。\n✕　テレビをつけましたまま、でかけてしまいました。\n\n','◆　テレビをつけたまま、出かけてしまいました。（开着电视就出门了。）\n◆　李さんはコートを着たまま、ベッドで寝てしまいました。（小李穿着外套就躺在床上睡了。）\n◆　馬さんは行き先を告げないまま、家を出てしまいました。（小马没有说去哪里就离开了家。）\n\n前接名词时，用“名词＋の＋まま”的形式\n◆　わたしたちは空腹のまま、出発しました。（我们空着肚子就出发了。）\n',274),('A0D323B9935FF1D9','4A0DAFF88D198F32','取り組み','“取り組み”是动词“取り組みます”去掉“ます”的形式，用作名词（初级第43课）。表示不是日常工作，而是初次尝试新的事物或采取跟以前不同的做法等。\n','△近年、週休2日制の導入や労働時間を減らす取り組みなどが実施され、サラリーマンの生活は変化してきました。\n（近年来，由于引进双休日制度、实施减少劳动时间等措施，工薪族的生活渐渐发生了变化。）\n△日本政府の環境問題への取り組みはまだ始まったばかりです。\n（日本政府对环境问题的措施才刚刚开始实施。）\n\n',363),('A128C765547F9681','39A948AC1B316420','九時から　六時まで　働きました。','名词【时间】から　+名词【时间】まで　+动词\n表示某动作发生在某个期间时，用“～から　～まで”。\n\n附注：\n“～から”和“～まで”也可以分别单独使用。\n例句：\nわたしは　九時から　働きます。（我从9点开始工作。）\n森さんは　二時まで　勉強します。（森先生学习到两点。）','森さんは　月曜日から　水曜日まで　休みました。（森先生星期一到星期三休息了。）\nわたしは　九時から　五時まで　働きます。（我9点到5点工作。）',24),('A1A5AAD3CB5696B0','81FE17AC5DBAE8EB','名　でした','名词做谓语时的过去形式是“名词+でした”。其否定形式是“名词+では（じゃ）ありませんでした”。\n','（１）昨日は　日曜日　でした。（昨天是星期日。）\n（２）おとといは　休み　でした。（前天是休息日。）\n（３）昨日は　雨　では　ありませんでした。（昨天没下雨。）\n（４）おとといは　曇り　じゃ　ありませんでした。（前天不是阴天。）\n\n',54),('A22FDBFD1673259E','07FF15161F8834D0','【表达及词语讲解】动词以外的敬语形式','第47课学习了表示尊他的动词形式，本课学习了表示自谦的动词形式。在使用敬语的时候，不只是动词，同一个句子里的一部分名词、形容词有时也要使用相应的敬语形式。下面是一些常用的名词和形容词的敬语形式。\n\n（１）尊他语\n在名词和形容词前家“お”或“ご”。日语固有词前一般家“お”，汉字词前一般加“ご”。\n名词：\nお食事　饭　　　お荷物　行李　　　ご利用　利用\nお手紙　信　　　お客様　客人　　　ご家族　家人\n形容词：\nお忙しい　忙　　　お元気　精神、精力充沛\nお若い　年轻　　　お暇　　闲暇\n\n◆　一度お会いしたいんですが、明日はお忙しいでしょうか。（我想见您一面，您明天忙吗？）\n◆　家を建てられたそうですね。お若いのに、立派ですね。（听说您盖自己的房子了。您还这么年轻，真能干啊。）\n◆　ご両親はお元気ですか。（您父母亲身体好吗？）\n◆　お暇なら、ちょっと手伝っていただきたいんですが。（您如果有空的话，想请您帮个忙。）\n\n（２）自谦语\n下面是一组普通说法和自谦语的对应形式。\n　普通说法　　　　　　自谦语　　　　普通说法　自谦语\n　　わたし　　　　私（わたくし）　　　会社　　　社\n　わたいたち　　私（わたくし）ども　　人　　　　者\n\n◆　私、李秀麗と申します。（我叫李秀丽。）\n◆　こちらは私どもの新しい製品でございます。（这是我们的新产品。）\n◆　帰ったら、すぐ社の者に資料を送らせます。（回去以后，马上让公司的人给您寄资料。）','◆　一度お会いしたいんですが、明日はお忙しいでしょうか。（我想见您一面，您明天忙吗？）\n◆　家を建てられたそうですね。お若いのに、立派ですね。（听说您盖自己的房子了。您还这么年轻，真能干啊。）\n◆　ご両親はお元気ですか。（您父母亲身体好吗？）\n◆　お暇なら、ちょっと手伝っていただきたいんですが。（您如果有空的话，想请您帮个忙。）\n\n\n◆　私、李秀麗と申します。（我叫李秀丽。）\n◆　こちらは私どもの新しい製品でございます。（这是我们的新产品。）\n◆　帰ったら、すぐ社の者に資料を送らせます。（回去以后，马上让公司的人给您寄资料。）',320),('A2D7D4A981E6CDA6','4A0DAFF88D198F32','当たり前','“当たり前”是名词，表示某事并不特别，很普通。这里的用法表示“是常有的事情”。课文中的意思是加班甚至节假上班是极其普通的事情。“当たり前”与“当然”“もちろん”（初级第15课）意思很相近，但是不能用于句首。','△残業や休日出勤をするのは当たり前でした。\n△当然、残業や休日出勤をしました。\n（当然加班加点甚至节假日上班。）\n×当たり前、残業や休日出勤をしました。\n',362),('A354E79664D1BE3C','670557250FD3D1A3','可能式','一类动词：基本形的最后一个音变成其え段上的音，再加上る。\n如：かく——かける　　いそぐ——いそげる　　とぶ——とべる\n\n二类动词：把基本形的る变成られる。\n如：食べる——食べられる　　寝る——寝られる\n\n三类动词：\nくる——こられる\nする——できる\n\n看一下下面的这个表格。第一行是“一类动词”，第二行是“二类动词”，第三行是“三类动词”；\n\n可能形式 　　　可能形式 　　　可能形式 　　　　　可能形式\n（基本形）　　 （ない形） 　　　　（た形） 　　　　　（なかった形）\n書ける 　　　　書けない 　　　書けた 　　　　　書けなかった\n食べられる 　　食べられない　 食べられた　　　 食べられなかった\n来られる 　　　来られない　　来られた　　　　　来られなかった\n注意：用“～ことができます”时动词前面的助词不发生变化，但使用可能形式时，动词前面的助词を变成が；\n李さんは日本語を話すことができます。\n李さんは日本語が話せます。\n','',244),('A3B51E657FD9B07D','81FE17AC5DBAE8EB','どうですか','“どうですか”是询问对方对某状态的意见或感想时的表达方式。如果询问的是现在或未来的事情时用“どうですか”，询问的是过去的事情时则用“どうでしたか”。另外“どうですか”有时还用于劝诱对方进行某动作。\n','（１）この　料理は　どうですか。（这个菜怎么样？）\n（２）京都は　どうでしたか。（京都怎么样？）\n（３）お茶、　どうですか。（您喝杯茶吧。）\nありがとう　ございます。（谢谢。）\n',56),('A3F09D15FD0A313F','4E8011325C560697','名は名ですか（疑问句）','相当于汉语的“～是～吗？”。助词“か”接在句尾表示疑问。日语的问句在句尾不使用“？”。回答时用“はい”或“いいえ”。','あなたは　小野さんですか。（您是小野女士吗？）&はい、小野です。（是的，我是小野。）&キムさんは　中国人ですか。（金女士是中国人吗？）&いいえ、中国人では　ありません。（不不是中国人。）',2),('A6FFF915FFA8FEED','AEEAE34F1DB019D5','一类形　なります','日语的一类形容词表示静止的状态，通常不表示变化。但是，可以用“一类形容词+なります”的形式来表示性质或状态的变化。其构成方式是把一类形容词的词尾“い”变成“く”，再加“なります”。\n','（１）だんだん暖かくなります。（天气渐渐转暖。）\n（２）携帯電話は小さくなりました。（手机变小了。）\n（３）パソコンは安くなりました。（个人电脑便宜了。）\n',104),('A8BA7E73E05B6D07','BE4E9B361FCEDE05','【课程讲解】年','口语中一般称“年齢”为“年”。日语汉字有时写作“歳”。△結婚しているかどうか、給料はいくらか、年はいくつかなどは普通は聞きません。\n\n但是，和数字一起表示年龄时，用“歳”而不用“年”，如“今年40歳になりました。（今年40岁了）”。手写时有时用汉字“才”代替“歳”。此外，“年”还可以构成“年を取ります（上年纪）”“年寄り（老年人）”等表达方式。','△わたしは兄と年が離れています。\n（我和哥哥年龄差距较大。）\n△彼とはあまり年が離れていません。\n（我和他年龄相差不大。）\n\n△母は最近年を取って、目が悪くなりました。（母亲近年来上了年纪，视力不好了。）\n△お年寄りには席を譲りましょう。（把座位让给老年人吧。）',344),('A98C5028BA2B81D9','AA201FD964F99EE4','延べ','计算1年中利用温泉的人又两种算法：第一种是计算人数，即同一人即使多次利用也只算作一人；第二种是计算人次，即计算利用温泉的人的次数，如果同一人利用温泉5次即算作5人次。“延べ～”是指第二种计算方法。\n','△利用者は1年間に延べ1億4千万人以上といわれている。\n（利用者据说一年达1亿4千万人次以上。）\n△この駅の1日の利用者数は延べ3万人です。\n（每天利用这个车站的乘客有3万人次。）',416),('A9B2F5C8D537B52F','75B3769B81DC332F','～を問わず','“～を問わず”的意思是“不论～”，通常用作书面语。如本课中那样，“を”前面大多使用“男女”“昼夜”等正反意义成对的词语。有时也用“～は問わず”的形式，招聘广告中一般使用“性別は問わず（不论性别）”的说法。\n','△男女を問わず、黒か濃い紺色、灰色の地味なスーツを指す。\n（是指不论男女都穿的黑色或者藏青色、灰色等素色套装。）\n△社員みんなが昼夜を問わず働いてくれたおかげで、納期に間に合った。\n（全靠职工们不分昼夜地工作，才赶上了交货时间。）',451),('AB06DBA8A2B91900','4E8011325C560697','名の名[从属机构、国家][属性]','助词“の”连接名词和名词，表示前面的名词是后面名词从属的机构、国家或属性。','李さんは   ＪＣ企画の　社員です。（小李是JC策划公司的职员。）\n北京旅行社は　 中国の　企業です。（北京旅行社是中国的企业。）\nデュボンさんは　大学の　先生です。（迪蓬先生是大学的老师。）',4),('AB7B2F1249CB09A0','6092F629D9151082','～～～よね　','第4课和第8课分别学习了主次“ね”和“よ”。这两个助词组成“よね”，表示提出自己的意见，以征求对方的同意。\n当说话人确信对方和自己的意见，想法完全相同时，只用“ね”，而说话人对自己的意见，想法没有足够的把握时用“よね”。\n','（１）手作りのギョーザの皮はおいしいですよね。（自己擀的饺子皮可好吃了。）\n（２）この傘は森さんのですよね。（这把伞是森先生的吧？）\n（３）小野さんもいっしょに行きますよね。（小野女士也一起去吧？）\n',119),('AB8556B0B6FC546B','FB672945F910447F','先ほどの方','日语中的“の”除了“わたしのかばん”这种表示领属的意思外（初级第2课），还表示许多其他的意思。省略掉动词，采用“名词+の+名词”的形式，也很多见。如“昨日の料理”就是“昨日作った料理（昨天做的菜）”或“昨日食べた料理（昨天吃的菜）”的意思。本课中“先ほどの方”的说法，就是“先ほど会った方（刚才碰到的那位）”或“先ほど手帳を落とした方（刚才掉记事本的那位）”的意思。由于“会った”“落とした”是动词，可直接后续“方”，而“先ほど”是名词，省略动词后需要加“の”再后续“方”。\n','△あのう、失礼ですが、先ほどの方じゃありませんか。\n△先ほどの質問にお答えします。[刚才被问到的问题]\n（回答刚才的那个问题。）',472),('AB966D252E489B2D','76BA20FE199B0157','…といっても','“小句（简体形式）＋といっても”“名词＋といっても”表示转折关系，意思是虽然大体上能够那样认定，但其实实质不一样。\n','△「はし」といっても、その形や材料は国や地域によって違う。\n△英語ができないといっても、日常会話は十分にできる。\n（虽说不会说英语，但是日常对话完全能应付。）\n△寒いといっても、コートを着る必要はありません。\n（虽说有点冷，但还是没有穿外套的必要。）\n△農村といっても、コンビニやスーパーもある。\n（虽说是农村，但也有便利店、超市等。）\n\n',389),('ABF045E29B2D58F4','623D73458E846EE7','动 ていきます／きます','“动词 て 形＋いきまう／きます”的形式有下面几种情况。\n\n（1）“〜ていきます／きます”表示以说话人为起点的移动的方向\n接在“帰ります”　“歩きます”　“走ります”　“泳ぎます”　“飛びます”　“乗ります”等表示移动的动词后面，“〜ていきます”表示由近及远的移动，“〜てきます”表示由远及近的移动。\n◆　李さんは急いで帰っていきました。（小李急急忙忙的回去了。）\n◆　ずいぶんたくさん人が乗ってきましたね。（上来这么多人啊！）\n\n（2）“〜ていきます／きます”表示一种独立的动作\n　　　——“て”前面的动词也表示一种独立的动作\n“〜ていきます／きますて”接在一部分动词后面时表示一种独立的动作。“动词 て 形＋いきます／きます”分别表示两个相继发生的动作。\n◆　去年、日本で歌舞伎を見てきました。（去年，在日本看了歌舞伎。）\n◆　疲れているんでしょう？ちょっと休んでいきなさい。（累了吧？歇会儿再走吧。）\n\n（3）“〜ていきます／きます”表示一种独立的动作\n　　　——“て”前面的动词表示动作主体的状况\n“〜ていきます／きます”接在一部分动词后面时表示一种独立的动作。“〜て”前面的动词表示“いきます／きます”的动作主体的状况。这里的“〜て”即是本课“语法解释 1”里的“〜て”。\n◆　子供を病院に連れて行きます。（带孩子去医院。）\n◆　明日お弁当を持ってきてください。（明天请带盒饭来。）\n\n（4）“〜てきます”表示循环性的动作\n在口语中，“〜てきます”常常用于描述说话人或其他人去了一个地方，然后又回到原来的场所的情况。\n◆　ちょっと手紙を出してきます。（我去奇封信就回来。）\n◆　ちょっと手を洗ってきます。ここで待っていてください。（我去洗洗手就来。情在这里等我。）\n','',251),('AC05725E2B74B9D0','FB672945F910447F','【课程讲解】また','连词“また”表示并列，常用于句首，在后面添加新的内容或新的观点。\n','△私鉄とは、JR以外の民間企業が経営する鉄道です。また、公営の鉄道は、地方自治体などが経営するものです。\n（私铁是指JR以外的民间企业经营的铁路。此外还有公营铁路，是地方自治政府等经营的。）\n\n',330),('AC47E1C1E1944770','6F88B7984B6E72AA','小句（简体形）と　思います','表示说话人的思考内容时，在句子后面加“と　思います”。“～と　思います”前的小句谓语必须是简体形。\n\n参考：\n“～と　思います”只能表示说话人的思考内容，但“～と　思いました”“～を　思っています”既可以表示说话人的思考内容，也可以表示说话人以外的人的思考内容。\n馬さんは　日本へ　行きたいと　思っています。（小马想去日本。）','（１）李さんは　もう　すぐ　来る　と　思います。（我想小李马上就来。）\n（２）田中さんは 来ない　と　思います。（我想田中先生不会来。）\n（３）この　本は　面白い　と　思います。（我觉得这本书有意思。）\n（４）日本は　きれいだ　と　思います。（我觉得日本很干净。）\n（５）明日は　いい　天気だ　と　思います。（我觉得明天会是个好天气。）\n',134),('AC812A1F372E7EAF','58D08E4B784D012F','【词汇表达】きょく（曲）　「名」　乐曲，歌曲；曲调，曲子','惯用表现：曲がない　/　无趣；乏味无聊；平庸无奈\n','',160),('ACFA253CAE479E43','4A0DAFF88D198F32','出世','“出世”是名词，意思相当于汉语的“出息”“发迹”，可以后续“する”作动词使用。通常指事业上的身份提升，如公司的科长、部长晋升为总经理；政治家晋升为大臣等。“出世の妨げ”意思是阻碍或干扰晋升的因素。\n\n','',371),('AD0DDB51B79ED57D','F3C87745CEF614B3','动ては　いけません','表示禁止时，使用“动词て形＋は＋いけません”。\n','（１）飛行機の中でタバコを吸ってはいけません。（飞机上不能吸烟。）\n（２）教室でものを食べてはいけません。（教室里不能吃东西。）\n（３）この部屋に入ってはいけませんか。（不能进这个屋子吗？）\n——はい、入ってはいけません。（是的，不能。）\n——いいえ、入ってもいいです。（不，可以进。）\n注意：对尊长一般不用“～てはいけません”而使用“～ないでください”。\n',89),('AD58B9B8D7C19938','53D9A724DD6F152C','【表达及词语讲解】おかげさまで','用于对对方的关心，惦念表示感谢时，可以只用“おかげさまで”也可以后续一些其他句子。\n','◆ 風邪はいかがですか。\nええ、おかげさまで、元気になりました。\n',291),('AD7CE810E79E9418','83F54A28D2A512CD','名[数量]+动','注意 \n询问数量时，在“何”的后面加量词，如“何個（多少个）”“何本（多少根）”“何冊（多少本）” 等。这里的“何”必须读作“なん”。\n总体来看，日语的量词比汉语的量词搭配范围更广泛，因而其用法相对简单些。如指动物时，大动物用“頭”，小动物用“匹”，没有汉语中的“条”“只”等。\n（１）この　動物園には　象が　二頭　います。（这个动物园内有两头大象。）\n（２）友達に　猫を　一匹　もらいました。（从朋友那里得到一只猫。）','（１）卵を　一個　食べます。（吃一个鸡蛋。）\n（２）本を　二冊　買いました。（买了两本书。）\n（３）緑茶を　三杯　飲みました。（喝了三杯绿茶。）\n（４）教室に　学生が　四人 います（教室里有四个同学。）\n（５）ガレージに　車が　五台　あります。（车库里有五辆车。）\n（６）引き出しに　鉛筆が　十本　あります。（抽屉里有十支铅笔。）\n（７）切手を　何枚　買いましたか。（买了多少张邮票。）\n',70),('AECF6A47E96536A7','4E8011325C560697','名は名ではありません','相当于汉语的“~不是~”。“では　ありません”的“では”，在口语中有时会发成“じゃ”。','王さんは　学生では　　ありません。　（王先生不是学生。）\nわたしは　日本人では　ありません。　（我不日本人。）\nわたしは　田中じゃ　　ありません。　（我不是田中。）\n',1),('AF50E24403E9C2A5','30F01CB5EF64C793','名　【场所】　で　动','动作的场所用助词“で”表示。需要注意，存在的场所和动作进行的场所在汉语里都用“在”来表示，但在日语里前者为“に”后者为“で”。\n','（１）李さんは　図書館　で　勉強します。（小李在图书馆学习。）\n（２）わたしは　コンビニで　お弁当　を　かいます。（我在便利店买盒饭。）\n（３）今日　どこ　で　新聞を　読みます。（今天，你在哪儿看报纸了？）',35),('AFED47FD0D946601','26EBFD4F2855CC56','名　や　名','第4课我们学习了相当于汉语“和”“跟”意义的助词“と”。助词“や”与“と”一样，也且于连接名词，两者的差异在于“と”用于列举所有的项目，而“や”用于只列举许多项目中的两项，相当于汉语的“～呀～什么的”。并且“や”常常和“など”呼应使用，构成“や…など”。','（１）吉田さんは　時々　中国や　韓国へ　行きます。（吉田先生有时去中国呀韩国什么的。）\n（２）森さんは　サッカーや　野球が　好きです。（森先生喜欢足球呀棒球什么的。）\n（３）わたしは　お店で　野菜や　果物などを　買いました。（我在店里买了蔬菜呀水果等等。）',60),('B0A5937D8A4C6658','4A0DAFF88D198F32','生活を送ります','“生活を送ります”是书面语，有使人感觉到时间流逝的语感。口语中多用“暮らします”。\n','△都会での時間に追われる生活を送ることをやめて、田舎に引っ越す人もいます。\n\n',376),('B102A78FEEEDDCB5','4A0DAFF88D198F32','フレックスタイム制度','“フレックス”是英语“flexible”的缩略形式。“フレックスタイム制度”也叫做“自由勤務時間制度”。在日本，上下班时间由各公司自行规定，通常从上午9点到下午5点或者从上午8点半到下午4点半，全体职员在规定的办公时间一起工作。但是，由于工种、岗位的原因，有的公司认为在上述时间以外工作更合适或者更能提高工作效率，因为采用上下班时间个人自由选择的制度。这种制度就叫做弹性工作时间制度，就是规定一定的总劳动时间，将上班和下班的时间交由职工自己决定的一种制度。\n\n','',367),('B108F6E0D21EB82A','4F6E7BE0063BF862','工夫','指多方考虑后获得的好办法。与汉语的“工夫”不同，没有“时间”的含义。\n','△さまざまな工夫の末、「発泡スチロール」が採用された。\n（在做了各种尝试后，最终选用了“泡沫塑料”。）\n△捨てようと思っていたのもでも、工夫して使えばもう一度使うことができる。\n（有时即使是打算扔掉的东西，只要动动脑筋就能够重新利用。）\n\n',406),('B2973185F1D926A6','AEA5C5F658F23202','名词 でも','用于举出几个选项中有代表性的一项，一般不用于表示过去时态的句子。\n','映画でも見に行きませんか。（去看电影怎么样？）\n運動でもしたらどうですか。（运动运动怎么样？）\nコーヒーでも飲みませんか。（喝点咖啡什么的怎么样？）\n×　私は昨日喫茶店でコーヒーでも飲みました。\n',238),('B2A9841D9CF44983','07FF15161F8834D0','自谦语的特殊形式','和尊他语一样，一些动词的自谦语也有特殊形式。\n\n参考：“知りません”的自谦语是“存じません”。\n','◆　明日、私がそちらへ伺います。（明天我去您那儿拜访。）\n◆　中国の北京から参りました。（我从北京来。）\n◆　コピーは私がいたします。（复印的事我来做。）\n◆　黄教授に論文を見ていただきました。（我请黄教授给我看了论文。）\n◆　案内状、拝見いたしました。（开业通知，我们已经拜读了。）\n\n',316),('B322973C1B05C6AD','01FDFF2EE6CDEAF8','【表达及词语讲解】楽しみます','表示盼望期待的心情。\n','▲時々孫に会うのが、父の楽しみです。（时不时见见孙子是父亲的乐趣。）\n',186),('B35002574668F47B','1D586D9D1E519F51','～といい','“动词基本型+といい”表示提议、建议等意思。这个表达方式含有做不做都可以的语气，与“～たほうがいい”意思相近（初级第21课），但是“～といい”显得语气更弱一些，听不听从建议都没有关系。而另一方面，“～たほうがいい”是向对方提出强烈劝告的表达方式，含有不那样做就不好的语气（中级第2课课文）。“～といい”作为提建议的表达方式，基本上是提供给对方不知道的信息，所以在会话中经常后续助词“よ”。礼貌的表达方式是“～するといいです（よ）”。其中的“いい”可以替换为“おもしろい”“役に立つ”等表示积极评价的词语。\n','△文の初めに「○○様」と相手の名前を入れるといい。\n（可以在正文的开头以“○○様”的形式写上对方姓名。）\n△よく眠れない場合は、運動をするといいよ。\n（如果无法入睡的话，可以运动运动。）\n△[菜谱]甘さが足りなかったら、クリームジャムを加えるとよい。\n（如果不够甜，可以加入奶油或果酱。）\n△株の取り引きはやってみるとおもしろいですよ。\n（试试炒股也很有意思哦！）\n\n',398),('B4C66BD3E6D1220E','5C0F074931E212CC','动[た形]　ほうがいいです','本句型用于在两种事物中进行选择时。否定表达形式为“动词ない形+ほうがいいです”。当建议对方做理想的动作，行为时，句尾多加“よ”。\n','（１）もっと野菜を食べたほうがいいですよ。（还是多吃点蔬菜好啊。）\n（２）そんなに慌てないほうがいいですよ。（别那么慌张啊。）\n（３）ホテルを予約したほうがいいですか。（饭店还是先预约为好吗？）\n',123),('B4EBDA745DB326E1','189BFFD6A80BE4F8','～ことから','这是说明事由的表达方式，所表示的因果关系不是说话人自己认为的，而是别人认为的或是一般的看法。有时“～ことから”还可以换成“～ところから”。\n','△とり肉と卵は親と子であることからついた名前だ。\n（这是缘于鸡肉和鸡蛋是母子关系而得名。）\n△親戚が多いことから、正月になると、我が家はたいへんにぎやかになる。\n（由于亲戚多，一到新年，我家就变得十分热闹。）\n\n',458),('B670E580A1078680','BE4E9B361FCEDE05','～ものです[感慨]','“小句（简体形式）+ものです”有表示说话人感叹的用法。它表示对事物的性质或变化很吃惊，或者与“よく”一起使用，表示对平常不会发生的事情的惊诧。另外，在前接“～ほしい”“～たい”时表示对愿望的强调。小句部分为二类形容词时，其形式为“二类形容词+な+ものです”。\n','△早いものですね。\n（时间过得真好快啊！）\n△1人でよく帰ってこられたものです。\n（你自己一个人还真摸回来了！）\n△平和な世界になってほしいものです。\n（真希望世界变得和平啊！）\n△休暇が取れたら、ゆっくり旅行したいものです。\n（如能获得休假，真想去好好旅游一下！）\n\n',482),('B7698737A5EE5952','4EA5515B4B6DC3FC','～までには','“～までには”跟“～までに”（初级第46课）相同，都表示某种行为，事情发生或完成的期限。加上助词“は”以后，有与后面的分句相区别的含义。“～までには”用于表示在特定的时刻发生某种行为。此外，还与“少なくとも～までには（至少在～～之前）”一样，有最低条件的含义。\n','△結果が出るまでには、長い年月が必要だろう。\n△今の子供が大人になるまでには、さまざまな研究が進んでいるだろう。\n（在现在的孩子长大成人之前，想必各个领域的研究都已经取得了进展。）',446),('B81512F5A4C5D111','4C3B7B4C3953368C','～である','用到名词A、B的表达方式“Aが（は）Bである”可以改写成“BであるA”的形式。这种表达方式常用语注释性地添加信息“Bである”，如“日本の首都である東京（日本首都东京）”。在表示限定修饰时，则一般使用“BのA”的形式。\n','△一方、伝統的な挙式形式である「神前結婚式」は、2005年には1994年の3分の1まで減少した。\n（另一方面，作为传统婚礼形式的“神前式婚礼”2005年减少到了1994年的三分之一。）\n△重病人である患者たちを、移動させることには反対です。\n（我反对转移重症患者。）\n△重病人の患者たちを移動させることには反対です。\n（我反对转移重症的患者。）\n\n',468),('B936D49B159FC005','FB672945F910447F','ついていけない','“ついていけない”是动词“ついていきます（赶上）”的可能形式“ついていけます”对应的否定形式“ついていけません”的简体形式。其本来的意义是“跟不上脚步”，后来引申为难以有相同的想法或行动。本课中的意思是，由于城市的变化太快，以至于不能很好地应对。\n','△変化が早くて、わたしたちもついていけないくらいです。\n（变化太快，甚至连我们都赶不上了呢。）\n△あの人の考え方にはついていけません。\n（那人的想法我可跟不上。）\n\n',478),('B95069D93A4A5014','53D9A724DD6F152C','动词、一类形、二类形+過ぎます','表示某种动作或事物的性质等超过了正常的量或程度。\n','◆昼ご飯を食べ過ぎました。（午饭吃多了）\n\n',289),('B9CD922F331938E7','623D73458E846EE7','【表达及词语讲解】遠く','第３１课学习了一类形容词词尾“い”变成“く”后可以用作副词，不过“遠く”“近く”属例外。它们一般不用来修饰动词，而是用作名词，分别表示“远处”“近处”的意思。\n','◆　今朝は霧がかかっているために、遠くまで見えないと思いますが。（今天早上有雾，我想可能看不远。）\n◆　近くに銀行はありませんか。（附近有银行吗？）\n',253),('B9EEB61CA74E6240','B3FF2B9DDC740413','【表达及词语讲解】まだ耳の奥に音楽が残っています。(耳边还回响着音乐)','在日语中“耳边”不能说“耳のそば”。\n正确的说法是：耳の奥。\n','',263),('BB02F1F2EE41738B','F3C87745CEF614B3','名[附着点]に　动','表示人或物体的附着点，即人或物体停留在交通工具或椅子上等时，附着点用助词“に”表示。\n','（１）小野さんは公園でボートに乗りました。（小野女士在公园里划了船。）\n（２）李さんは電車に乗りました。（小李上了电车。）\n（３）この椅子に座ってください。（请坐在这把椅子上。）\n（４）李さんはかばんに書類を入れました。（小李把文件放在包里了。）\n注意：这种情况绝对不能用“を”表示。“≠電車を乗ります。”“≠自転車を乗ります。”\n',90),('BB6F244AD1D323E9','AF2518D6F15596F5','小句　けど　小句　[转折]　[铺垫]','“けど”连接两个句子，表示转折，起着把两个句子归纳成一个句子的作用，用于口语。\n\n另外，“けど”还有不表示转折而表示铺垫的用法。\n\n来週　送別会を　するけど、都合は　どうかな？（下星期要开个欢送会，你时间方便吗？）\n\n','昨日の試験、どうだった？（昨天的考试怎么样啊？）\n――ちょっと　難しかったけど、まあまあ　できたよ。（有点难，不过都做出来了。）\n',130),('BBEE4ED33945ED7D','FB672945F910447F','【课程讲解】～化','“名词＋化”表示改变成该名词表示的那种状态，“化”多前接汉语词，如“近代化”“電子化”“高齢化”等，还可以前接外来词。由于表示变化的意思，所以既可以用作名词也可以后续“する”用作三类动词。\na','△世界で初めて実用化されたリニアモーターカーも国営です。\n（世界上首次实现商业运营的磁悬浮列车也是国营的。）\n△この村では近代化が進み、高層ビルが建設されています。\n（这个村的现代化水平不断提高，正在修建高层建筑。）',332),('BBF519CF2B9EB27A','A709A010A089416D','【表达及词语讲解】３０個は大丈夫ですよ','助词“は”接在数量词后面与肯定形式呼应使用时，表示该数量为最低限度。\n','▲ 小野さんが作ったギョーザだったら、30個は大丈夫ですよ。（要是小野做的饺子，我吃30个也没有问题。）\n▲ －－このカメラの修理はどのぐらいかかりますか。\n　－－そうですね、10日はかかりますよ。（修这个照相机要花多长时间？----恩，至少要10天。）\n',225),('BDDEEBC71525A1FA','A65B80B2369DA693','【表达及词语讲解】で／へ／から／まで／と＋の　','*接续：“の”后面接名词。\n*意义：译成汉语分别为“在…地方进行的”，\"用...做的”，“给/寄往/通向...的”“来自...的”，“同...进行的”等等。\n\n\n','①職場でのつきあい。（在职场上的交往。）\n②京都へのバス。（开往京都的巴士。）\n③ふるさとからのあいさつ。（来自家乡的问候。）\n④成功までの道。（通向成功的道路。）\n⑤先生との交流。（和老师的交流。）\n\n',301),('BDFD2B23782CAA92','AEA5C5F658F23202','小句１（简体形）なら、 小句 2','用于根据对方的言谈或交谈时的现场情况来陈述自己的意见或想法，以及向对方提出要求或忠告，“小句２”为判断，命令，提议等表示说话者主观立场的内容。“小句１”为形容动词和名词时要在词干后加上 なら。\n','天安門にいくなら、地下鉄が便利ですよ。（如果去天安门，坐地铁很方便。）\n－－今日は忙しいんですが。\n－－忙しいなら、いかなくてもいいですよ。 ( 忙的话不去也行 )\n今夜、もし暇なら、一緒に食事に行きませんか。\n－－会議の資料はどこですか。\n－－昨日のは知りませんが、今朝の会議の資料なら、机の上に置いておきました。\n彼が犯人でないなら、すぐ釈放（しゃくほう）してください。\n',237),('BE77E88C581D1B3B','6092F629D9151082','名　は　动[基本形]　ことです','当谓语部分的内容是一种动作，行为时使用这个句型。\n\n参考：“动词基本形+こと”可以起到和名词同样的作用。因此，也可以用名词或名词短语来代替。名词短语指下面例子中的“車の運転”这种形式。\n（１）小野さんは車を運転することができません。（小野不会开车。）\n（２）小野さんは車の運転ができません。（小野不会开车。）\n','（１）私の趣味は切手を集めることです。（我的爱好是集邮。）\n（２）王さんの特技は胡弓を弾くことです。（小王的特长是拉胡琴。）\n（３）森さんの夢は外国で働くことです。（森先生的理想是在外国工作。）\n',116),('BF81BD39E0A8650D','78AFF46B36DCBBC1','【表达及词语讲解】ハードスケジュール','由英语“hard schedule ”演变而来的外来词；表示计划要做的事情很多，实施起来很困难。\n','明日からハードスケジュールで、あちこち行きますまらね。（明天开始日程很紧张，要到处去转。）\n',218),('C0A3E9509606B6E6','4A0095AE1A34869A','形容词小句+名词','注意：形容词修饰名词时，不能加「の」。\n','入り口が広い＋あの建物　\nー＞入り口が広いあの建物\n\n操作が簡単です＋パソコン\nー＞操作が簡単なパソコン\n\n数学が専門です＋先生\nー＞数学が専門の先生\n',141),('C0E51371CA6B404F','623D73458E846EE7','【表达及词语讲解】も　[超出预想]','助词“も”有时可用来表示数量比事先预想的或应有的多时的心情。应用课文中在“２度（两次）”后面加“も”表示说话人觉得因为发生火灾而烧过两次实在太多了。\n','◆　天安門は、火事のために２度も焼けたことがあるんですよ。（天安门因为火灾烧毁过两次。）\n◆　今日は３リットルも水を飲みました。（今天喝了足有 3 升水。）\n',252),('C119A3CD97B4F722','8A6C251024771D43','だれかと思ったら','经常使用“疑问词+か+と思ったら”的形式表示“疑问词+か+分からなかったが”的意思。这个表达方式可以与各种疑问词一起使用，后项使用过去形式“～た”表示意外发现或察觉到某事物。\n','△だれかと思ったら、我々を迎えに来たガイドさんだった\n△いつかと思ったら、今日だった。\n（正想是什么时候呢，原来就是今天。）\n△何かと思ったら、古いぞうきんだった。\n（正纳闷是什么呢，原来是一条旧抹布。）\n△どうするのかと思ったら、いきなり走り出した。\n（正想着他会怎么做呢，他突然跑了起来。）\n\n',412),('C240FF6B6EC3DB0F','F5957C00A8B967C9','一类型て一类型[并列]','两个以上一类形容词并列使用时，使用一类形容词的“て形”。一类形容词的“て形”是将词尾“い”变为“くて”。\n\n“[一类形容词]て[一类形容词]”也可以用来修饰名词。\n軽くて暖かいコートを買いました。（买了一件轻巧而暖和的大衣。）\n','（１）ホテルの部屋は広くて明るいです。（宾馆的房间又宽敞又明亮。）\n（２）この本は安くておもしろいです。（这本书又便宜又有意思。）\n（３）このりんごは大きくて、甘くて、おいしいです。（这个苹果又大又甜，很好吃。）\n',92),('C2538249DA529B2A','6FC489150655EA99','今でも','“今でも”表示过去发生的事情现在仍然存在，一般使用“今でも～ます”的形式。“今でも”不表示某个期间，可以用于即时性的情形，如“今でも時々思いだします”（现在还时不时想起）。另外，还有“今も”的形式，不过“今も”比“今でも”要稍显正式一些。△紹興で飲んだ紹興酒の味は今でも覚えていますよ。\n\n此外，“現在でも”“現在も”与“今でも”“今も”意思虽然相同，但前者是书面语。另外，还使用“今まで～”的形式表示从过去到“现在”为止的期间，通常使用“今まで～ました”的形式提及过去的事情。例如，与“今も待っています”对应，如果说成“今まで待っていました”，则包含有“今はもう待っていません（现在已经不再等了）”的意思。\n△今まで故郷を離れて暮らしていました。\n（在此之前一直离开故乡生活。）\n△今まで優しくしてくれてどうもありがとうございました。\n（非常感谢你一直以来对我这么好。）\n\n','△父はわたしのことを今でも小さな子供のように思っています。\n（爸爸直到现在还把我当小孩子。）\n△京都には1000年以上前の建物が今でもたくさん残っています。\n（在京都，上千年以前的建筑物至今还大量保留着。）',496),('C2560351702E1F26','117F3F00E08406AC','上 / した / 前 / 後ろ / 隣 / 中 / 外','表示具体位置时，用“名词＋の＋上 / した / 前 / 後ろ / 隣 / 中 / 外。”\n\n注意：\n汉语说“椅子上”“桌子下”，而日语说“いすの上”“机の下”，“の”不能省略。','机の　上 に　猫が　います。（桌子上面有一只猫。）\n会社の　隣に　花屋が　あります。（公司旁边有花店。）\n猫は　箱の　中に　います。（猫在箱子里。）\n売店は　駅の　外に　あります。（小卖部在车站的外边。）',18),('C26F55A3EDF33DAF','01FDFF2EE6CDEAF8','【表达及词语讲解】～でいっぱい','表示某个场所或某个容器已达到饱和状态，不能再容纳更多的人或物。应用课文中指景点人多。\n','▲この季節は、どの行楽地も人でいっぱいですよ。（这个季节，任何一个景点都是游客爆满。）\n▲病院の待合室は患者でいっぱいです。（医院的候诊室挤满了病人。）\n▲灰皿がタバコの吸殻でいっぱいになりました。（烟灰缸里烟头满满的。）\n',188),('C2985BBAA88E92D3','C9CCCC54B256FC63','名[场所]を　动[经过][离开]','用助词“を”表示，常用的动词有“通ります”“渡ります”“過ぎます”等。此外，“を”与动词“出ます”“卒業します”等搭配使用时，表示离开的场所。\n','（１）この　バスは　駅前　を　通ります。（这趟公共汽车经过车站一带。）\n（２）この　道を　まっすぐ　行って、橋　を　渡って　ください。（顺这条路一直走，再过那座桥。）\n（３）李さんは　毎朝　7時に　家　を　出ます。（小李每天早晨7点离开家。）\n（４）わたしは　来年　大学　を　卒業します。（我明年大学毕业。）\n',80),('C29B86A1D01B67DC','83F54A28D2A512CD','名[场所]　动　に　行きます/ます','','（１）午後　郵便局　へ　荷物を　出し　に　行きます。（下午去邮局寄包裹。）\n（２）小野さんは　プール　へ　泳ぎ　に　行きます。（小野女士去游泳池游泳。）\n（３）李さんは　わたしの　家　へ　遊び　に　来ました。（小李来我家玩了。）\n',74),('C3A3444A5A591595','C8F844267ECA4F3A','名 は どこですか','用于询问存在的场所。','（１）トイレは　どこですか。（厕所在哪儿？）\n――あちら　です。（在那儿。）\n（２）あなたの　かばん　は　どこですか。（你的包在哪儿？）\n――私の かばん　は　ここです。（我的包在这儿。）\n',12),('C43E5FF1F2B2B8BB','F5957C00A8B967C9','动ています[结果状态]','“～～～ています”除了表示第15课所学的正在进行的意义（第15课语法解释1）以外，还可以表示动作结束后留下的结果状态。\n\n注意：对用表示结果状态的“～～～ています”提问的句子做否定回答时，使用“～～～ていません”。但是，对“知っていますか”做否定回答时必须使用“知りません”。\n（１）車を持っていますか。（有车吗？）\n——いいえ、持っていません。（不，没有。）\n（２）田中さんを知っていますか。（认识田中先生吗？）\n——いいえ、知りません。（不，不认识。）\n','（１）森さんは車を持っています。（森先生有辆车。）\n（２）私は北京に住んでいます。（我住在北京。）\n（３）田中さんを知っていますか。（认识田中先生吗？）\n',95),('C46A70ECDD588763','C9CCCC54B256FC63','「补充知识」すみませんが','「すみません」主要用于表示歉意，不用于表示谢意。相当于汉语的“对不起”的意思。\n','（１）どうもすみませんでした。（实在对不起了。）\n「すみませんが」或「すみません」还用于询问或求助于他人时作为打招呼的使用用语。相当于汉语的“劳驾”“请问”“麻烦您了”等意思。\n（１）すみません、駅はどこですか。（请问，车站在什么地方？）\n（２）田中さん、すみませんが、水を1杯ください。（田中君，劳驾了，请给我杯水。）\n（３）すみませんが、王さんをお願いします。（劳驾，请叫一下小王。）\n',85),('C4CC8A5177463E3D','BE4E9B361FCEDE05','【课程讲解】気持ちがこもっています','“こもります”的意思是充满某物而不外露。除“気持ち（心情）”外。还可以用“思い（情感）”“真心（诚心）”等。\n此外，“こもります”是自动词，还有用他动词“こめます”的表达方式，如“気持ちをこめます（满怀真情）”“思いをこめます（饱含情意）”等。','△気持ちがこもっているかどうかは、予想以上に相手に伝ってしまうものです。\n（问候是否发自内心，对方往往能分毫不差地感受到。）\n△手作りのお弁当にはお母さんの真心がこもっていますよ。\n（母亲亲手做的盒饭包含了她的一番心意噢！）\n\n△彼らは結婚のを祝いの気持ちをこめて歌を歌いました。\n（他们满怀对新婚的祝福心情唱了一首歌。）\n△遠く離れた家族への思いをこめて、手紙を書きました。\n（怀着对远方家人的思念，给他们写了一封信。）',348),('C550E65905B237B7','6FC489150655EA99','～にとって、～','接在表示人的名词及表示国家或组织的名词后，表示“从～立场来看，～”，的意思，如“わたしにとって、～”。\n\n拓展：\n～として与表示观点的“～にとって”不同，“～として”是站在同一角度，表示“处于～的立场”“属于～的范畴”的用法，可用于人以外的事物。用于跟人有关的场合时，主要接在表示职务、工作、性别等名词后面。“として”后续名词时需要加“の”，如“先生としての役割（作为老师的角色）”\n△困っている人を助けるのは、人間として当然のことです。\n（帮助有困难的人是做人的本分。）\n△わたしが親としていちばん気をつけていることは、子供の個性を尊重することです。\n（作为父母，我最为注意的是尊重孩子的个性。）\n△李さんは主任として、上海支社に赴任しました。\n（李小姐作为主任，到上海分公司赴任。）\n\n～としては前接表示人物或组织的名词，表示“从该角度考虑”。用“わたしとしては”代替“わたしは”时，强调自己的立场、态度，表示“作为我来说”的意思。\n△彼女としてはとても辛かったようです。\n（对她来说，似乎挺难受的。）\n△この絵は、子供としてはとても上手です。\n（作为孩子来说，这幅画已经画得很好了。）\n△わたしとしては（＝わたしは）、その案に反対です。\n（作为个人意见，我反对那个方案。）\n\n～にしたら／～にしてみれば／～にすれば前接表示人的名词，表示“对于该人来说”的意思。即表示从那人的角度考虑，结果有所不同。\n△大人には簡単でも、子供にしたら難しいでしょう。\n（即使对大人而言很简单，但对孩子来说也很难的吧。）\n△彼にしてみれば、こんな朝早く出かけるのは嫌でしょう。\n（在他看来，这么早出门是不大情愿的吧。）\n△張さんにすれば、今回の決定に不満があるだろう。\n（站在小张的立场，对这次的决定会有所不满吧。）','△わたしにとっては、初めての海外旅行でしたが、紹興で飲んだ紹興酒の味は今でも覚えていますよ。\n（对我来说那是第一次出国旅行，在绍兴喝的绍兴酒的味道我至今仍然记得呢。）\n△張さんにとって、仕事は人生のすべてではありません。\n（对小张来说，工作不是人生的全部。）\n△わたしたちの会社にとって、今回のプロジェクトはとても大切です。\n（对我们公司来说，这次的项目很重要。）',494),('C5BBF213A12C087E','4A0DAFF88D198F32','ほとん','“ほとんど”是表示“大部分”的副词，具有修饰动词的功能（初级第26课），意思是虽然不是全部，但几乎等同于全部。とんど来ませんでした。\n（他的音乐会几乎没人去听。）\n“ほとんど”还可以作名词使用，表示几乎等同于全部的数量。既可以用“ほとんどが～”的形式充当主语，也可以后续助词“の”修饰名词，如“ほとんどの人”。此外，意思相近的“だいたい（大体、大概）”也可以作副词和名词使用，作名词时可以后续“が”“の”“を”“に”等助词。\n','△わたしの金はほとんどなくなりました。\n（我的钱几乎都花光了。）\n△彼のコンサートにはお客がほ\n\n△これまでこの制度を利用するのはほとんどが女性でした。\n△ほとんどの学生が、朝ご飯を食べないで学校に来ます。\n（几乎所有学生都不吃早饭就来学校。）\n△説明書を読んで、たいだいのことは分かりましたが、細かい点についてはまだ疑問があります。\n（读了说明书后，大体上明白了，但在一些细节上还有疑问。）\n\n',370),('C5EADD8D6F71B9EA','B3FF2B9DDC740413','【表达及词语讲解】チケット　と　券','チケット是外来词，现在用得较多。\n券呢，多用来构成复合词，如：入場券等。\n','',262),('C5FC5553ADB42C45','BE4E9B361FCEDE05','【课程讲解】いくら～ても～','“いくらAてもＢ”的意思相当于汉语“无论如何努力做A，但即使那样还是B”。“いくら”后续动词“て形”加“も”的形式。表示同样意思的表达方式还有“いかにAてもB”“どんなにAてもB”“どれだけAてもB”。“いかにAてもB”比较正式，多用于书面语。△いくら丁寧な言葉であいさつしても、怖い顔をしていては、相手にいい印象を与えることはできません。\n','（无论用多么礼貌的语言问候，凶神恶煞的表情是不可能给对方留下好印象的。）\n△いくら早く答えても間違いがあれば合格できません。\n（回答得再快，错了还是不能及格。）\n△この店ではいくら料理を食べても1,000円です。\n（在这家店里，无论吃多少都是1,000日元。）△どんなに遅くなっても大丈夫です。\n（无论多晚都行。）△いかにフランス語がうまくても、フランス人には及びません。\n（法语说得再好，也赶不上法国人。）△どれだけ考えても、いい案が見つかりません。\n（无论怎么想也想不出好办法。）\n\n',345),('C68FBE449D39A69D','69D7BDD8AB305DA1','もともと','表示某事、某人或某种状况起始时的样子。类似的词语还有“元来”“本来”，但是比“もともと”的语气郑重而且正式。\n','△和語はもともと日本語にあった言葉で、漢語は中国語から取り入れられた言葉だ。\n（和语词是日本固有的词，汉语词是从中国引进的词。）\n△このバイオリンはもともと陳さんが使っていたものだ。\n（这把小提琴原本是陈先生使用的。）\n△彼女は元来とても穏やかな人だ。\n（她本是个相当温和的人。）\n\n',378),('C6E86883A937BBC5','30F01CB5EF64C793','“何”的读法','“何”相当于汉语的“什么”。根据后续音节的不同，读音发生相应的变化。其最基本的读音是“なに”，但在助词“の”以及量词前读成“なん”。在“で”前两种读法都可以。\n\n何（なに）　　　　　と　　　　何と　何を　買いますか。（你都买什么和什么？）\n何（なに）　　　　　が　　　　あそこに　何が　ありますか（那儿有什么？）\n何（なに）　　　　　を　　　　何を　食べますか。（你吃什么？）\n何（なに/なん）　　　で　　　　何で　会社へ　いきますか。（你怎么去公司？）\n何（なん）　　　　　の　　　　それは　何の　本ですか。（那是什么书？）\n何（なん）　　　时刻/星期等　　李さんは　何時に　来ますか。（小李几点来？）\n　　　　　　　　','何を　食べますか。（你吃什么？）\n李さんは　何時に　来ますか。（小李几点来？）\n何で　会社へ　いきますか。（你怎么去公司？）',34),('C77D291B75F08FDD','3809055A61E5137B','名は　一类形　です','日语的形容词分两类。其中，一类形容词是以“い”结尾的形容词，做谓语时要在后面加“です”。\n','（１）四川料理は　辛い　です。（四川菜很辣。）\n（２）あの　スープは　冷たい　です。（那个汤是凉的。）\n（３）この　お茶は　熱い　です。（这茶很烫。）\n',44),('C7E306F0A36EB9A8','3D1CD54A1EF98BF5','名は名に动（ら）れます','表示被害的被动句。\n','■ 小鳥が逃げました。（小鸟飞走了)\n■ 陳さんは小鳥にげられました。（老陈的小鸟飞走了。)\n■ 張さんは隣の人に夜遅くまで騒がれました。（邻居吵到很晚，小张(休息)受到了影响)\n■ 食事中，隣の人にタバコを吸われました。（吃饭的时假，旁边有人抽烟[我非常不愉快])\n\n',266),('C935A372AFEB887A','555BA4813C2BE35E','小句（简体形）そうです','表示信息不是源于自已的感知而是从别人那里听到的。提示来源时用：によると。\n','☆ 馬さんの息子さんは、今年小学校に入学するそうです。（听说小马的儿子今天上小学。）\n☆ 天気予報によると、明日はあめだそうです。（据天气预报说明天有雨。）\n☆ うわさによると、あの店のラーメンはおいしくないそうです。（听说那家店的面条不好吃。）\n\n“～そうです”没有过去，否定和疑问的形式。\n☆ 森さんは来週の土曜日は暇ではないそうです。（据说森先生下星期六没有空。）\n× 森さんは来週の土曜日は暇だそうではありません。\n',196),('C943B929B20E9AC5','32F0252F6526B44D','【表达及词语讲解】ぐっと[象声词]','本意表示动作急促，力度大，引申为变化的幅度大或动作迅猛。\n','商品のイメージがぐっとよくなって、消費者が安心して買えると思います。（商品形象要好得多，消费者就会放心购买。）\n\n',285),('C959522F512A74C6','4F6E7BE0063BF862','～（ら）れるようにしなければいけない','这个表达方式是由“～（ら）れる”“ようにする”“なければいけない”组合而来的。其中，“～（ら）れる”是动词的可能形式；“～ようにする”表示使之成为某种状态（初级第38课）；“～なければいけない”表示必要性（初级第19课）。“～なければいけない”还可以改换成多种形式，如“～なければならない”“～ないといけない”“～なくてはならない”“～なくてはいけない”等。日常会话中还用“～なくといけない”的形式。\n','△インスタントラーメンもフォークで食べられるようにしなければいけない。\n（方便面也必须要能用叉子吃。）\n△質問されたら、すぐに答えられようにしておかなければならない。\n（必须做好一旦被问道即能立刻回答上来的准备。）\n△免許証はいつでも見せられるようにしておかなければいけない。\n（执照必须准备好能随时出示。）\n\n',404),('CACEBC963A1B6810','76BA20FE199B0157','～による／～によって','“名词＋による／によって”有表示动作发出者（初级第41课）、信息来源（初级第32课）等多种用法。既可以使用“…によって＋谓语”的形式修饰谓语，也可以使用“…による＋名词”的形式修饰名词。本课中用于表示“不同情况”，多后续“違う（不同、有差别）”“変わる（变化、不同）”“いろいろだ（多种多样）”等表达方式。\n','△食べる時に何を使うかは、食事の内容や習慣によって違う。\n（用什么来吃饭，因食物或习惯不同而不一样。）\n△「はし」といっても、その形や材料は国や地域によって違う。\n（虽说都叫“筷子”，但其形状、材料因国家或地域不同而有差别。）\n△食事の内容による値段の違いはありますが、ツアーの行き先は同じです。\n（虽然根据餐饮的内容不同而价格有差别，但旅游目的地是相同的。）\n使用“动词＋か＋どうか＋によって”的形式也可以表示相同的意思。\n△林さんが行くかどうかによって、私もどうするか決めます。\n（我的对策依林先生去还是不去而定。）\n',386),('CBF7D5CF44032BC7','26EBFD4F2855CC56','“～から”和“だから”[原因、理由]','说明原因、理由时用助词“から”。“から”位于陈述原因、理由的小句的句尾。通常是在说明原因、理由之后再陈述结论，但有时也可以先陈述结论再说明原因、理由，不过无论是哪一种情况，“から”都须接在表示原因、理由小句的句尾。构成复句的句子我们称之为小句。\n\n“だから”是表示原因、理由的连词，意思相当于汉语的“所以”，其比较礼貌的说法是“ですから”。助词“から”构成表示原因、理由小句的一部分，而连词“だから”独立使用在结果的句子前面。\n（１）金さんは　やさいが　嫌いです。だから　あまり　野菜を　食べません。（金女士不喜欢蔬菜，所以不怎么吃。）\n（２）あしたは　休みです。ですから、こどもと　動物園へ　行きます。（明天休息，所以我跟孩子去动物园。）','（１）森さんは　お酒が　好きですから、毎日　飲みます。（森先生喜欢喝酒，每天喝酒。）\n（２）寒いですから、まどを　閉めます。（因为太冷了，我要把窗户关上。）\n（３）窓を　閉めます。寒いですから。（我要把窗户关上，因为太冷了。）',61),('CC3381670C51BDF7','69D7BDD8AB305DA1','～に基づいた～','“基”的意思是“基点”。表示依据某种判断或消息来源实施某种行为时使用“～に基づいた+名词”“～に基づいて+谓语”“～に基づく+名词”等表达方式。用于句尾时一般使用“～に基づいています”的形式。“～に基づいた～”和“～に基にした（基于～的～）”意思相同。而且，前接名词时“基づく”和“基づいた”的意思相同，所以本课中的用法也可以改成“中国語の発音に基づく読み方（依据汉语发音的读法）”。前接名词主要是表示信息内容的词，如“計画（计划）”“事実（事实）”“実話（实话）”等。这种表达方式用于书面语。\n','△音読みとは、昔の中国語の発音に基づいた読み方だ。\n（所谓音读，是指依据古代汉语发音的读法。）\n△これまでの経験に基づいて判断するのは間違っている。\n（基于此前的经验做出判断是不对的。）\n△今回の調査は法律に基づいている。\n（此次调查是依据法律进行的。）',379),('CCEA77F9CCABD975','C9CCCC54B256FC63','「补充知识」買い物します','日语中サ变动词（三类动词）是「する」其连用形为「します」。可以前接许多汉语词或外来语构成新的サ变动词。这种构成的サ变动词也可以用「名词をします」的形式。\n','（１）夏休みに旅行しました。（暑假旅游了。）\n（２）明日北京へ出張します。（明天去北京出差。）\n（３）毎朝ジョギングします（ジョギングをします）。（每天坚持慢跑。）\n（４）友達にファックスします。（给朋友发传真。）\n',82),('CD2161F6FF9ADA12','6DA21B8991604E64','名のような味／においがします','感觉到某种味道或气味时用“味／においがします（有味道／气味）”。\n\n注意：这里的“～します”绝对不能说成“～あります”即“✕においがあります”“✕声があります”。\n\n参考：另外，表示身体状况的词语也可以加在“がします”的前面使用，如“頭痛がします（头疼）”“寒気がします（感到发冷）”。\n◆　さっきから、ちょっと吐き気がするんです。（从刚才开始，觉得有点儿恶心。）\n\n','◆　この牛乳、変な味がするけど、いつ買ったの？（这牛奶有股怪味儿，你什么时候买的？）\n\n在这种表达的基础上，前面再加上本课所学的表示比喻的“～ようです”，就成为“～のような味／においがします”的形式。\n◆　この野菜、レモンのような味がしますね。（这菜有股柠檬的味道。）\n◆　このスープは、日本のみそ汁のようなにおいがします。（这汤有股日本酱汤的味儿。）\n\n除了“味／におい”之外，表示听觉的，如“声／音”，表示感觉的，如“感じ（感觉）”等也用“～がします”的形式，即“声／音／感じがします（有声音／感觉）”。\n◆　外で子供の声がします。（外面有孩子们的声音。）\n◆　外でずっと車の音がしていましたよ。（外面一直有汽车的声音。）\n◆　ここには昔来たことがある感じがします。（我觉得以前来过这里。）\n\n',306),('CD6BE0BE16C2666B','83F54A28D2A512CD','动词的“ます”形','第5课 “语法解释2”中学习了动词。我们把“働きます”“休みます”“起きます”“寝ます”等形式称做动词的“ます”形。这些动词的“ます”形去掉“ます”的形式，即“働き”“休み”“おき”“ね”等形式在以后的各种句型讲解中会经常用到，请大家注意。\n','ます型　　　　　去掉ます\n働きます　　　　はたらき\nやすみます　　　やすみ\n起きます　　　　おき\n寝ます　　　　　ね',73),('CD701E8E12A2D852','16B30FDBE23DBEC3','ね[缓和语气]','第4课我们学习了表示确认的“ね”（第4课“语法解释4”），“ね”也有舒缓自己的心情或想法并将之传达给对方的用法。如本课应用课文的“まず恋人が欲しいですね（我想先找一个男朋友）”以及“まじめで優しい人がいいですね（办事认真，温柔体贴的人呗）”就属于这种用法。\n','日本料理で何がいちばん好きですか。（你最喜欢吃什么日本菜？）\n—そうですね。やっぽりお寿司ですね。（嗯……还是最喜欢寿司。）\n',103),('CDBD97B2D1D3047C','3D1CD54A1EF98BF5','【表达及词语讲解】いやあ～','主要为男性使用。用于感到不好意思或情绪激动等。\n','▲ いやあ、参りましたよ。タクシーで帰ってきたんですが、渋滞に巻き込まれて。（哎呀！真倒霉！我坐出租车回来的，路上给堵住了。）\n▲ いやあ、小野さん、久しぶり。（哎呀，小野女士！好久不见。）\n',270),('CE42277DF25BCA34','4C3B7B4C3953368C','好み','表示个人的喜好或偏好。此外，“「人」＋好み”表示某人的喜好，“好み”要读作“ごのみ”。\n','△自分の好みで挙式のスタイルを決める人が多く、宗教で決める人は少数である。\n（许多人按照个人的喜好确定婚礼的形式，因宗教原因决定婚礼形式的只是少数。）\n△私の好みの男性は優しくてかっこいい人です。\n（我喜欢的男性是温柔而且帅气的人。）\n△このお菓子は田中さん好み味だと思う。\n（我想这种点心就是田中喜欢的那种味道。）\n',462),('CE9B4DBF65099E4C','FB672945F910447F','【课程讲解】“上り”和“下り”','“上り”是“上ります”去掉“ます”的形式，用作名词，表示“从低处往高处移动”；“下り”是“下ります”去掉“ます”的形式，做名词使用，表示从“从高处往低处移动”。\n这里的“上り”“下り”可以说反映了首都东京处于高点、其他地区较低的想法。东京近郊的“上りの電車”指开往东京方向的列车，“下りの電車”指从东京开往周边地区的列车。\n另外，和“上り”“下り”一样，部分动词的“ます形”去掉“ます”后的形式可以作为名词使用，如“行きはタクシーで行きます（去时坐出租车）”。另外还可以与名词结合在一起使用，如“東京行き（前往东京）”“雨降り（下雨天）”“通行止め（禁止通行）”。但是这种用法只适用于少数动词，而不是所有动词都适用。\n','△それは、「上り」「下り」という言葉です。\n（这称为“上行”“下行”。）\n△北京行きの航空便は1日に8便あります。\n（飞往北京的航班一天有8个。）\n\n',333),('CEE36F371DEEBCB5','15D73C404D384B32','【表达及词语讲解】拟声、拟态词 [惯用句]','ワンワン［副］（狗）汪汪（叫） 犬がワンワン鳴いています。\nザーザー［副］（雨）哗啦哗啦　　雨ザーザー降っています。\nすやすや［副］香甜地，安静地　　子供すやすや眠っています。\nくねくね［副］弯曲，弯弯曲曲　　道がくねくね曲がっています。\n','ワンワン［副］（狗）汪汪（叫） 犬がワンワン鳴いています。\nザーザー［副］（雨）哗啦哗啦　　雨ザーザー降っています。\nすやすや［副］香甜地，安静地　　子供すやすや眠っています。\nくねくね［副］弯曲，弯弯曲曲　　道がくねくね曲がっています。\n',234),('CEECDAFB872EEF49','58D08E4B784D012F','【词汇表达】おとしより（お年寄り）　「名」　老人，上年纪的人','惯用表现：年寄りの冷や水　/　老人不量力，不服老；（自嘲）不知道好歹\n','',159),('D0319578A9D3A405','BE4E9B361FCEDE05','その節','“その節”一般仅限于“その節はお世話になりました”“その節はありがとうございました”等提到前不久发生的事并表示感谢的场合。没有“あの節”“この節”的用法。\n','△その節はお世話になりました。\n（那时多亏了您的关照。）\n△その節は結構な物をいただきまして、ありがとうございました。\n（谢谢您那次送给我那么好的礼物。）\n\n',483),('D1A79DA427391733','07FF15161F8834D0','动 させていただきます','使用频率较高，自谦程度高于“お／ご～します”。其构成方式为在动词使役形式的“て形”后面加“いただきます”。\n◆　早速、資料を届けさせていただきます。（我这就把资料给您送过去。）\n◆　明日、もう一度連絡させていただきます。（请允许我明天再跟您联络一次。）\n\n非常礼貌的请求对方允许自己做某事时，可以使用“～させていただけますか”和“～させていただけませんか”两种形式。\n◆　頭が痛いんですが、帰らせていただけますか。（我头疼，能允许我回去吗？）\n◆　来週の水曜日、休ませていただけませんか。（下个星期三，我想休息一下，行吗？）\n','◆　早速、資料を届けさせていただきます。（我这就把资料给您送过去。）\n◆　明日、もう一度連絡させていただきます。（请允许我明天再跟您联络一次。）\n\n◆　頭が痛いんですが、帰らせていただけますか。（我头疼，能允许我回去吗？）\n◆　来週の水曜日、休ませていただけませんか。（下个星期三，我想休息一下，行吗？）\n',318),('D2D92378B529B963','76BA20FE199B0157','“れんげ”与“おわん”“茶わん”','“れんげ（汤匙）”是指吃中餐时使用的汤勺，是“散りれんげ（搪瓷汤匙）”的简略说法。因其形状如散落的莲花瓣而得名。\n“おわん（碗）”是指装汤汁儿的圆形而有深度的器皿。无论是陶瓷的、木制的还是塑料制成的，都称做“おわん”，但是用来盛酱汤的“おわん”多以木头或塑料制成。另外“茶わん（饭碗、茶杯）”以陶瓷制品居多，一般指盛饭用的圆形深底容器或喝茶用的器具。\n\n','',388),('D30EC6702C7B4478','8377D9FF6994BEB2','これ/それ/あれ は　名 です','（１）これは　本　     です。（这是书。）\n（２）それは　かばん　です。（那是包。）\n（３）あれは　テレビ　です。（那是电视机。）\n\n“これ”“それ”“あれ”是指示事物的词，相当于汉语的“这、这个”“那、那个”。汉语里有“这”“那”两种说法，而日语有“これ”“それ”“あれ”三种说法。其用法如下：\n\n（１） 说话人和听话人相隔一段距离，面对面时\n\n■ 距说话人较近的事物【说话人的范围、领域内的事物】\n■ 距听话人较近的事物【听话人的范围、领域内的事物】\n■ 距说话人和听话人都比较远的事物【不属于任何一方范围、领域内的事物】\n\n（２） 说话人和听话人位于同一位置，面向同一方向时\n\n■ 距说话人、听话人较近的事物\n■ 距说话人、听话人较远的事物\n■ 距说话人、听话人更远的事物\n','（１）これは　本　     です。（这是书。）\n（２）それは　かばん　です。（那是包。）\n（３）あれは　テレビ　です。（那是电视机。）',5),('D3251189AF5A7D66','C8F844267ECA4F3A','名 も 名 です','助词“も”基本相当于汉语的“也”。','（１）ここは　ＪＣ企画の　ビルです。（这里是JC策划公司的大楼。）\nあそこ も　ＪＣ企画の　ビルです。（那里也是JC策划公司的大楼。）\n（２）李さん は 中国人です。（小李是中国人。）\n張さん も　中国人です。（小张也是中国人。）\n（３）あなた も　中国人ですか。（你也是中国人吗？）',13),('D3CB52A76F3595B1','3D1CD54A1EF98BF5','【表达及词语讲解】～とも','接在数量词后，表示该数量的全部。数量词一般在１０以内。基本课文C中的“２日とも”的意思是“两天都～”。\n','▲ ２日とも雨に降られて、大変でしたよ。（两天都下雨，糟透了。）\n▲ 社員は３人いますが、今は３人とも出かけています。（工作人员共有3个人，现在3个人都外出了。）\n',269),('D3E626429851D656','4C3B7B4C3953368C','～のに対して','“小句（简体形式）+のに対し（て）”表示以某事物与另外一事物做对比。本课中，将“1994年”和“2005年”的各种婚礼形式所占比例做了对比。书面语中使用“小句（简体形式）+のに対し”的形式。接续方式方面，二类形容词小句使用“二类形容词+なのに対し（て）”，名词小句使用“名词+なのに対し（て）”“名词+であるのに対し（て）”等形式。\n','△1994年には「キリスト教式結婚式」が56.6%、「人前結婚式」が5.4%であったのに対して、 2005年では、それぞれ74.7％、12.6％に増えた。\n（1994年“基督教式婚礼”占56.6%，“人前式婚礼”占5.4%，与之相比，2005年分别增加到了74.7%和12.6%。）\n△1994年には「キリスト教式結婚式」が56.6%、「人前結婚式」が5.4%なのに対して、 2005年では、それぞれ74.7％、12.6％に増えた。\n△A社の商品はよく売れたのに対して、B社の商品はあまり売れなかった。\n（A公司的产品卖得非常好，相反，B公司的产品几乎没有卖出去。）\n△中国では座る人に向かってはしを縦に置くことが多いのに対し、日本でははしを座る人に向かって横に置くことが多い。\n（在中国，筷子相对于坐着的人大多竖着摆放，而在日本，筷子相对于坐着的人大多横着摆放。）\n△兄はおとなしく内向的なのに対して、弟はとても活発で外交的だ。\n（哥哥老实、内向，而弟弟则非常活泼、外向。）\n前接数量时，除了可以使用“であるのに対し（て）”的形式外，还可以直接使用“に対し（て）”前接数量词的形式。这种表达方式属于书面语。\n△去年の利用者500人に対して、今年の利用者はすでに1000人を超えた。\n（去年的使用人数是500人，而今年的使用人数已经超过了1000人。）',467),('D5ED7EB290C097EB','4C3B7B4C3953368C','～からといって～とは限らない','“小句（简体形式）＋とは限らない”表示部分否定，说明存在例外的情况。本课中，“キリスト教式で結婚式を挙げるからといって、キリスト教の信者であるとは限らない（虽然举行基督教式婚礼，但也不一定就是基督徒）”这个句子表示“キリスト教式で結婚式を挙げるからキリスト教の信者である（因为举行基督教式婚礼，所以是基督徒）”这样的因果关系有时候是不成立的。\n\n[拓展]\n\n～からといって～ない／～から～ない\n“小句（简体形式）＋からといって～ない”表示作为理由不一定成立，是对理由与结果之间关系的否定。然后，“～から～ない”则表示说话人做出“～ない”这个判断的理由。“小句（简体形式）＋から”后面使用包含“ない”的否定表达方式，表示在结果中含有否定。\n△森さんは、お酒を飲まないからと言って嫌いではない。\n（森虽说不喝酒，但并不讨厌酒。）（“不喝酒=讨厌酒”有时不成立）\n△森さんは、お酒を飲むから、お酒が嫌いではない。\n（森因为喝酒，所以不讨厌酒。）','△キリスト教式で結婚式を挙げるからといって、キリスト教の信者であるとは限らない。\n△日本人だからと言って、日本の文化に詳しいとは限らない。\n（并不一定因为是日本人就对日本文化很了解。）\n△20歳で成人になったからと言って、責任ある行動ができるとは限らない。\n（虽说到20岁就是成人了，但不一定因此就能做出负责人的举动。）\n',461),('D63882C5F88D5374','FB672945F910447F','“すっかり”与“ずいぶん”','副词“すっかり”表示变化的程度，用于综合性、整体性的变化。\n\n“ずいぶん”（初级第16课），如“ずいぶん歩きました”一样，也可以表示动作的量，或像“ずいぶん新しい”那样修饰形容词。而“すっかり”表示状态发生整体性变化，不能表示动作的量，如“すっかり歩きました”或修饰形容词“すっかり新しい”。所以，表示整体变成某种状态时，如“その約束をすっかり忘れていました（把那个约会忘得干干净净）”，可以用“すっかり”但不能用“ずいぶん”。\n','△空港がすっかり変わりましたね。驚きましたよ。\n（机场完全变了样子，真让人吃惊。）\n△病気はもうすっかりよくなりました。\n（病已经全好了。）\n△李さんにもらったあめはすっかりなめてしまいました。\n（小李给的糖全吃光了。）\n\n△街もずいぶん変わっていますよ。\n（街道变化也很大呢。）\n△ずいぶんたくさん買い物をしましたね。\n（你买了这么多东西呀！）\n△陳さんの病気はすっかりよくなりました。[100%痊愈了]\n（小陈的病全好了。）\n△陳さんの病気はずいぶんよくなりました。[好了80%～90%]\n（小陈的病已经好多了。）',477),('D6CF475586DFD661','FB672945F910447F','【课程讲解】“もの”的用法','“もの”和汉语的“的”一样，为避免词汇重复，用来代替前面出现的名词。本课中代替的是前面出现的“鉄道”，还含有“企业组织”“团体”等更为广泛的意思。\n','△公営の鉄道は、地方自治体などが経営するものです。[①]\n（公营铁路是地方自治政府等经营的。）\n△この資料は昨日お送りしたものとお同じです。[②]\n（这份资料和昨天寄给您的是相同的。）\n“の”也可以代替名词，“もの”有时可以变成“の”，有时不能，这点需要注意。①的“もの”不能变成“の”，一旦变为“経営するのです”，就难以区分到底是代替了名词的“の”还是句尾表示确认语气的“のです”（初级第24课）。②的“もの”指代具体事物，可以变成“の”，改成“この資料は昨日お送りしたものとお同じです”后意思不变。\n\n',331),('D776D2F982AFCAD0','BE4E9B361FCEDE05','【课程讲解】～ては/～では','“Aては B”这种说法表示出现不良情况A，就会出现B的情况或状态。这里的B使用消极评价的内容。接续方式可以是“动词て形＋は”“形容词て形＋は”“名词+では”。会话中有时把“ては”说成“ちゃ（あ）”把“では”说成“じゃ（あ）”。△いくら丁寧な言葉であいさつしても、怖い顔をしていては、相手にいい印象を与えることはできません。\n','△あんな人が教師では学生がかわいそうです。\n（那样的人做老师，学生可就惨了。）△交通がこんなに不便ではお客さんは来ないでしょう。\n（交通如此不便，客人也就不会来了吧。）\n△こんなに給料が安くては困ります。\n（工资这么少可不行！）\n△そんな大きな声を出しては近所迷惑です。\n（那样大声叫嚷，会打扰邻居。）\n△メンバーがそろわなくては、出発できません。\n（人员没到齐，不能出发。）\n\n',347),('D8DF4E68AF8F9124','8A6C251024771D43','にっこり','辨析：にこにこ／にっこり\nにっこり表示笑了一下，にこにこ可以用来表示经常微笑。\n\n拓展：“笑いかける”\n\n“笑いかける”表示“冲着某人笑”。类似的以“かける”结尾的常见词还有：\n△呼びかける／打招呼\n△話しかける／搭话\n△言いかける／对～说\n“～かける”表明动作是单向的，双向的则是“～合う”。','△彼女はいつもにこにこしている。\n（她总是面带微笑。）\n△彼女はにこにこして子供を見ている。\n（她微笑地看着小孩。）\n△赤ちゃんがにっこりと笑いかけてくれた。\n（小宝宝冲我一笑。）',414),('D904FCE8AEF728CF','58D08E4B784D012F','【词汇表达】さとう（砂糖）　「名」　糖，砂糖','あめ（飴）　「名」　糖，饴糖，麦芽糖\n赤砂糖（あかざとう）　「名」　红糖\n氷砂糖（こおりざとう）　「名」　冰糖\nキャンデー（candy）　「名」　糖果\n','',162),('D952567E83BA06D2','623D73458E846EE7','小句1 て＋小句2 / 小句1 ないで＋小句2','表示进行“小句 2”的动作主体处于“小句 1”的状态时，“小句 1”句尾使用“动词 て 形”或“动词 ない 形＋で”。\n\n以前我们曾经学过“〜て”的 ① 表示动作相继发生；② 表示并列；③ 表示原因、理由等连接动词的3种用法。在这些用法中，“〜て”前后的主语可以不一致。然而，本课学习的表示动作主体状况的“〜て”，其前后的主语必须一致。\n◆　春が過ぎて、夏が来ました。（春天过去，夏天来了。）[动作相继发生]\n◆　李さんが来てくれて、わたしはうれしかったです。（小李来了，我非常高兴。）[原因]\n\n','◆　眼鏡をかけて本を読みます。（戴着眼镜看书。）\n◆　手を挙げて横断歩道を渡ります。（举着手过人行横道。）\n◆　今日は傘を持たないで出かけました。（今天没有带伞就出门了。）\n\n“〜ないで”也可以说成“〜ずに”，“〜ずに”是古日语的残留形式，多用于书面语。\n◆　今日は傘を持たずに出かけました。（今天没有带伞就出门了。）\n',249),('D99E523AF7F6398C','0C1BB8EF80985A87','【表达及词语讲解】お元気そうで、何よりです[寒暄]','你看起来挺精神的，这比什么都强。\n','（用于朋友，熟人相隔一段时间后再会时，对初次见面的人不能使用）\n',210),('DA5C4691A1A6090A','C2824ED5B5E81097','名1は　名2より　一类形/二类形です','比较“名词1”和“名词2”，“名词1”比“名词2”更具有形容词所表示的性质时使用这个句型。\n程度的差异较大时用副词“ずっと”加以强调。\n（１）中国は　日本より　ずっと　広いです。（中国比日本辽阔很多。）','（１）李さんは　森さん　より　若いです。（小李比森先生年轻。）\n（２）中国は　日本　より　広いです。（中国比日本辽阔。）\n（３）上海は　北京　より　にぎやかですか。（上海比北京热闹吗？）',64),('DAB960B7114FF430','117F3F00E08406AC','ね【确认】','当说话人就某事征求听话人的同意时，句尾用助词“ね”，读升调。\n','あそこに　犬が　いますね。（那儿有一只狗啊。）\nこの　新聞は　林さんのですね。（这报纸是林先生的吧。）\n駅の　前に　銀行が　ありますね。（车站前面有家银行吧。）',19),('DADBD076E7842AF5','78AFF46B36DCBBC1','【表达及词语讲解】とっておきのお店','とっておきの+名词，表示为了某种场合或用途而特别留着的东西或场所。\n','これはとっておきの酒です。どうぞ。（这是我珍藏多年的酒，送给你）\n今日はパ－テい－があるから、とっておきのネクタイをしょう。（今天有联欢会，系上那条最好的领带吧。)\n',215),('DB50661D8BDDB559','DDC1F89951E9D2BE','【表达及词语讲解】 せっかく～のに','第３９课学习了“せっかく（特意）”，本课学习其与“のに”呼应使用的形式“せっかく～のに”。\n“せっかく～のに”表示对自己或对方的付出没有得到相应的回报或没有收到预期的效果而表示惋惜、遗憾的心情。\n\n','◆　せっかくアメリカに留学したのに、英語が上手になりませんでした。（煞费苦心去了美国留学，英语却没能学好。）\n◆　せっかく教えてあげたのに、彼は全部忘れてしまいました。（特意教了他，他却忘得一干二净。）\n◆　せっかく来てくれたのに、留守にしてすみませんでした。（您特意来一趟，我却不在，实在抱歉。）\n',280),('DB5C1DEEF4B61C1F','4A0DAFF88D198F32','1980年代','“～年代”与汉语相同，表示某个时期。如“1980年代”表示从1980年到1989年的十年时间。\n','△週休2日制は1980年代から企業に導入されてきました。\n（从20世纪80年代开始，双休日制度被引进企业。）\n另外，“20代”“30代”等使用“～代”的表达方式，表示人的年龄层。“10代”指10岁到19岁，“20代”指20岁到29岁。\n△10代の子供たちに、大人の生活習慣病が広がっています。\n（高血压、心脏病等成年人的生活习惯病正在蔓延到10多岁的孩子当中。）',365),('DBD6DB944B3FF9C7','785A27B8EF8FDE03','动词+なさい','比动词的命令形稍微客气一些。多用于老师对学生或者父母对孩子提出要求。其接续\n\n方式为动词“ます形”去掉“”加“なさい”\n',' ●質問に答えなさい。（回答问题！）\n　\n ●早くお風呂に入りなさい。（快去洗澡！）\n',171),('DBFB7C5AE44F9437','6DA21B8991604E64','名１＋らしい＋名２　[典型性]','第４４课学习了“～らしい”表示推测的用法。“～らしい”还可以用“名词 １＋らしい＋名词２”的形式，即接在“名词１”后表示“名词２”具有“名词１”的典型特征。这种情况下多与副词“いかにも”呼应使用。\n\n参考：如果“名词１”与“名词２”为同一个名词时，意思是“真正意义上的～”“像样的～”。\n◆　仕事らしい仕事はしたことがありません。（我没干过像样的工作。）\n◆　このごろ忙しくて、食事らしい食事をしていません。（最近很忙，没正经吃过一顿饭。）\n\n','◆　この着物はいかにも日本らしい柄ですね。（这件和服的花纹是典型的日本式。）\n◆　今日は春らしい天気です。（今天像是春天的天气。）\n◆　ナンキン路はいかにもシャンハイらしい所ですよ。（南京路是上海最具代表性的地方。）\n\n',303),('DC0789A5A317DC48','785A27B8EF8FDE03','名词1は名词／小句＋という＋名词2です','“～という”也可以用在给“名词1”下定义或对“名词1”做解释，这时候“名词2”多为“意味（意思）”等词语。\n\n这里的小句可以是“命令形”“简体形”或“简体形+な”\n','●このマークは　タバコを吸うなという意味です。（这个符号是“禁止吸烟”的意思。）\n\n●このマークは　ここで止まれ　という　意味です。（这个符号是“在这儿停下来”的意思。）\n\n●この標識は　駐車禁止　という意味です。（这个标识是“禁止停车”的意思。）\n',175),('DC97AC980B9301F9','AEA5C5F658F23202','小句１ば、 小句２','表示小句２ 成立必须满足小句１的事态产生条件。\n使用 “～ば ” 的句子，原则上句尾不能使用表示意志，希望命令， 请求的表达方式。不过，如果“小句１”的谓语为状态性谓语或者“小句１” 与 “ 小句２” 的主语不同时，则不受上述条件限制。\n','この大会で優勝すれば、オリンピックに出場することができます。\n李さんに聞けば、分かりますよ。\n部屋がもう少し、広ければいいのですが。\n雨が降らなければ、ハイキングに行きましょう。\n',236),('DCEA958AD35CB280','76BA20FE199B0157','…とされる','“小句（简体形式）＋とされる”意思是“（被认为是～）”（中级第3课课文），表示某事得到认同，从而被当作一般常识。用于书面语。\n“…とされている”与“…とされる”意思基本相同，但是“…とされる”含有“一般而言”的语气，在有特定信息来源时，一般使用“…とされている”。另外，叙述当前被认同的事实，而自己持有不同意见是多用“…とされている”。\n','△大皿から料理を取る時は、取りばしを使うのが、正式なマナーだとされる。\n（从大盘中取菜时，使用公筷被视为正规礼节。）\n△ガイドブックによると、日本人は朝食にご飯とみそ汁を食べるとされている。ところが、実際はパンを食べる人も多い。\n（旅行指南上说日本人一般早餐吃米饭、喝酱汤，然而，实际上吃面包的人也很多。）\n×ガイドブックによると、日本人は朝食にご飯とみそ汁を食べるとされる。ところが、実際はパンを食べる人も多い。\n△日本では2月14日のバレンタインデーは、女性が男性にチョコレートを贈る日だとされている。\n（在日本，2月14日的情人节被认为是女性向男性送巧克力的日子。）',393),('DD1B6D69990D789E','75B3769B81DC332F','～である','文体可以大致分为简体（不使用“です”“ます”）和敬体（使用“です”“ます”）两类（中级第6课会话）。用于书面语的简体，根据谓语的形式，可以分为“～た”和“～である”两种形式。“～た”用于与关系密切的人之间的谈话或者日记等；“～である”作为书面语比“～た”更正式，用于论文或者评论文等。“～である”的过去形式是“～であった”，礼貌表达形式是“～であります”，相比而言，“～であります”比“～です”要正式。\n','△会社の建物に入り、出るまでが採用試験である。\n△面接では初めの印象が大切である。\n（面试时第一印象非常重要。）',448),('DDA7ED617AC3F846','960EA683383B3BA6','～向け','“～向け”是从动词“向けます”衍化而来的名词，意思是“适合的”“恰当的”。另外还有从动词“向きます”衍化而来的“向き”。“～向け”与“～向き”意思大致相同，但是在使用上两者存在微妙差异。“～向け”用于某事物的策划、制作从一开始就设定好了目标对象的情况；而“～向き”表示一开始并未特意设定目标对象，但从结果来看被限定在了某些对象范围。用于句尾时用“～向けです”“～向きです”；后续名词时用“向けの～”“向きの～”；后续动词时用“向けに～”“向きに～”。此外，“向け”和“向き”一般前接与人相关的名词，但有时也用其他的名词。\n','△日本の漫画は、子供向けから成人向けまで、対象の年代ごとにさまざまな種類がある。\n（日本的漫画，从儿童到成年人，针对各种年龄层的漫画种类繁多。）\n△深夜のテレビ番組は多くが大人向けです。\n（深夜的电视节目大多是针对成年人的。）\n△子供向けの漫画でも、大人が楽しめるものも多い。\n（也有很多漫画，虽然面向儿童，但大人也同样喜欢。）\n\n',423),('DDF01AB1D45F7D72','4C3B7B4C3953368C','ある出版社','“ある＋名词”的表达方式表示不特定的人、事物、场所或时间等。常用于两种情况：一种是说话人知道具体情况但是故意不明说；另一种是说话人不十分清楚具体情况时采用的模糊陈述。\n','△このグラフは、ある出版社が首都圈の夫婦400組に対して行ったアンケートの結果をまとめたものである。\n（这个图表示某出版社以东京范围内400对夫妇为对象的问卷调查结果。）\n△この件については、ある人から教えてもらったのだが、誰だったか覚えていない。\n（关于这件事，是别人告诉我的，具体是谁记不得了。）',463),('DE4DF20352837F9E','81FE17AC5DBAE8EB','名　は　二类形　な　名　です','二类形容词修饰名词时，用“二类形容词+な+名词”的形式。\n','（１）奈良は　静かな　町です。（奈良是座很安静的城市。）\n（２）奈良は　にぎやかな　町ではありません。（奈良不是个热闹的城市。）\n\n',53),('DEDA4F018391D3B5','BE4E9B361FCEDE05','～ぶり','“ぶり”前接表示时间段的名词，是一种含有感叹语气的表达方式，表示离再次发生同样事情的时间较长，让人觉得已经过去那么长的时间。修饰动词使用“～ぶりに+动词”的形式；修饰名词使用“～ぶり+の+名词”的形式。“～ぶり”不能用于比“～日”更短的，如“～秒”“～分”“～時間”等时间单位。“～日”也只能用于两天以上，而不说“×1日ぶり”。如果时间较长，还可以使用“久しぶり（久违了）”（初级第33课）。\n','△佐藤さんといっしょに仕事をするのは、4年ぶりですね。\n（上次和你一起工作还是4年前嘛。）\n△3か月ぶりに、東京へ来ました。\n（时隔3个月再次来到东京。）\n△10年ぶりの寒さで、湖が凍りました。\n（由于10年一遇的严寒，湖水都结冰了。）\n',481),('DEE6E0EBE18BC77D','3D1CD54A1EF98BF5','名が/は动（ら）れます','事物做主语的被动句，主体一般是不确定的群体。\n','■ ２０１０年に上海で万博が開かれます。（２０１０年将在上海办世博会）\n■ ２０１０年の万博は上海で開かれます。（２０１０年的世博会在上海）\n■ 駅前に高いビルが建てられます。（车站附近建起了高楼）\n',268),('DEEAE44B7B8EBED8','4A0095AE1A34869A','【课文语法】用言是形容词时，要用形容词的简体形。','','入口很大的大楼：入り口が広い建物\n',143),('DF0E0675E10D3AA0','69D7BDD8AB305DA1','～という点から','“点”表示观点、方面等，和“こと”有相同用法，如“分からない点”可以替换为“分からないこと（不明白的事）”。另一方面，助词“から”表示起点，而且推断的起点也用“から”，如“そこから考えて（如此想来）”。“点”和“から”结合起来就变成了“～という点から”的表达方式，有“～という点から判断する（从～方面来判断）”“～という点から分類する（从～方面来分类）”等用法。另外，也可以表示判断方式，如“～という点で”使用“で”，意思是“依据～性质来判断”。\n','△日本語の単語を、元の言葉は何かという点から分類すると、～\n（日语词汇按词源划分，～～）\n△物価が高いという点から見ると、東京は暮らしにくい。\n（从物价高这点来看，东京生活起来不方便。）\n△フレックスタイム制度が導入されているという点からこの会社は魅力的だ。\n（就实行了弹性工作时间制度这点而言，这个公司对我很有吸引力。）\n△遅くまで開いているという点で、あの店は便利だ。\n（从营业到深夜这点来说，那家商店很方便。）\n',377),('DF5F96F28965F6BF','BE4E9B361FCEDE05','【课程讲解】お辞儀をし、～','口语中按事件发生的先后顺序叙述时，经常使用“～て、～”的形式（初级第14课）。书面语中一般不用“～て、～”，而用动词“ます形”去掉“ます”的形式连接。△深いお辞儀をし、相手の名刺をお辞儀をしながら受け取ります。\n（先深鞠一躬，然后躬身接过对方的名片。）△まずここにお金を入れ、次に１のボタンを押し、最後に２のボタンを押します。\n（首先在这里放入钱，然后按1键，最后按2键。）但是，当前一个动词和后一个动词的动作几乎同时发生或者一个动词修饰后一个动词时，通常使用“～て～”的形式。如“持って行きます（拿着去）”“歩いてきます”“帽子をかぶって出かけます（戴着帽子出门）”一般不能改为“持ちいきます”“歩き来ます”“かぶり出かけます”的形式。','',339),('DF7C6118981F3390','0C1BB8EF80985A87','【表达及词语讲解】～かしら','多为女性常用的助词，如果在没有听话人的情况下使用时，是一种吐露自己内心疑问的自言自语。如果有听话人，则为向对方发问。\n','森さんたちはもう来ているかしら——不知道森他们来了没有？\n',207),('E02395BF92199F92','58D08E4B784D012F','小句动词简体形+時','①小句是名词时：名词+「の」＋時\n子供の時、大きな地震がありました(我小时候,发生过大地震)\n②小句是动词时：动词基本形 時 或 动词た形 時\n日本に行く時、たくさんお土産を買いました(去日本的时候,买了许多礼物-表示去日本之前买的礼物)\n日本に行った時、たくさんお土産を買いました(去了日本的时候买了许多礼物-表示去日本之后买的礼物)\n③小句是形容词：形容词+時\n忙しい時、家族みんなで仕事をします(忙时全家人一起干活)\n④小句是形动词:形动词干 +「な」＋時\n暇な時、私は町で買い物をします(有空时我上街买东西)','子供の時、大きな地震がありました(我小时候,发生过大地震)\n\n日本に行く時、たくさんお土産を買いました(去日本的时候,买了许多礼物-表示去日本之前买的礼物)\n日本に行った時、たくさんお土産を買いました(去了日本的时候买了许多礼物-表示去日本之后买的礼物)\n\n忙しい時、家族みんなで仕事をします(忙时全家人一起干活)\n\n暇な時、私は町で買い物をします(有空时我上街买东西)',151),('E0F3E278A38189A7','8A6C251024771D43','やはり','“やはり”是“やっぱり”（初级第12课）的原形，“やはり”用于语气比较正式的书面语中。口语中多用“やっぱり”，但语气郑重时也用“やはり”。\n','△やはり同じ東洋人ということで、相通じるものがあるのかもしれない。\n（毕竟大家都是东方人，或许有些相通之处吧。）\n△最近の若者は、やはり和室より洋室を好むのではないか。\n（最近的年轻人，比起日式房间，终归还是喜欢西式房间，是吧？）',413),('E15D7F7B8E1758CE','E1550D35E9A6DAE3','【表达及词语讲解】～ていらっしゃいました','是「～ています、ていきます、てきます」的敬语形。\n','',312),('E2BBDA938B798CFC','58D08E4B784D012F','名で','助词で加在名词后面还可以表示原因、理由\n','仕事で、楊さんと会っていたんですよ。（因工作我和杨先生见面来着。）\n',155),('E3296EB9523627D7','5C0F074931E212CC','动ましょうか[提议]','用于提议对方和自己一起做某事或向对方提议自己为对方做某事。第17课学过的“～ませんか”“～ましょう”只表示提议对方和自己一起做某事（第17课语法解释4），而“～ましょうか”则另外还有向对方确认自己的提议是否可行的意思。因此，翻译时一般在其后加“好吗？”之类的词语，使语调柔和。\n\n参考：回答时，如本句型的意思为甲向乙提议为对方做某事时，则乙说“お願いします”。如本句型的意思为甲向乙提议双方一起做某事时，则乙说“はい、そうしましょう”或“いいですね”。反对或拒绝提议时则说“～ないでください”或“いいえ、ちょっと～”。\n（１）荷物を持ちましょうか。（我来帮你拿行李吧？）\n——はい、お願いします。（好的，拜托你了。）\n（２）窓を閉めましょうか。（关上窗子好吗？）\n——いいえ、閉めないでください。（不，请别关。）\n\n','（１）何か食べましょうか。（吃点什么吗？）\n',124),('E37A4F677411FEE5','53D9A724DD6F152C','【表达及词语讲解】何と言っても','表示从多种因素中着重选择一种。原意是“不管别人怎么说”。应用课文中的“何と言ってもおいしさです”表示“不管怎么说首先是要好喝”。\n','◆ ご主人のどこが好きですか。\n何と言っても、まじめで優しいところです。\n\n',292),('E3C3E783134C44E2','78AFF46B36DCBBC1','【表达及词语讲解】うわあ','表示看到某种事物时产生的感动或惊讶。\n','うわあ、きれいに焼いてありますね。（哇，烤得真好呀。)\nうわあ、ひどい事故ですね。（哇，多严重的事故呀。)\n',216),('E44B3C458A90147E','F3C87745CEF614B3','动て　います[正在进行]','表示动作或变化正在进行时，使用“动词て形＋います”。\n','（１）小野さんは今新聞を読んでいます。（小野女士现在正在看报。）\n（２）森さんは今仕事をしています。（森先生正在工作。）\n（３）太郎さんはコーヒーを飲んでいます。（太郎在喝咖啡。）\n',87),('E61073573621A168','83F54A28D2A512CD','名[时间]+动','表示时间数量的词语和动词一起使用时，说明动作、状态的持续时间。这时候表示时间数量的词语后面不能加“に”。\n','（１）李さんは　毎日　七時間　働きます。（小李每天工作7小时。）\n（２）昼　一時間　休みます。（中午休息1小时。）\n（３）森さんは　九時間　寝ます。（森先生睡9小时。）\n',71),('E7E4297EC0523582','4A0DAFF88D198F32','～（の）ではないか','“～（の）ではないか”表示说话人不完全肯定的语气，即尽管说话人自己认为是对的，但不知道自己的判断是否准确。通常用于以个人看法的方式提出建议，其接续形式为“简体形式（动词／一类形容词）+のではないか”“二类形容词+のではないか”“名词＋ではないか”。“～（の）ではないか”用于书面语。','△出世の妨げとなるのではないかと考える人が多かったからです。\n（这是因为，很多人认为这可能是妨碍晋升的因素。）\n△これは豚肉ではありませんか。[会话]（这不是猪肉吗？）\n△本当は楽しいんじゃないですか。[会话]（实际上不是很开心吗？）',372),('E7EEB6E732C9F38B','AF2518D6F15596F5','一类形容词谓语形式的简体形','注意：\n一类形容词的简体形与二类形容词以及名词不同，后面不能加“だ”。','そのカレー、おいしい？（那个咖喱饭好吃吗？）\n――ううん、あんまり　おいしく　ないよ。（不怎么样，味道不太好啊。）\n\n昨日の　試験　どうだった？（昨天的考试怎么样啊？）\n――ちょっと　難しかった。（稍微有点难。）',127),('E7FE40B17FA25BBE','4A0DAFF88D198F32','うち','“うち”原意是指自己所属的范围，因此常常用“うち”指代自己所属的组织、团体或家庭（初级第6课）等。本课中的意思是“我部门的青木主任”。','△うちの青木主任がちょっとお話をしたいと言っていました。\n（我们青木主任说想和您谈谈。）\n△うちの会社は北京に支社があります。\n（我们公司在北京有分公司。）\n',497),('E83FC26F8B0D830A','0C1BB8EF80985A87','【表达及词语讲解】それにしても','用于尽管认可了作为前提的某种状况或事项，但说话人仍有另外的感觉或者认识。\n\nそれにしても、大勢並んでいるわね——要说，这排队的人可真多啊。\n“大勢並んでいる”说的是机场的拥挤很正常，但今天的拥挤程度也太不寻常了。\n','－－森さん遅いですね。（森怎么这么晚呀）\n－－少し遅れると言っていましたよ。（他说要晚一点到）\n－－それにしても遅いですよ、もう三十分過ぎましたよ。(即便这样也太晚了，都已经过了30分钟了）\n上面这个例子表示尽管森说要晚到，但也实在太是晚了。\n',208),('E878AF31C6553C93','6092F629D9151082','疑问词+か','疑问词“いつ”“どこ”“だれ”等词后续“か”，表示“某时”“某地”等意思。\n','（１）部屋にだれかいますか。（房间里有人吗？）\n（２）部屋にだれがいますか。（房间里有谁？）\n“いつか”“どこか”“だれか”“何か”等本身并不表示疑问的意思，所以可用于陈述句。\n（１）冬休み、どこかへ行きたいです。（寒假想去个什么地方。）\n（２）おなかがすきましたね。何か食べましょう。（肚子饿了吧。吃点东西吧。）\n',118),('EA45E4F696D744F3','8A6C251024771D43','なんて','“なんて”常用于表达３种语气：\n①表惊讶\n△憧れのスターに会えるなんて、夢にも思わなかった。\n（居然能遇见仰慕的明星，真是做梦都没想到。）\n△彼がこんなことをするなんて、信じられない。\n（他居然会做这种事，真是难以相信。）\n②表轻视\n△千元くらいで自殺するなんて。\n（为了一千元钱就自杀。）\n△君なんて信じるわけではいかない。\n（像你这种人我怎么可能相信。）\n③表自谦\n△私なんてできないよ。\n（我怎么做得来嘛。）（表自谦时口语也说成“なんか”）','△憧れのスターに会えるなんて、夢にも思わなかった。\n（居然能遇见仰慕的明星，真是做梦都没想到。）\n△彼がこんなことをするなんて、信じられない。\n（他居然会做这种事，真是难以相信。）\n\n△千元くらいで自殺するなんて。\n（为了一千元钱就自杀。）\n△君なんて信じるわけではいかない。\n（像你这种人我怎么可能相信。）\n\n△私なんてできないよ。\n（我怎么做得来嘛。）（表自谦时口语也说成“なんか”）',409),('EB3AE1037A4672D0','6DA21B8991604E64','名 [时间]までに','“時間＋まで”表示动作持续的最后时间，如“３時までレポートを書きます（报告写到 3 点）”，意思是写的动作持续到３点。而在形式上与此相似的“時間＋までに”，则表示某种事态发生或完成的期间的终点，如“３時までにレポートを書きます（3 点以前完成报告）”表示完成报告的截止时间是 3 点。\n','◆　明日の９時までにこの書類を完成させなければなりません。（明天９点之前必须完成这份工作。）\n◆　今月の末までに、新しい家を見つけたいです。（在月底之前我想找到一处新房子。）\n◆　来月の初めまでに事務所開設の準備を済ませたいです。（下个月初之前，要完成开设事务所的所有准备工作。）\n\n',304),('EBACC626E7B3B1C3','6FC489150655EA99','寒暄','补充说明：\n主に営業を担当させていただきます。（我主要负责营销方面的工作）\n上海支社にきて、2年目です。（我来到上海分公司，这是第2年了）\n王は王様の王、風は風と書きます。（“王”是国王的王，“风”是风雨的风）\n広告やホームベージのデザインを担当しております。（我负责广告和网页设计）\n東京大学の2年生です。（我是东京大学2年级学生）\n中国の上海からきました。（我是从中国上海来的）\n\n寒暄：よろしくお願いします。（请多关照）\nこれからお世話になります。（往后请多费心）','はじめまして。（初次见面）\n对初次见面的人做自我介绍时一开始说的话。\n',489),('EC5C381970564FFA','16B30FDBE23DBEC3','动ましょう','把动词“ます形”的“ます”换成“ましょう”，可表示提议。\n','ちょっと休みましょう。（休息一下吧。）\nそろそろ行きましょう。（咱们快走吧。）\nいっしょにお茶を飲みましょう。（一起喝茶吧。）\n参考：“ましょう”的礼貌程度没有“ませんか”高。\n',101),('ECC5A0D2D0C6D836','4A0DAFF88D198F32','時間に追われます','汉语中有“和时间赛跑”的说法，但日语中时间追赶人的说法含有受到烦扰、损害的感觉，所以习惯上使用被动形式。本课中表达了繁忙都市人的感受，即总是很在乎时间，整天就像被时间追赶着跑似的生活。\n','△都会での時間に追われる生活を送ることをやめて、田舎に引っ越す人もいます。\n（还有的人放弃都市里与时间赛跑的紧张生活而选择移居乡下。）\n\n',375),('EF38E08E6097E1AB','76BA20FE199B0157','～をしている','“…＋名词＋をしている”是表示状态的表达方式。名词部分可以使用“形”“色”等名词，但其前面要有修饰词语，如“面白い形をしている（呈现有趣的形状）”“丸い形をしている（呈圆形）”“面白い形をしている”与“面白い形た”“かたちがおもしろい”等意思相同。表示颜色、形状时使用“…色をしている”的形式，“…”的部分使用表示颜色或形状的形容或者“名词＋の”的形式。\n','△韓国のはしは中国より少し短く、やや平らな形をしている。\n△あの雲は、動物のような形をしている。\n（那块云彩，形状跟动物似的。）\n△この間発見された鰻は全身が白い色をしていて、非常に珍しい。\n（最近发现的那条鳗鱼通体呈白色，非常罕见。）\n\n',392),('F07AFC327FC2A358','BE4E9B361FCEDE05','【课程讲解】～以上に','“动词（基本形／た形）+以上に”“名词+以上に”具有比较的意义，表示超出了作为基准事物的量或范围。常用于书面语，是比较正式的表达方式。前接动词基本形时，主句不能使用过去形式。\n','△気持ちがこもっているかどうかは、予想以上に相手に伝ってしまうものです。\n△わたしたちが予想する以上に人が集まったら、どうしましょうか。\n（到场的人数如果比预料的多，我们该怎么办呢？）\n×わたしたちが予想する以上に人が集まりました。△私たちが予想した以上に人が集まりました。\n（到场的人比我们预料的要多。）△思った以上に試験は難しかったです。\n（考试比预想的要难。）\n△上海は想像以上に近代化が進んでいます。\n（上海正以超乎想象的速度实现现代化。）\n△田中さんもまじめですが、山田さんは田中さん以上にまじめです。\n（田中工作很认真，而山田比田中工作更认真。）\n\n',349),('F0B76F7C5DB12515','53D9A724DD6F152C','小句(简体形)みたいです','与～ようです基本相同，表示根据说话人感知的某种情况进行推测。但小句(简体形)みたいです。不能用于书面语。\n','◆小野さんは森さんが好きみたいです。（小野好像喜欢森先生）\n',287),('F0D6170B0C5C25BE','FB672945F910447F','【课程讲解】都市と都市を結ぶ','“結ぶ”本意是“结绳”，后来意义引申了，不仅局限于物品，还广泛用于场所、事情及人际关系等，表示“连接”“建立关系”等意思。用于句尾时，使用“結んでいます”的形式表示状态。\n','△世界的に有名な新幹線もJRの路線の1つで、日本の主要な都市と都市を結んでいます。\n△靴のひもをきちんと結ぶ。[结绳]\n（把鞋带系紧。）\n△中国旅行は、わたしと妹を結ぶ大切な思い出です。[连结人际关系]\n（去中国旅行是将我和妹妹联系起来的最为珍贵的回忆。）\n△化石は、古い時代と現代を結んでいます。[确立时间的关联性]\n（化石连接着古代和现代。）\n\n',327),('F1A63BAD61E3AC7E','4A0DAFF88D198F32','突然ですが[铺垫②]','第1课学过用于铺垫的表达方式“失礼ですが”，“突然ですが”同样也是表示铺垫的表达方式。接下来要讲的内容比较重要，而对方对该内容可能会感到意外和吃惊时，出于为对方着想而使用这个表达方式。','△突然ですが、山田さん、この仕事をしてもらえませんか。\n（事情可能有点突然，但不知可不可以请你来做这项工作？）\n△突然ですが、私、会社を辞めることにしました。\n（你可能会觉得突然，我决定辞职了。）△突然ですが、明日出発することになりました。\n（事出突然，上面决定明天出发。）',503),('F2169C15CC06DE9D','39A948AC1B316420','は　【对比】','第一课学习了提示主题的助词“は”，“は”还可以表示对比。对比时“は”要略微发重一些。','小野さんは　今日は　休みます。（小野女士今天休息。）\n森さんは　毎朝　何時に　起きますか。（森先生，你每天早晨几点起床？）\n——いつもは　七時ごろです。（我一般是7点左右起床。）',26),('F2B18323633BEB32','BE4E9B361FCEDE05','【课程讲解】～か、～か、～','句尾带疑问助词“か”的疑问句可以作为小句或分句，用作句子的一部分（初级第23课）。不含疑问词的疑问句一般使用“～かどうか”的形式，而并列几项时有的只用“～か”的形式。含疑问词的疑问句使用“疑问词＋か”的形式，这时可以直接在疑问词后加“か”，如“どこか”也可以在小句后面加“か”，如“どこに行くか”。\n','△結婚しているかどうか、給料はいくらか、年はいくつかなどは普通は聞きません。\n（对方是否已经结婚、工资多少、年龄多大等，通常是不问的。）\n△飛行機のチケットは買ったか、ホテルの部屋は予約したか、確認してください。\n（请确认是否已买好机票，是否已预订宾馆房间。）\n△昨日どこへ行ったか、誰と会ったか、何をしたかなど、いろいろ聞かれました。\n（被询问了许多问题，诸如昨天去了哪里，和谁见过面，做过什么的等等。）',343),('F2F76E4B35B53709','76BA20FE199B0157','実に','“実に”表示“完全”“非常”等程度高的意思，是包含吃惊心情的表达方式，多直接用在被修饰词之前。“実に”是略显正式、郑重的说法，口语中多用“本当に”。“実に”与“実は”（中级第4课会话）形态近似，但是二者意思完全不同，注意不要混淆。\n','△同じ「はしを使う」文化でも、実にさまざまだ。\n（尽管同样是“使用筷子”的文化，却完全是各式各样。）\n△実にいいタイミングで彼が来た。\n（他来得正是时候。）\n△「金星」プロジェクトは、本当に難しい仕事ですよ。\n（“金星”项目实在是一项难做的工作哦！）\n\n',394),('F3773AB5DCA0E3E8','3D1CD54A1EF98BF5','【表达及词语讲解】巻き込まれて','“巻き込まれます”表示说话人被卷进某种不好的事情当中而受到了影响。动词“巻き込む”多以这种被动形式使用。应用课文中指受到堵车的影响。而“巻き込まれて”前面的消极事态用助词“に”表示。\n','▲ パリ行きの飛行機は大きな嵐に巻き込まれてしまいました。（飞往巴黎的飞机被卷入了剧烈的暴风雨中。）\n▲ あの会社の課長は汚職事件に巻き込まれて、辞職したそうです。（据说那家公司的科长因卷入贪污事件而引咎辞职。）\n\n\n',272),('F3CFE31690537957','58D08E4B784D012F','【词汇表达】「ご飯」与「めし」「ライス」','「ご飯」和「めし」只是文体上的区别，二者有做好的“米饭”和“进餐”之意。「めし」是男性用语、俗语。在文体上「めし」一定说「めしを食う」，「ご飯」一定说「ご飯を食べる」。「ライス」没有“进餐”的意思，只限于说做好的“米饭”，主要作为食堂用语使用。\n','',161),('F3E15FB894E21CF7','4F6E7BE0063BF862','～、～、～、～と','这是将“～というように”中的“いうように”省略后的表达方式。列举三个以上的名词或名词句时，用逗号隔开，并在最后一项后加上“と”。\n','△ガラス、紙、プラスチック、金属と、当時考えられるだけのものが集められた。\n（收集了玻璃、纸板、塑料、金属等当时能想到的所有东西。）\n△息子がいなくなったので、通っている学校、よくいく公園、仲がいい友達の家と、いろいろな場所を探してみたが、見つからなかった。\n（儿子不见了，他上学的学校、常去的公园、好朋友家等各种地方都找过了，但是没有找到。）',405),('F43C0DA49571ACA9','26EBFD4F2855CC56','名1は　名2が　一类形/二类形　です','“好きです”“嫌いです”“怖いです”等表达情感的形容词可以以“[名词1]は　[名词2]が　[一类形容词/二类形容词]　です”的句型使用。“名词1”表示情感的主体，“名词2”表示情感的对像。','（１）小野さんは　歌　が　好きです。（小野女士喜欢唱歌。）\n（２）王さんは　肉　が　嫌いです。（小王不喜欢吃肉。）\n（３）林さんは　犬　が　怖いです。（林先生害怕狗。）\n',58),('F472CE75A591ECBB','960EA683383B3BA6','やがて','表示某事物或状况出现变化或发展从而出现了别的状况或新局面。发生变化的时间不限，既可以是几分钟也可以是几年。\n','△やがて、最先端のデジタル技術を使ったアニメが映画館のスクリーンに登場し、…[几年]\n（后来，采用最新数码技术制作的动画电影登上了电影院的大屏幕，……）\n△部屋が暗くなって、やがて映画の上映が始まった。[一两分钟]\n（房间变暗了，不久电影开演了。）\n\n',430),('F47BD05922281FBE','4EA5515B4B6DC3FC','年々','“々”这个符号表示重复前面的汉字，因前面的汉字不同其读法，意义等也不同。重复读前面的汉字，如“年々”读作“ねんねん”。有时后面的读音还会变成浊音，如“日々（ひび）月々（つきづき）”。“年々”的意思是每经过一年就会出现那样的状态，与“毎年”和“年ごとに”等表示同样的意思。\n','△例えば、結婚年齢が遅くなる「晩婚化」の傾向は、年々強まっている。\n（例如，推迟结婚年龄的“晚婚化”趋势在逐年增强。）\n△世界の市場の状況は日々変化している。\n（世界市场的情况每天都在发生变化。）\n\n',443),('F4B3EC7C74C4A071','555BA4813C2BE35E','动（基本形/ない形）ことにします/ことにしました','表示说话人自已决定实施某种行为时使用。\n','☆ 明日から毎日 運動する ことにします。（我明天起每天做运动。）\n☆ 今日からお酒を 飲まない ことにします。（我决定从今天起戒酒。）\n☆ 明日、友達と映画を 見に行く ことにしました。（我明天和朋友去看电影。）\n☆ 広州へは飛行機で 行く ことにしました。（我决定坐飞机去广州。）\n☆ 今年の夏は旅行に　行かない　ことにしました。（我决定今年夏天不去旅行了。）\n',194),('F540EA4D948B1413','FB672945F910447F','【课程讲解】そこで','“そこで”是连词，用于补充某场景或状况出现之后产生的情况，尤其是常常用于补充新出现的必要的情况。本课中，此前一直在讨论日本铁路的话题，到此稍微改换一下角度，提出另一个话题。\n\n“それで”和“そこで”的用法十分相似，二者都可用于承接前述内容而导出其后的内容。但是，“それで”表示前述的内容是后述内容的原因或理由，而“そこで”表示出现了某事或某种状况，陈述与该状况密切相关的事情。本课中的“そこで”以前述内容为前提，提出“こんななぞなぞがあります”这一新情况进行介绍。与其相反，下面使用“それで”的这个例句，表明前述内容是形成这个谜语的原因。\n△東京に向かう路線を「上り」、地方に向かう路線を「下り」といいます。それで、こんななぞなぞができました。（开往东京方向的线路作“上行”，开往地方的线路称作“下行”。所以出现了这样一则谜语。）','△JRや私鉄の各路線では、運行の方向を表すのに特別な言葉を使っています。それは、「上り」「下り」という言葉です。…そこで、こんななぞなぞがあります。\n（在JR及私铁的各条线路上，为表明运行方向而采用特殊的词语，即“上行”“下行”。……于是，有这样一则谜语。）\n△道が分からなくて困りました。そこで、近くにいた人に教えてもらいました。\n（迷了路，不知如何是好。于是，向旁边的人打听。）',334),('F7655636EA3316B9','C832E4B02E7050D3','“に/で/へ/から/まで/と”＋は','第五课我们学习了助词“は”表示对比的意思。这时“は”既可以单独使用也可以加在“に”“で”“へ”“から”“まで”“と”的后面构成一种复合形式。\n','（１）わたしの　部屋には　電話が　ありません。（我的房间没有电话。）\n（２）韓国へは　行きました。中国へは　行きませんでした。（我去了韩国。没有去中国。）\n',32),('F770373ABCF80707','4F6E7BE0063BF862','～代わりに～／～代わって／～に代わる～','“代わる”本来是“替代”“代替”等意思，“代わり”是其名词形式。在实际使用当中，有时相当于汉语的“不是～而是～”等意思。“代わりに”前接小句的谓语简体形式或“名词+の”的形式，分别构成“小句（简体形式）+代わりに～”和“名词+の+代わりに～”的表达方式。与“名词+の+代わりに～”意思非常相近的还有“名词+に代わって～”。\n接体言の代わりに代替、表示一种事物取代另一种事物、或者作为其他事物或人的代理。','△相手はどんぶりを使う代わりに紙コップを使い、その中に砕いたインスタントラーメンを入れ、お湯を注いで、フォークで食べ始めた。\n（对方就用纸杯代替大碗，在里面放入掰碎的方便面，加入开水后用叉子吃了起来。）\n△手紙を出す代わりに電話をしました。\n（打了电话而不是写信。）\n△あなたの代わりに私が行きます。\n（发电子邮件而不是写信。）\n△鍋がなかったので、鍋の代わりにフライパンを使った。\n（因为没有过，就用平底锅代替了。）\n△鍋がなかったので、鍋に代わってフライパンを使った。\n\n',403),('F77B2CC264D666F8','53D9A724DD6F152C','小句(简体形)ようです 名+の+ようです。','表示根据说话人感知的某种情况进行推测。\n\n前面接名词时，用“名词+の+ようです”的形式。\n◆ 遠くから何か飛んできます。飛行機のようですね。\n--そのようですね。\n（什么东西从远处飞了过来，好像是飞机。--好像是。）\n\n','◆ 玄関のところにだれかいるようです。（门厅那里好像有人。）\n◆ エンジンが故障したようです。（好像是发动机出了故障。）\n◆ 店の前には行例ができています。あの店の料理はおいしいようです。（那个饭店前面排起了长队，看起来菜的味道不错。）\n\n◆ 遠くから何か飛んできます。飛行機のようですね。\n--そのようですね。\n（什么东西从远处飞了过来，好像是飞机。--好像是。）',286),('F841B6CFC45EF0BE','3D1CD54A1EF98BF5','【表达及词语讲解】参りました','用于遇到困难或麻烦而感到苦恼。应用课文中，表示堵车后森十分疲惫而苦恼的心情。\n','▲ 事故でもあったのかな、次の電車、なかなか来ないけど。\n　　－－－ええ、参りましたね、会議が始まってしまいますね。（是不是出了什么事故了？下一班电车还不来啊！--是啊，真糟糕！会议要开了。）\n▲ 参りましたよ。雨に降られて、びしょねれです。（真糟糕！被雨淋成个落汤鸡了。）\n\n',271),('F8DCB86B9A5675FE','F5957C00A8B967C9','名で名[并列]','两个以上的名词并列使用时，用“[名词1]で[名词2]”的形式。\n','（１）スミスさんは旅行会社の社員で、営業部の部長です。（史密斯先生是旅行社的职员，营业部部长。）\n（２）この機械は日中電気の製品で、中国製です。（这台机器是日中电器公司的产品，是中国制造的。）\n',94),('F92E2E20E9F7442C','785A27B8EF8FDE03','【表达及词语讲解】禁止,不希望','1.动词基本形+な\n2.动词+ないで\n3.动词+ないでください\n\n命令形,禁止形用的场所\n(这个大家可要注意一下啊,不然会给人留下粗鲁的印象奥)\n\n上司对下属,长辈对晚辈可以用命令形或禁止形(一般男性用)\n用于关系亲密的男性朋友间\n用于紧急场合(女性一般不用)\n观看体育比赛时,男女均可用\n用于引用别人的话或解释词语时,男女均可用\n','',177),('F94C31F3AB3A3D29','01FDFF2EE6CDEAF8','【表达及词语讲解】自言自语时的“な”','自言自语时，可在简体形后接续“な”表示感叹。由于是自言自语，因此不用于敬体形。“なあ”是将“な”的音拖长的说法，用于较强烈的感叹。\n','▲今日は本当に寒いな。（今天真冷啊。）\n▲ あっ、財布を忘れた！困ったなあ。（啊，忘了带钱包，这可糟糕了。）\n应用课文中，对于晚来的森，加藤用自言自语的形式表明自己接受了这一无可奈何的事实。\n▲ すみません、出かけようとした時に電話があったんです。\n----そうか。それじゃ、まあ、仕方ないな。\n（对不起，正要出门的时候，来电话了。-----是吗。恩，得，没辙。）\n',185),('F94D694D0C4814BF','1D586D9D1E519F51','～さえ～ば','“さえ”用于“～ば”等表示条件的小句中，表示后项成立的最低条件。\n','△注意点さえ理解しておけば、メールはとても便利なコミュニケーションの手段だ。\n（只要理解了这些注意事项，邮件就会成为非常便利的联系手段。）\n△お金と時間さえあれば、毎日演劇を見に行きたい。\n（只要有时间和钱，每天都想去看戏。）\n\n',395),('FA8E103C7CB8ED98','785A27B8EF8FDE03','名词1+という+名词2','提供对方不知道的新信息的时候，在表示新信息的词语后面要加“という”。下面几个句子里的“～という”分别表示听话人不知道的花名、地名以及人名。\n','●それはフジという花です。（那是一种叫做“紫藤”的花。）\n\n●わたしは東京の世田谷という所に住んでいます。（我住在东京一个叫做“世田谷”的地方。）\n\n●田中という名前は日本人の名前です。（“田中”这个姓是日本人的姓。）\n',174),('FAB3E90A8FE5F142','555BA4813C2BE35E','动（基本形/ない形）つもりです','表示说话之前已经形成的意志，打算。比と思います，更礼貌。～つもりです不可用于长辈或上级。\n','☆ 今度の日曜日に遊園地へ行くつもりです。（这个星期打算去游乐园。）\n☆ ボーナスで車買うつもりです。（打算用奖金买车。）\n☆ もうタバコは吸わないつもりです。（已经决定戒烟了。）\n',193),('FB23304116603428','26EBFD4F2855CC56','频率的副词','“いつも”“よく”“時々”“たまに”“あまり”“全然”等是表示频率的副词。“あまり”“全然”后面须接否定形式。','（１）わたしは　たまに　コンサートへ　行きます。（我偶尔去听听音乐会。）\n（２）李さんは　時々　映画を　見ます。（小李有时看电影。）\n（３）田中さんは　あまり　横浜へは　行きません。（田中先生不太去横滨。）',62),('FBDFE60760C3183D','1D586D9D1E519F51','～のうえで（の）','表示范围、状况时，使用“名词+のうえで（の）”的表达方式。名词部分使用“付き合い（交往）”“仕事（工作）”“生活”等日常生活常用的词语。“仕事のメール”可以解释为“传达工作内容的邮件”等多种意思，而“仕事のうえでのメール”的意思则是“工作上使用的邮件”。另外，“仕事上のメール”的意思是“工作上的邮件”。\n','△ただし、仕事のうえでのメールや目上の人に送る場合、いくつか気をてけなければならないことがある。\n（但是，如果是工作邮件或发给尊长的邮件，必须注意几点。）\n△生活のうえで何か困ったことがあったら言ってください。\n（生活上有什么困难请告诉我！）\n',400),('FC2343D49E8FE868','A65B80B2369DA693','【表达及词语讲解】～ていきます／きました','*接续：接在动词第二连用形后。\n*意义：表示从一段时间到另一段时间，某一动作一直持续或性质状态的变化一直在持续。变化的时间如果是从以前到现在，那就是用“～てきます”，如果变化的时间是从现在到以后，那就是用“～ていきます”。\n','①会社の売上が上がってきました。（公司的营业额一直在上升。）\n②休みの時間が減ってきました。（休息的时间减少了。）\n③頑張っていきます。（一直努力下去。）\n④進んでいきましょう。（继续做下去。）\n⑤これからもふえていくでしょう。（以后会继续增加下去吧。）\n',297),('FCBEF633376A7B28','4A0095AE1A34869A','动词（简体形）/小句+句词','动词或动词小句修饰名词，用动词的简体型。简体型包括：动词基本型,用于表示某种习惯或将要发生的动作；动词「た」型，已经发生的动作。「ない」型：表示否定。\n\n注意：[1]名词前不用敬体型 [2]名词前不能加「の」。\n','（１）これは明日会議で使う資料です。（这是明天开会用的资料。）\n（２）あれは森さんが今夜泊まるホテルです。（那是今晚森要入住的宾馆。）\n（３）あれは倒産した会社です。（那是一家倒闭的公司，倒産「とうさん」。）\n\n第（１）（２）小句，是表示将要发生的动作，所以用了动词的基本型，第三句，已经发生的动作，用了动词的「た」型。\n',138),('FEE5341898096634','89C37579C153161E','“異なる”与“違う”','“異なる”与“違う”都表示2个以上的事物各自不同。用于表示不相同的意思时，“異なる”多用于语气比较郑重、正式的句子或书面语中，“違う”则广泛用于书面语和口语中。另外，“違う”还有“错误”“不正确”等意思，而“異なる”不含“不正确”的意思。此外，在应答中常用“違う”，如“いいえ、ちがいます”。\n','△民族によって使用する言語が異なっている。\n（不同的民族使用的语言也不一样。）\n△それぞれの方言は発音も文法も語彙も大きく違っている。\n（各种方言的发音、语法、词汇都有很大差异。）\n△鈴木君、数学の試験の2問目、答えが違いますよ。\n（铃木，数学考试的第2题，答案是错的噢！）\n×鈴木君、数学の試験の2問目、答えが異なりますよ。\n\n',435),('FFA2DBE9BC7E4A68','58D08E4B784D012F','小句（简体形）でしょう？','①表示确认,确认对方比自己更为熟悉的事,要读升调\n李さん、明日　パーティーに行くでしょう(↑小李,你明天参加联欢会吧)\n②表示叮问,用于对方和自己意见不一或者叮问对方,读降调\nお母さん、私の日記、見たでしょう(↓妈,你是不是看我日记了?)\n','李さん、明日　パーティーに行くでしょう(↑小李,你明天参加联欢会吧)\n\nお母さん、私の日記、見たでしょう(↓妈,你是不是看我日记了?)\n',153),('FFB6F6390E2923E2','15D73C404D384B32','【表达及词语讲解】とにかく','“有很多，总之最，就是”的意思。\n呵呵，这样说大家可能不明白，我们看一下例句：\n','とにかく最初は言葉ガ通じなくて，とても困りました。（特别是一开始时语言不通，非常困难。）\n間に合うかどうか分かりませんガ，とにかく行きましょう。（来得来不及不知道，去了再说吧。）\n',233);
/*!40000 ALTER TABLE `jl_grammar` ENABLE KEYS */;
UNLOCK TABLES;

--
-- Table structure for table `jl_level`
--

DROP TABLE IF EXISTS `jl_level`;
/*!40101 SET @saved_cs_client     = @@character_set_client */;
/*!40101 SET character_set_client = utf8 */;
CREATE TABLE `jl_level` (
  `jl_level_id` char(32) COLLATE utf8_unicode_ci NOT NULL COMMENT '等级id',
  `jl_level_name` varchar(255) COLLATE utf8_unicode_ci NOT NULL COMMENT '等级名称',
  `jl_level_idnex` int(16) NOT NULL,
  PRIMARY KEY (`jl_level_id`)
) ENGINE=InnoDB DEFAULT CHARSET=utf8 COLLATE=utf8_unicode_ci;
/*!40101 SET character_set_client = @saved_cs_client */;

--
-- Dumping data for table `jl_level`
--

LOCK TABLES `jl_level` WRITE;
/*!40000 ALTER TABLE `jl_level` DISABLE KEYS */;
INSERT INTO `jl_level` VALUES ('2186DC5F869F0503','标准日本语初级',0),('338AB58F6AE26C42','标准日本语中级',1),('C9FEF61C9EF58CE8','标准日本语高级',2);
/*!40000 ALTER TABLE `jl_level` ENABLE KEYS */;
UNLOCK TABLES;

--
-- Table structure for table `jl_user_sentences`
--

DROP TABLE IF EXISTS `jl_user_sentences`;
/*!40101 SET @saved_cs_client     = @@character_set_client */;
/*!40101 SET character_set_client = utf8 */;
CREATE TABLE `jl_user_sentences` (
  `jl_user_sentences_id` char(32) COLLATE utf8_unicode_ci NOT NULL COMMENT '用户造句id',
  `jl_user_sentences` varchar(255) COLLATE utf8_unicode_ci NOT NULL COMMENT '用户造句',
  `jl_user_sentences_user_id` char(32) COLLATE utf8_unicode_ci NOT NULL COMMENT '用户造句绑定的用户id',
  `jl_user_sentences_grammar_id` char(32) COLLATE utf8_unicode_ci NOT NULL COMMENT '用户造句绑定的语法id',
  `jl_user_sentences_create_time` datetime NOT NULL COMMENT '创建时间',
  `jl_user_sentences_modify_time` datetime DEFAULT NULL COMMENT '修改时间',
  PRIMARY KEY (`jl_user_sentences_id`)
) ENGINE=InnoDB DEFAULT CHARSET=utf8 COLLATE=utf8_unicode_ci;
/*!40101 SET character_set_client = @saved_cs_client */;

--
-- Dumping data for table `jl_user_sentences`
--

LOCK TABLES `jl_user_sentences` WRITE;
/*!40000 ALTER TABLE `jl_user_sentences` DISABLE KEYS */;
INSERT INTO `jl_user_sentences` VALUES ('0FA042F6FB0F9CCB','fsfdsfdfdsfdsfdsfdss','F49F1D651D4432A0','AECF6A47E96536A7','2016-02-21 09:49:22','2016-02-21 09:49:22'),('53AE234203449A63','3343','F49F1D651D4432A0','61AAEC76518EF436','2016-02-18 18:48:14','2016-02-18 18:48:14'),('581A508AD55D9AAC','ssss','F49F1D651D4432A0','61AAEC76518EF436','2016-02-18 18:48:34','2016-02-18 18:48:34'),('650E489B9F09B2C0','sdfdsf','F49F1D651D4432A0','AECF6A47E96536A7','2016-02-20 13:04:22','2016-02-20 13:04:22'),('69031D078E757D00','1121','F49F1D651D4432A0','61AAEC76518EF436','2016-02-18 18:48:14','2016-02-18 18:48:14'),('9364454E751ACB3D','dfffffffffffffffffffffffffffffffffffff','F49F1D651D4432A0','AECF6A47E96536A7','2016-02-20 13:11:20','2016-02-20 13:11:20'),('93C3BB0792A6D4C1','dddd','F49F1D651D4432A0','61AAEC76518EF436','2016-02-18 18:48:34','2016-02-18 18:48:34'),('9E8611DC23915675','1111111111111','F49F1D651D4432A0','AECF6A47E96536A7','2016-02-20 13:14:15','2016-02-20 13:14:15'),('B13C6B88BC34A42E','sdfdssssssssssssssssssssssss','F49F1D651D4432A0','AECF6A47E96536A7','2016-02-20 13:09:24','2016-02-20 13:09:24'),('D2BD556B4E380610','ddd','F49F1D651D4432A0','AECF6A47E96536A7','2016-02-20 13:08:15','2016-02-20 13:08:15'),('E0E88150FEABA1EF','2232','F49F1D651D4432A0','61AAEC76518EF436','2016-02-18 18:48:14','2016-02-18 18:48:14'),('E598D5DDBCD4250A','sd','F49F1D651D4432A0','61AAEC76518EF436','2016-02-18 18:50:03','2016-02-18 18:50:03'),('F601B331414BD9A9','dfdf','20CDEAA35241B89B','61AAEC76518EF436','2016-09-03 10:20:38','2016-09-03 10:20:38');
/*!40000 ALTER TABLE `jl_user_sentences` ENABLE KEYS */;
UNLOCK TABLES;
/*!40103 SET TIME_ZONE=@OLD_TIME_ZONE */;

/*!40101 SET SQL_MODE=@OLD_SQL_MODE */;
/*!40014 SET FOREIGN_KEY_CHECKS=@OLD_FOREIGN_KEY_CHECKS */;
/*!40014 SET UNIQUE_CHECKS=@OLD_UNIQUE_CHECKS */;
/*!40101 SET CHARACTER_SET_CLIENT=@OLD_CHARACTER_SET_CLIENT */;
/*!40101 SET CHARACTER_SET_RESULTS=@OLD_CHARACTER_SET_RESULTS */;
/*!40101 SET COLLATION_CONNECTION=@OLD_COLLATION_CONNECTION */;
/*!40111 SET SQL_NOTES=@OLD_SQL_NOTES */;

-- Dump completed on 2016-09-03 12:42:12
